wt_aa;position;mt_aa;ClinVar_ClinicalSignificance;Gold_Stars;NumberSubmitters;Starred_Coarse_Grained_Clin_Sig;frequency_gv2;frequency_gv3;evolutionary_index_ASM;EVE_scores_ASM;uncertainty_ASM;EVE_classes_10_pct_retained_ASM;EVE_classes_20_pct_retained_ASM;EVE_classes_30_pct_retained_ASM;EVE_classes_40_pct_retained_ASM;EVE_classes_50_pct_retained_ASM;EVE_classes_60_pct_retained_ASM;EVE_classes_70_pct_retained_ASM;EVE_classes_80_pct_retained_ASM;EVE_classes_90_pct_retained_ASM;EVE_classes_25_pct_retained_ASM;EVE_classes_75_pct_retained_ASM;evolutionary_index_BPU;EVE_scores_BPU;uncertainty_BPU;EVE_classes_75_pct_retained_BPU;BS1;PM2;PM5;PP5;BP6;b_model;p_model;b_acmg_model;lb_acmg_model;lp_acmg_model;coarse_clinical_significance_post;clinical_significance_post;model_disagreement;CV_label_and_model_combined_with_other_evidence_disagreement;starred_label_and_model_disagreement;starred_label_and_model_combined_with_other_evidence_disagreement
M;1;A;;;;;;;;;;;;;;;;;;;;;;;;;False;False;False;False;False;False;False;False;False;False;;;False;False;False;False
M;1;C;;;;;;;;;;;;;;;;;;;;;;;;;False;False;False;False;False;False;False;False;False;False;;;False;False;False;False
M;1;D;;;;;;;;;;;;;;;;;;;;;;;;;False;False;False;False;False;False;False;False;False;False;;;False;False;False;False
M;1;E;;;;;;;;;;;;;;;;;;;;;;;;;False;False;False;False;False;False;False;False;False;False;;;False;False;False;False
M;1;F;;;;;;;;;;;;;;;;;;;;;;;;;False;False;False;False;False;False;False;False;False;False;;;False;False;False;False
M;1;G;;;;;;;;;;;;;;;;;;;;;;;;;False;False;False;False;False;False;False;False;False;False;;;False;False;False;False
M;1;H;;;;;;;;;;;;;;;;;;;;;;;;;False;False;False;False;False;False;False;False;False;False;;;False;False;False;False
M;1;I;;;;;;;;;;;;;;;;;;;;;;;;;False;False;False;False;False;False;False;False;False;False;;;False;False;False;False
M;1;K;;;;;;;;;;;;;;;;;;;;;;;;;False;False;False;False;False;False;False;False;False;False;;;False;False;False;False
M;1;L;;;;;;;;;;;;;;;;;;;;;;;;;False;False;False;False;False;False;False;False;False;False;;;False;False;False;False
M;1;M;;;;;;;;;;;;;;;;;;;;;;;;;False;False;False;False;False;False;False;False;False;False;;;False;False;False;False
M;1;N;;;;;;;;;;;;;;;;;;;;;;;;;False;False;False;False;False;False;False;False;False;False;;;False;False;False;False
M;1;P;;;;;;;;;;;;;;;;;;;;;;;;;False;False;False;False;False;False;False;False;False;False;;;False;False;False;False
M;1;Q;;;;;;;;;;;;;;;;;;;;;;;;;False;False;False;False;False;False;False;False;False;False;;;False;False;False;False
M;1;R;;;;;;;;;;;;;;;;;;;;;;;;;False;False;False;False;False;False;False;False;False;False;;;False;False;False;False
M;1;S;;;;;;;;;;;;;;;;;;;;;;;;;False;False;False;False;False;False;False;False;False;False;;;False;False;False;False
M;1;T;;;;;;;;;;;;;;;;;;;;;;;;;False;False;False;False;False;False;False;False;False;False;;;False;False;False;False
M;1;V;;;;;;;;;;;;;;;;;;;;;;;;;False;False;False;False;False;False;False;False;False;False;;;False;False;False;False
M;1;W;;;;;;;;;;;;;;;;;;;;;;;;;False;False;False;False;False;False;False;False;False;False;;;False;False;False;False
M;1;Y;;;;;;;;;;;;;;;;;;;;;;;;;False;False;False;False;False;False;False;False;False;False;;;False;False;False;False
A;2;A;;;;;;;;;;;;;;;;;;;;;;;;;False;False;False;False;False;False;False;False;False;False;;;False;False;False;False
A;2;C;;;;;;;;;;;;;;;;;;;;;;;;;False;False;False;False;False;False;False;False;False;False;;;False;False;False;False
A;2;D;;;;;;;;;;;;;;;;;;;;;;;;;False;False;False;False;False;False;False;False;False;False;;;False;False;False;False
A;2;E;;;;;;;;;;;;;;;;;;;;;;;;;False;False;False;False;False;False;False;False;False;False;;;False;False;False;False
A;2;F;;;;;;;;;;;;;;;;;;;;;;;;;False;False;False;False;False;False;False;False;False;False;;;False;False;False;False
A;2;G;;;;;;;;;;;;;;;;;;;;;;;;;False;False;False;False;False;False;False;False;False;False;;;False;False;False;False
A;2;H;;;;;;;;;;;;;;;;;;;;;;;;;False;False;False;False;False;False;False;False;False;False;;;False;False;False;False
A;2;I;;;;;;;;;;;;;;;;;;;;;;;;;False;False;False;False;False;False;False;False;False;False;;;False;False;False;False
A;2;K;;;;;;;;;;;;;;;;;;;;;;;;;False;False;False;False;False;False;False;False;False;False;;;False;False;False;False
A;2;L;;;;;;;;;;;;;;;;;;;;;;;;;False;False;False;False;False;False;False;False;False;False;;;False;False;False;False
A;2;M;;;;;;;;;;;;;;;;;;;;;;;;;False;False;False;False;False;False;False;False;False;False;;;False;False;False;False
A;2;N;;;;;;;;;;;;;;;;;;;;;;;;;False;False;False;False;False;False;False;False;False;False;;;False;False;False;False
A;2;P;;;;;;;;;;;;;;;;;;;;;;;;;False;False;False;False;False;False;False;False;False;False;;;False;False;False;False
A;2;Q;;;;;;;;;;;;;;;;;;;;;;;;;False;False;False;False;False;False;False;False;False;False;;;False;False;False;False
A;2;R;;;;;;;;;;;;;;;;;;;;;;;;;False;False;False;False;False;False;False;False;False;False;;;False;False;False;False
A;2;S;;;;;;;;;;;;;;;;;;;;;;;;;False;False;False;False;False;False;False;False;False;False;;;False;False;False;False
A;2;T;;;;;;;;;;;;;;;;;;;;;;;;;False;False;False;False;False;False;False;False;False;False;;;False;False;False;False
A;2;V;;;;uncertain;3.99E-06;3.99E-06;;;;;;;;;;;;;;;;;;;False;False;False;False;False;False;False;False;False;False;uncertain;uncertain;False;False;False;False
A;2;W;;;;;;;;;;;;;;;;;;;;;;;;;False;False;False;False;False;False;False;False;False;False;;;False;False;False;False
A;2;Y;;;;;;;;;;;;;;;;;;;;;;;;;False;False;False;False;False;False;False;False;False;False;;;False;False;False;False
T;3;A;;;;;;;;;;;;;;;;;;;;;;;;;False;False;False;False;False;False;False;False;False;False;;;False;False;False;False
T;3;C;;;;;;;;;;;;;;;;;;;;;;;;;False;False;False;False;False;False;False;False;False;False;;;False;False;False;False
T;3;D;;;;;;;;;;;;;;;;;;;;;;;;;False;False;False;False;False;False;False;False;False;False;;;False;False;False;False
T;3;E;;;;;;;;;;;;;;;;;;;;;;;;;False;False;False;False;False;False;False;False;False;False;;;False;False;False;False
T;3;F;;;;;;;;;;;;;;;;;;;;;;;;;False;False;False;False;False;False;False;False;False;False;;;False;False;False;False
T;3;G;;;;;;;;;;;;;;;;;;;;;;;;;False;False;False;False;False;False;False;False;False;False;;;False;False;False;False
T;3;H;;;;;;;;;;;;;;;;;;;;;;;;;False;False;False;False;False;False;False;False;False;False;;;False;False;False;False
T;3;I;;;;;;;;;;;;;;;;;;;;;;;;;False;False;False;False;False;False;False;False;False;False;;;False;False;False;False
T;3;K;;;;;;;;;;;;;;;;;;;;;;;;;False;False;False;False;False;False;False;False;False;False;;;False;False;False;False
T;3;L;;;;;;;;;;;;;;;;;;;;;;;;;False;False;False;False;False;False;False;False;False;False;;;False;False;False;False
T;3;M;;;;;;;;;;;;;;;;;;;;;;;;;False;False;False;False;False;False;False;False;False;False;;;False;False;False;False
T;3;N;;;;;;;;;;;;;;;;;;;;;;;;;False;False;False;False;False;False;False;False;False;False;;;False;False;False;False
T;3;P;;;;;;;;;;;;;;;;;;;;;;;;;False;False;False;False;False;False;False;False;False;False;;;False;False;False;False
T;3;Q;;;;;;;;;;;;;;;;;;;;;;;;;False;False;False;False;False;False;False;False;False;False;;;False;False;False;False
T;3;R;;;;;;;;;;;;;;;;;;;;;;;;;False;False;False;False;False;False;False;False;False;False;;;False;False;False;False
T;3;S;;;;;;;;;;;;;;;;;;;;;;;;;False;False;False;False;False;False;False;False;False;False;;;False;False;False;False
T;3;T;;;;;;;;;;;;;;;;;;;;;;;;;False;False;False;False;False;False;False;False;False;False;;;False;False;False;False
T;3;V;;;;;;;;;;;;;;;;;;;;;;;;;False;False;False;False;False;False;False;False;False;False;;;False;False;False;False
T;3;W;;;;;;;;;;;;;;;;;;;;;;;;;False;False;False;False;False;False;False;False;False;False;;;False;False;False;False
T;3;Y;;;;;;;;;;;;;;;;;;;;;;;;;False;False;False;False;False;False;False;False;False;False;;;False;False;False;False
K;4;A;;;;;;;5.037445;0.283067527;0.595827193;Uncertain;Uncertain;Uncertain;Uncertain;Uncertain;Benign;Benign;Benign;Benign;Uncertain;Benign;;;;;False;False;False;False;False;True;False;False;False;False;;;False;False;False;False
K;4;C;;;;;;;7.3087463;0.496361824;0.693120708;Uncertain;Uncertain;Uncertain;Uncertain;Uncertain;Uncertain;Uncertain;Uncertain;Uncertain;Uncertain;Uncertain;;;;;False;False;False;False;False;False;False;False;False;False;;;False;False;False;False
K;4;D;;;;;;;5.247528;0.295867209;0.607321823;Uncertain;Uncertain;Uncertain;Uncertain;Uncertain;Uncertain;Benign;Benign;Benign;Uncertain;Benign;;;;;False;False;False;False;False;True;False;False;False;False;;;False;False;False;False
K;4;E;;;;;;;4.3739014;0.245425958;0.557254025;Uncertain;Uncertain;Uncertain;Uncertain;Uncertain;Benign;Benign;Benign;Benign;Uncertain;Benign;;;;;False;False;False;False;False;True;False;False;False;False;;;False;False;False;False
K;4;F;;;;;;;7.8330994;0.588825674;0.677283111;Uncertain;Uncertain;Uncertain;Uncertain;Uncertain;Uncertain;Uncertain;Uncertain;Pathogenic;Uncertain;Uncertain;;;;;False;False;False;False;False;False;False;False;False;False;;;False;False;False;False
K;4;G;;;;;;;8.405487;0.686645705;0.621758252;Uncertain;Uncertain;Uncertain;Uncertain;Uncertain;Uncertain;Pathogenic;Pathogenic;Pathogenic;Uncertain;Pathogenic;;;;;False;False;False;False;False;False;True;False;False;False;;;False;False;False;False
K;4;H;;;;;;;4.9607544;0.278509961;0.59154052;Uncertain;Uncertain;Uncertain;Uncertain;Uncertain;Benign;Benign;Benign;Benign;Uncertain;Benign;;;;;False;False;False;False;False;True;False;False;False;False;;;False;False;False;False
K;4;I;;;;;;;8.302795;0.67046526;0.633848656;Uncertain;Uncertain;Uncertain;Uncertain;Uncertain;Uncertain;Pathogenic;Pathogenic;Pathogenic;Uncertain;Pathogenic;;;;;False;False;False;False;False;False;True;False;False;False;;;False;False;False;False
K;4;K;;;;;;;;;;;;;;;;;;;;;;;;;False;False;False;False;False;False;False;False;False;False;;;False;False;False;False
K;4;L;;;;;;;8.55246;0.708439956;0.603542617;Uncertain;Uncertain;Uncertain;Uncertain;Uncertain;Uncertain;Pathogenic;Pathogenic;Pathogenic;Uncertain;Pathogenic;;;;;False;False;False;False;False;False;True;False;False;False;;;False;False;False;False
K;4;M;;;;;;;7.2839355;0.492325598;0.693029383;Uncertain;Uncertain;Uncertain;Uncertain;Uncertain;Uncertain;Uncertain;Uncertain;Uncertain;Uncertain;Uncertain;;;;;False;False;False;False;False;False;False;False;False;False;;;False;False;False;False
K;4;N;;;;;;;3.975647;0.224678014;0.532765323;Uncertain;Uncertain;Uncertain;Uncertain;Benign;Benign;Benign;Benign;Benign;Uncertain;Benign;;;;;False;False;False;False;False;True;False;False;False;False;;;False;False;False;False
K;4;P;;;;;;;8.544037;0.707235578;0.604608379;Uncertain;Uncertain;Uncertain;Uncertain;Uncertain;Uncertain;Pathogenic;Pathogenic;Pathogenic;Uncertain;Pathogenic;;;;;False;False;False;False;False;False;True;False;False;False;;;False;False;False;False
K;4;Q;;;;;;;3.8671265;0.219260723;0.52597069;Uncertain;Uncertain;Uncertain;Uncertain;Benign;Benign;Benign;Benign;Benign;Uncertain;Benign;;;;;False;False;False;False;False;True;False;False;False;False;;;False;False;False;False
K;4;R;;;;;;;2.5931702;0.16327978;0.445068703;Uncertain;Uncertain;Uncertain;Benign;Benign;Benign;Benign;Benign;Benign;Uncertain;Benign;;;;;False;False;False;False;False;True;False;False;False;False;;;False;False;False;False
K;4;S;;;;;;;4.212921;0.236875531;0.547451575;Uncertain;Uncertain;Uncertain;Uncertain;Benign;Benign;Benign;Benign;Benign;Uncertain;Benign;;;;;False;False;False;False;False;True;False;False;False;False;;;False;False;False;False
K;4;T;;;;;;;3.8362427;0.217737598;0.524029564;Uncertain;Uncertain;Uncertain;Uncertain;Benign;Benign;Benign;Benign;Benign;Uncertain;Benign;;;;;False;False;False;False;False;True;False;False;False;False;;;False;False;False;False
K;4;V;;;;;;;6.136902;0.358001783;0.65225982;Uncertain;Uncertain;Uncertain;Uncertain;Uncertain;Uncertain;Uncertain;Benign;Benign;Uncertain;Benign;;;;;False;False;False;False;False;True;False;False;False;False;;;False;False;False;False
K;4;W;;;;;;;8.477631;0.697549232;0.612926554;Uncertain;Uncertain;Uncertain;Uncertain;Uncertain;Uncertain;Pathogenic;Pathogenic;Pathogenic;Uncertain;Pathogenic;;;;;False;False;False;False;False;False;True;False;False;False;;;False;False;False;False
K;4;Y;;;;;;;5.2477417;0.29588048;0.607333329;Uncertain;Uncertain;Uncertain;Uncertain;Uncertain;Uncertain;Benign;Benign;Benign;Uncertain;Benign;;;;;False;False;False;False;False;True;False;False;False;False;;;False;False;False;False
A;5;A;;;;;;;;;;;;;;;;;;;;;;;;;False;False;True;False;False;False;False;False;False;False;;;False;False;False;False
A;5;C;;;;;;;9.472443;0.809773376;0.486551405;Uncertain;Uncertain;Uncertain;Pathogenic;Pathogenic;Pathogenic;Pathogenic;Pathogenic;Pathogenic;Uncertain;Pathogenic;;;;;False;False;True;False;False;False;True;False;False;True;pathogenic;Likely Pathogenic;False;False;False;False
A;5;D;;;;;;;10.40683;0.870403563;0.38561883;Uncertain;Uncertain;Pathogenic;Pathogenic;Pathogenic;Pathogenic;Pathogenic;Pathogenic;Pathogenic;Pathogenic;Pathogenic;;;;;False;False;True;False;False;False;True;False;False;True;pathogenic;Likely Pathogenic;False;False;False;False
A;5;E;;;;;;;10.477203;0.873916725;0.378872766;Uncertain;Uncertain;Pathogenic;Pathogenic;Pathogenic;Pathogenic;Pathogenic;Pathogenic;Pathogenic;Pathogenic;Pathogenic;;;;;False;False;True;False;False;False;True;False;False;True;pathogenic;Likely Pathogenic;False;False;False;False
A;5;F;;;;;;;10.494476;0.874761224;0.377234537;Uncertain;Pathogenic;Pathogenic;Pathogenic;Pathogenic;Pathogenic;Pathogenic;Pathogenic;Pathogenic;Pathogenic;Pathogenic;;;;;False;False;True;False;False;False;True;False;False;True;pathogenic;Likely Pathogenic;False;False;False;False
A;5;G;;;;;;;4.6499634;0.260608274;0.573692191;Uncertain;Uncertain;Uncertain;Uncertain;Uncertain;Benign;Benign;Benign;Benign;Uncertain;Benign;;;;;False;False;True;False;False;True;False;False;False;False;;;False;False;False;False
A;5;H;;;;;;;10.45105;0.872624828;0.381366381;Uncertain;Uncertain;Pathogenic;Pathogenic;Pathogenic;Pathogenic;Pathogenic;Pathogenic;Pathogenic;Pathogenic;Pathogenic;;;;;False;False;True;False;False;False;True;False;False;True;pathogenic;Likely Pathogenic;False;False;False;False
A;5;I;;;;;;;10.510254;0.875526617;0.375744142;Uncertain;Pathogenic;Pathogenic;Pathogenic;Pathogenic;Pathogenic;Pathogenic;Pathogenic;Pathogenic;Pathogenic;Pathogenic;;;;;False;False;True;False;False;False;True;False;False;True;pathogenic;Likely Pathogenic;False;False;False;False
A;5;K;;;;;;;10.483276;0.87421443;0.378295994;Uncertain;Uncertain;Pathogenic;Pathogenic;Pathogenic;Pathogenic;Pathogenic;Pathogenic;Pathogenic;Pathogenic;Pathogenic;;;;;False;False;True;False;False;False;True;False;False;True;pathogenic;Likely Pathogenic;False;False;False;False
A;5;L;;;;;;;8.771027;0.737782652;0.57536344;Uncertain;Uncertain;Uncertain;Uncertain;Uncertain;Pathogenic;Pathogenic;Pathogenic;Pathogenic;Uncertain;Pathogenic;;;;;False;False;True;False;False;False;True;False;False;True;pathogenic;Likely Pathogenic;False;False;False;False
A;5;M;;;;;;;10.476105;0.873862808;0.378977138;Uncertain;Uncertain;Pathogenic;Pathogenic;Pathogenic;Pathogenic;Pathogenic;Pathogenic;Pathogenic;Pathogenic;Pathogenic;;;;;False;False;True;False;False;False;True;False;False;True;pathogenic;Likely Pathogenic;False;False;False;False
A;5;N;;;;;;;10.445129;0.872330109;0.381933139;Uncertain;Uncertain;Pathogenic;Pathogenic;Pathogenic;Pathogenic;Pathogenic;Pathogenic;Pathogenic;Pathogenic;Pathogenic;;;;;False;False;True;False;False;False;True;False;False;True;pathogenic;Likely Pathogenic;False;False;False;False
A;5;P;;;;;;;10.363525;0.868182303;0.389827524;Uncertain;Uncertain;Pathogenic;Pathogenic;Pathogenic;Pathogenic;Pathogenic;Pathogenic;Pathogenic;Pathogenic;Pathogenic;;;;;False;False;True;False;False;False;True;False;False;True;pathogenic;Likely Pathogenic;False;False;False;False
A;5;Q;;;;;;;10.492737;0.874676515;0.377399157;Uncertain;Pathogenic;Pathogenic;Pathogenic;Pathogenic;Pathogenic;Pathogenic;Pathogenic;Pathogenic;Pathogenic;Pathogenic;;;;;False;False;True;False;False;False;True;False;False;True;pathogenic;Likely Pathogenic;False;False;False;False
A;5;R;;;;;;;10.448578;0.872501885;0.381602902;Uncertain;Uncertain;Pathogenic;Pathogenic;Pathogenic;Pathogenic;Pathogenic;Pathogenic;Pathogenic;Pathogenic;Pathogenic;;;;;False;False;True;False;False;False;True;False;False;True;pathogenic;Likely Pathogenic;False;False;False;False
A;5;S;Pathogenic;1;1;pathogenic;;;6.5667725;0.397450069;0.671964203;Uncertain;Uncertain;Uncertain;Uncertain;Uncertain;Uncertain;Uncertain;Uncertain;Benign;Uncertain;Uncertain;6.560913;0.39684144;0.671710178;Uncertain;False;False;True;True;False;False;False;False;False;False;pathogenic;Pathogenic;False;False;False;False
A;5;T;Pathogenic;2;4;pathogenic;3.99E-06;3.99E-06;8.411285;0.687536406;0.621057667;Uncertain;Uncertain;Uncertain;Uncertain;Uncertain;Uncertain;Pathogenic;Pathogenic;Pathogenic;Uncertain;Pathogenic;8.4296875;0.690346858;0.618822855;Pathogenic;False;False;True;True;False;False;True;False;False;True;pathogenic;Pathogenic;False;False;False;False
A;5;V;Pathogenic;2;6;pathogenic;3.59E-05;3.59E-05;7.235199;0.484531655;0.692668565;Uncertain;Uncertain;Uncertain;Uncertain;Uncertain;Uncertain;Uncertain;Uncertain;Uncertain;Uncertain;Uncertain;7.1982727;0.478749778;0.692243765;Uncertain;False;False;True;True;False;False;False;False;False;False;pathogenic;Pathogenic;False;False;False;False
A;5;W;;;;;;;10.456604;0.872900526;0.380835494;Uncertain;Uncertain;Pathogenic;Pathogenic;Pathogenic;Pathogenic;Pathogenic;Pathogenic;Pathogenic;Pathogenic;Pathogenic;;;;;False;False;True;False;False;False;True;False;False;True;pathogenic;Likely Pathogenic;False;False;False;False
A;5;Y;;;;;;;10.488953;0.874491949;0.377757605;Uncertain;Uncertain;Pathogenic;Pathogenic;Pathogenic;Pathogenic;Pathogenic;Pathogenic;Pathogenic;Pathogenic;Pathogenic;;;;;False;False;True;False;False;False;True;False;False;True;pathogenic;Likely Pathogenic;False;False;False;False
V;6;A;;;;;;;6.8552856;0.430522658;0.683461668;Uncertain;Uncertain;Uncertain;Uncertain;Uncertain;Uncertain;Uncertain;Uncertain;Benign;Uncertain;Uncertain;;;;;False;False;False;False;False;False;False;False;False;False;;;False;False;False;False
V;6;C;;;;;;;8.578033;0.712062986;0.600294168;Uncertain;Uncertain;Uncertain;Uncertain;Uncertain;Uncertain;Pathogenic;Pathogenic;Pathogenic;Uncertain;Pathogenic;;;;;False;False;False;False;False;False;True;False;False;False;;;False;False;False;False
V;6;D;;;;;;;9.456879;0.808481601;0.488417184;Uncertain;Uncertain;Uncertain;Pathogenic;Pathogenic;Pathogenic;Pathogenic;Pathogenic;Pathogenic;Uncertain;Pathogenic;;;;;False;False;False;False;False;False;True;False;False;False;;;False;False;False;False
V;6;E;;;;;;;7.0753174;0.460305518;0.689992558;Uncertain;Uncertain;Uncertain;Uncertain;Uncertain;Uncertain;Uncertain;Uncertain;Uncertain;Uncertain;Uncertain;;;;;False;False;False;False;False;False;False;False;False;False;;;False;False;False;False
V;6;F;;;;;;;8.060242;0.629533963;0.659203248;Uncertain;Uncertain;Uncertain;Uncertain;Uncertain;Uncertain;Uncertain;Pathogenic;Pathogenic;Uncertain;Uncertain;;;;;False;False;False;False;False;False;False;False;False;False;;;False;False;False;False
V;6;G;;;;;;;9.094055;0.774740496;0.533484592;Uncertain;Uncertain;Uncertain;Uncertain;Pathogenic;Pathogenic;Pathogenic;Pathogenic;Pathogenic;Uncertain;Pathogenic;;;;;False;False;False;False;False;False;True;False;False;False;;;False;False;False;False
V;6;H;;;;;;;9.358185;0.800012249;0.500385443;Uncertain;Uncertain;Uncertain;Uncertain;Pathogenic;Pathogenic;Pathogenic;Pathogenic;Pathogenic;Uncertain;Pathogenic;;;;;False;False;False;False;False;False;True;False;False;False;;;False;False;False;False
V;6;I;;;;;;;2.11911;0.145954162;0.415626499;Uncertain;Uncertain;Benign;Benign;Benign;Benign;Benign;Benign;Benign;Uncertain;Benign;;;;;False;False;False;False;False;True;False;False;False;False;;;False;False;False;False
V;6;K;;;;;;;5.3111877;0.299845107;0.610733005;Uncertain;Uncertain;Uncertain;Uncertain;Uncertain;Uncertain;Benign;Benign;Benign;Uncertain;Benign;;;;;False;False;False;False;False;True;False;False;False;False;;;False;False;False;False
V;6;L;;;;uncertain;;;5.1581116;0.29036039;0.602474054;Uncertain;Uncertain;Uncertain;Uncertain;Uncertain;Uncertain;Benign;Benign;Benign;Uncertain;Benign;5.194763;0.292606612;0.604469131;Benign;False;False;False;False;False;True;False;False;False;False;uncertain;uncertain;False;False;False;False
V;6;M;;;;;;;6.917877;0.438573111;0.685581556;Uncertain;Uncertain;Uncertain;Uncertain;Uncertain;Uncertain;Uncertain;Uncertain;Benign;Uncertain;Uncertain;;;;;False;False;False;False;False;False;False;False;False;False;;;False;False;False;False
V;6;N;;;;;;;7.9957275;0.618134109;0.664970186;Uncertain;Uncertain;Uncertain;Uncertain;Uncertain;Uncertain;Uncertain;Pathogenic;Pathogenic;Uncertain;Uncertain;;;;;False;False;False;False;False;False;False;False;False;False;;;False;False;False;False
V;6;P;;;;;;;9.356079;0.79982613;0.500643364;Uncertain;Uncertain;Uncertain;Uncertain;Pathogenic;Pathogenic;Pathogenic;Pathogenic;Pathogenic;Uncertain;Pathogenic;;;;;False;False;False;False;False;False;True;False;False;False;;;False;False;False;False
V;6;Q;;;;;;;7.827942;0.587888171;0.677617966;Uncertain;Uncertain;Uncertain;Uncertain;Uncertain;Uncertain;Uncertain;Uncertain;Pathogenic;Uncertain;Uncertain;;;;;False;False;False;False;False;False;False;False;False;False;;;False;False;False;False
V;6;R;;;;;;;6.927643;0.439859157;0.685895794;Uncertain;Uncertain;Uncertain;Uncertain;Uncertain;Uncertain;Uncertain;Uncertain;Uncertain;Uncertain;Uncertain;;;;;False;False;False;False;False;False;False;False;False;False;;;False;False;False;False
V;6;S;;;;;;;5.950287;0.343405866;0.643268764;Uncertain;Uncertain;Uncertain;Uncertain;Uncertain;Uncertain;Uncertain;Benign;Benign;Uncertain;Benign;;;;;False;False;False;False;False;True;False;False;False;False;;;False;False;False;False
V;6;T;;;;;;;4.991455;0.280327444;0.59326231;Uncertain;Uncertain;Uncertain;Uncertain;Uncertain;Benign;Benign;Benign;Benign;Uncertain;Benign;;;;;False;False;False;False;False;True;False;False;False;False;;;False;False;False;False
V;6;V;;;;;;;;;;;;;;;;;;;;;;;;;False;False;False;False;False;False;False;False;False;False;;;False;False;False;False
V;6;W;;;;;;;9.296783;0.794489428;0.507947448;Uncertain;Uncertain;Uncertain;Uncertain;Pathogenic;Pathogenic;Pathogenic;Pathogenic;Pathogenic;Uncertain;Pathogenic;;;;;False;False;False;False;False;False;True;False;False;False;;;False;False;False;False
V;6;Y;;;;;;;8.601898;0.715398442;0.597246971;Uncertain;Uncertain;Uncertain;Uncertain;Uncertain;Pathogenic;Pathogenic;Pathogenic;Pathogenic;Uncertain;Pathogenic;;;;;False;False;False;False;False;False;True;False;False;False;;;False;False;False;False
C;7;A;;;;;;;0.7244873;0.104848246;0.335606904;Uncertain;Benign;Benign;Benign;Benign;Benign;Benign;Benign;Benign;Benign;Benign;;;;;False;False;False;False;False;True;False;False;False;False;;;False;False;False;False
C;7;C;;;;;;;;;;;;;;;;;;;;;;;;;False;False;False;False;False;False;False;False;False;False;;;False;False;False;False
C;7;D;;;;;;;7.0925903;0.462819649;0.69037987;Uncertain;Uncertain;Uncertain;Uncertain;Uncertain;Uncertain;Uncertain;Uncertain;Uncertain;Uncertain;Uncertain;;;;;False;False;False;False;False;False;False;False;False;False;;;False;False;False;False
C;7;E;;;;;;;9.043701;0.76944672;0.539944012;Uncertain;Uncertain;Uncertain;Uncertain;Pathogenic;Pathogenic;Pathogenic;Pathogenic;Pathogenic;Uncertain;Pathogenic;;;;;False;False;False;False;False;False;True;False;False;False;;;False;False;False;False
C;7;F;Pathogenic;0;1;uncertain;;;8.175842;0.649470692;0.647773686;Uncertain;Uncertain;Uncertain;Uncertain;Uncertain;Uncertain;Uncertain;Pathogenic;Pathogenic;Uncertain;Pathogenic;8.155975;0.646095295;0.649830352;Pathogenic;False;False;False;True;False;False;True;False;False;False;pathogenic;Pathogenic;False;False;False;False
C;7;G;;;;uncertain;3.99E-06;3.99E-06;8.510559;0.702394606;0.608821684;Uncertain;Uncertain;Uncertain;Uncertain;Uncertain;Uncertain;Pathogenic;Pathogenic;Pathogenic;Uncertain;Pathogenic;8.500488;0.700921464;0.610081525;Pathogenic;False;False;False;False;False;False;True;False;False;False;uncertain;uncertain;False;False;False;False
C;7;H;;;;;;;9.016235;0.766489843;0.543483041;Uncertain;Uncertain;Uncertain;Uncertain;Pathogenic;Pathogenic;Pathogenic;Pathogenic;Pathogenic;Uncertain;Pathogenic;;;;;False;False;False;False;False;False;True;False;False;False;;;False;False;False;False
C;7;I;;;;;;;8.13208;0.642006137;0.652255194;Uncertain;Uncertain;Uncertain;Uncertain;Uncertain;Uncertain;Uncertain;Pathogenic;Pathogenic;Uncertain;Pathogenic;;;;;False;False;False;False;False;False;True;False;False;False;;;False;False;False;False
C;7;K;;;;;;;7.325592;0.499127661;0.693145659;Uncertain;Uncertain;Uncertain;Uncertain;Uncertain;Uncertain;Uncertain;Uncertain;Uncertain;Uncertain;Uncertain;;;;;False;False;False;False;False;False;False;False;False;False;;;False;False;False;False
C;7;L;;;;;;;7.2137756;0.48116397;0.692437421;Uncertain;Uncertain;Uncertain;Uncertain;Uncertain;Uncertain;Uncertain;Uncertain;Uncertain;Uncertain;Uncertain;;;;;False;False;False;False;False;False;False;False;False;False;;;False;False;False;False
C;7;M;;;;;;;9.067047;0.771921349;0.536944311;Uncertain;Uncertain;Uncertain;Uncertain;Pathogenic;Pathogenic;Pathogenic;Pathogenic;Pathogenic;Uncertain;Pathogenic;;;;;False;False;False;False;False;False;True;False;False;False;;;False;False;False;False
C;7;N;;;;;;;8.147797;0.644699342;0.650666345;Uncertain;Uncertain;Uncertain;Uncertain;Uncertain;Uncertain;Uncertain;Pathogenic;Pathogenic;Uncertain;Pathogenic;;;;;False;False;False;False;False;False;True;False;False;False;;;False;False;False;False
C;7;P;;;;;;;8.975189;0.761977493;0.548789773;Uncertain;Uncertain;Uncertain;Uncertain;Pathogenic;Pathogenic;Pathogenic;Pathogenic;Pathogenic;Uncertain;Pathogenic;;;;;False;False;False;False;False;False;True;False;False;False;;;False;False;False;False
C;7;Q;;;;;;;9.006592;0.765439894;0.54472793;Uncertain;Uncertain;Uncertain;Uncertain;Pathogenic;Pathogenic;Pathogenic;Pathogenic;Pathogenic;Uncertain;Pathogenic;;;;;False;False;False;False;False;False;True;False;False;False;;;False;False;False;False
C;7;R;;;;;;;8.966553;0.761013617;0.549908733;Uncertain;Uncertain;Uncertain;Uncertain;Pathogenic;Pathogenic;Pathogenic;Pathogenic;Pathogenic;Uncertain;Pathogenic;;;;;False;False;False;False;False;False;True;False;False;False;;;False;False;False;False
C;7;S;;;;;;;3.8446655;0.218152176;0.524559264;Uncertain;Uncertain;Uncertain;Uncertain;Benign;Benign;Benign;Benign;Benign;Uncertain;Benign;;;;;False;False;False;False;False;True;False;False;False;False;;;False;False;False;False
C;7;T;;;;;;;5.423706;0.307002965;0.616681645;Uncertain;Uncertain;Uncertain;Uncertain;Uncertain;Uncertain;Benign;Benign;Benign;Uncertain;Benign;;;;;False;False;False;False;False;True;False;False;False;False;;;False;False;False;False
C;7;V;;;;;;;2.651703;0.165547301;0.448755141;Uncertain;Uncertain;Uncertain;Benign;Benign;Benign;Benign;Benign;Benign;Uncertain;Benign;;;;;False;False;False;False;False;True;False;False;False;False;;;False;False;False;False
C;7;W;;;;;;;9.000244;0.764745327;0.545548078;Uncertain;Uncertain;Uncertain;Uncertain;Pathogenic;Pathogenic;Pathogenic;Pathogenic;Pathogenic;Uncertain;Pathogenic;;;;;False;False;False;False;False;False;True;False;False;False;;;False;False;False;False
C;7;Y;;;;uncertain;3.19E-05;3.19E-05;9.051636;0.770291775;0.538923546;Uncertain;Uncertain;Uncertain;Uncertain;Pathogenic;Pathogenic;Pathogenic;Pathogenic;Pathogenic;Uncertain;Pathogenic;9.025452;0.767487643;0.542294275;Pathogenic;False;False;False;False;False;False;True;False;False;False;uncertain;uncertain;False;False;False;False
V;8;A;;;;;;;6.2513123;0.367596716;0.657664212;Uncertain;Uncertain;Uncertain;Uncertain;Uncertain;Uncertain;Uncertain;Benign;Benign;Uncertain;Uncertain;;;;;False;False;False;False;False;False;False;False;False;False;;;False;False;False;False
V;8;C;;;;;;;5.131195;0.288720208;0.601001796;Uncertain;Uncertain;Uncertain;Uncertain;Uncertain;Uncertain;Benign;Benign;Benign;Uncertain;Benign;;;;;False;False;False;False;False;True;False;False;False;False;;;False;False;False;False
V;8;D;;;;;;;6.602722;0.401235095;0.673509278;Uncertain;Uncertain;Uncertain;Uncertain;Uncertain;Uncertain;Uncertain;Uncertain;Benign;Uncertain;Uncertain;;;;;False;False;False;False;False;False;False;False;False;False;;;False;False;False;False
V;8;E;;;;;;;6.0003357;0.347207243;0.64570065;Uncertain;Uncertain;Uncertain;Uncertain;Uncertain;Uncertain;Uncertain;Benign;Benign;Uncertain;Benign;;;;;False;False;False;False;False;True;False;False;False;False;;;False;False;False;False
V;8;F;;;;;;;5.3671265;0.303382552;0.613703147;Uncertain;Uncertain;Uncertain;Uncertain;Uncertain;Uncertain;Benign;Benign;Benign;Uncertain;Benign;;;;;False;False;False;False;False;True;False;False;False;False;;;False;False;False;False
V;8;G;;;;;;;8.83725;0.745959606;0.566730593;Uncertain;Uncertain;Uncertain;Uncertain;Uncertain;Pathogenic;Pathogenic;Pathogenic;Pathogenic;Uncertain;Pathogenic;;;;;False;False;False;False;False;False;True;False;False;False;;;False;False;False;False
V;8;H;;;;;;;5.5178223;0.313127473;0.621580195;Uncertain;Uncertain;Uncertain;Uncertain;Uncertain;Uncertain;Benign;Benign;Benign;Uncertain;Benign;;;;;False;False;False;False;False;True;False;False;False;False;;;False;False;False;False
V;8;I;;;;;;;2.8151855;0.172033127;0.459095393;Uncertain;Uncertain;Uncertain;Benign;Benign;Benign;Benign;Benign;Benign;Uncertain;Benign;;;;;False;False;False;False;False;True;False;False;False;False;;;False;False;False;False
V;8;K;;;;;;;5.4138794;0.306371001;0.616166181;Uncertain;Uncertain;Uncertain;Uncertain;Uncertain;Uncertain;Benign;Benign;Benign;Uncertain;Benign;;;;;False;False;False;False;False;True;False;False;False;False;;;False;False;False;False
V;8;L;;;;;;;3.737854;0.212940266;0.517826337;Uncertain;Uncertain;Uncertain;Uncertain;Benign;Benign;Benign;Benign;Benign;Uncertain;Benign;;;;;False;False;False;False;False;True;False;False;False;False;;;False;False;False;False
V;8;M;;;;uncertain;3.99E-06;3.99E-06;4.7768555;0.267810752;0.581069186;Uncertain;Uncertain;Uncertain;Uncertain;Uncertain;Benign;Benign;Benign;Benign;Uncertain;Benign;4.799408;0.269105985;0.582367604;Benign;False;False;False;False;False;True;False;False;False;False;uncertain;uncertain;False;False;False;False
V;8;N;;;;;;;6.237274;0.366389129;0.657005909;Uncertain;Uncertain;Uncertain;Uncertain;Uncertain;Uncertain;Uncertain;Benign;Benign;Uncertain;Uncertain;;;;;False;False;False;False;False;False;False;False;False;False;;;False;False;False;False
V;8;P;;;;;;;8.931732;0.757075278;0.554427812;Uncertain;Uncertain;Uncertain;Uncertain;Uncertain;Pathogenic;Pathogenic;Pathogenic;Pathogenic;Uncertain;Pathogenic;;;;;False;False;False;False;False;False;True;False;False;False;;;False;False;False;False
V;8;Q;;;;;;;6.544586;0.39515758;0.670999316;Uncertain;Uncertain;Uncertain;Uncertain;Uncertain;Uncertain;Uncertain;Uncertain;Benign;Uncertain;Uncertain;;;;;False;False;False;False;False;False;False;False;False;False;;;False;False;False;False
V;8;R;;;;;;;5.7733765;0.33052369;0.634548885;Uncertain;Uncertain;Uncertain;Uncertain;Uncertain;Uncertain;Benign;Benign;Benign;Uncertain;Benign;;;;;False;False;False;False;False;True;False;False;False;False;;;False;False;False;False
V;8;S;;;;;;;7.5197754;0.532308556;0.69105804;Uncertain;Uncertain;Uncertain;Uncertain;Uncertain;Uncertain;Uncertain;Uncertain;Uncertain;Uncertain;Uncertain;;;;;False;False;False;False;False;False;False;False;False;False;;;False;False;False;False
V;8;T;;;;;;;4.427704;0.248333232;0.560496593;Uncertain;Uncertain;Uncertain;Uncertain;Uncertain;Benign;Benign;Benign;Benign;Uncertain;Benign;;;;;False;False;False;False;False;True;False;False;False;False;;;False;False;False;False
V;8;V;;;;;;;;;;;;;;;;;;;;;;;;;False;False;False;False;False;False;False;False;False;False;;;False;False;False;False
V;8;W;;;;;;;8.930084;0.756886805;0.554641954;Uncertain;Uncertain;Uncertain;Uncertain;Uncertain;Pathogenic;Pathogenic;Pathogenic;Pathogenic;Uncertain;Pathogenic;;;;;False;False;False;False;False;False;True;False;False;False;;;False;False;False;False
V;8;Y;;;;;;;4.8622437;0.272739337;0.585964451;Uncertain;Uncertain;Uncertain;Uncertain;Uncertain;Benign;Benign;Benign;Benign;Uncertain;Benign;;;;;False;False;False;False;False;True;False;False;False;False;;;False;False;False;False
L;9;A;;;;;;;6.9910583;0.448409082;0.687814449;Uncertain;Uncertain;Uncertain;Uncertain;Uncertain;Uncertain;Uncertain;Uncertain;Uncertain;Uncertain;Uncertain;;;;;False;False;False;False;False;False;False;False;False;False;;;False;False;False;False
L;9;C;;;;;;;9.597504;0.819745941;0.471778511;Uncertain;Uncertain;Uncertain;Pathogenic;Pathogenic;Pathogenic;Pathogenic;Pathogenic;Pathogenic;Uncertain;Pathogenic;;;;;False;False;False;False;False;False;True;False;False;False;;;False;False;False;False
L;9;D;;;;;;;9.584869;0.818770203;0.473253173;Uncertain;Uncertain;Uncertain;Pathogenic;Pathogenic;Pathogenic;Pathogenic;Pathogenic;Pathogenic;Uncertain;Pathogenic;;;;;False;False;False;False;False;False;True;False;False;False;;;False;False;False;False
L;9;E;;;;;;;9.609772;0.820686743;0.470350546;Uncertain;Uncertain;Uncertain;Pathogenic;Pathogenic;Pathogenic;Pathogenic;Pathogenic;Pathogenic;Uncertain;Pathogenic;;;;;False;False;False;False;False;False;True;False;False;False;;;False;False;False;False
L;9;F;;;;;;;4.553131;0.25520764;0.567984334;Uncertain;Uncertain;Uncertain;Uncertain;Uncertain;Benign;Benign;Benign;Benign;Uncertain;Benign;;;;;False;False;False;False;False;True;False;False;False;False;;;False;False;False;False
L;9;G;;;;;;;8.796387;0.740952303;0.572058479;Uncertain;Uncertain;Uncertain;Uncertain;Uncertain;Pathogenic;Pathogenic;Pathogenic;Pathogenic;Uncertain;Pathogenic;;;;;False;False;False;False;False;False;True;False;False;False;;;False;False;False;False
L;9;H;;;;;;;8.801819;0.741625019;0.571350326;Uncertain;Uncertain;Uncertain;Uncertain;Uncertain;Pathogenic;Pathogenic;Pathogenic;Pathogenic;Uncertain;Pathogenic;;;;;False;False;False;False;False;False;True;False;False;False;;;False;False;False;False
L;9;I;;;;;;;2.8878174;0.174987295;0.463706738;Uncertain;Uncertain;Uncertain;Benign;Benign;Benign;Benign;Benign;Benign;Uncertain;Benign;;;;;False;False;False;False;False;True;False;False;False;False;;;False;False;False;False
L;9;K;;;;;;;9.401825;0.803817506;0.495064475;Uncertain;Uncertain;Uncertain;Pathogenic;Pathogenic;Pathogenic;Pathogenic;Pathogenic;Pathogenic;Uncertain;Pathogenic;;;;;False;False;False;False;False;False;True;False;False;False;;;False;False;False;False
L;9;L;;;;;;;;;;;;;;;;;;;;;;;;;False;False;False;False;False;False;False;False;False;False;;;False;False;False;False
L;9;M;;;;;;;3.2583008;0.190759809;0.487322822;Uncertain;Uncertain;Uncertain;Benign;Benign;Benign;Benign;Benign;Benign;Uncertain;Benign;;;;;False;False;False;False;False;True;False;False;False;False;;;False;False;False;False
L;9;N;;;;;;;9.484375;0.81075588;0.485125073;Uncertain;Uncertain;Uncertain;Pathogenic;Pathogenic;Pathogenic;Pathogenic;Pathogenic;Pathogenic;Uncertain;Pathogenic;;;;;False;False;False;False;False;False;True;False;False;False;;;False;False;False;False
L;9;P;;;;;;;8.250122;0.661880564;0.639780224;Uncertain;Uncertain;Uncertain;Uncertain;Uncertain;Uncertain;Uncertain;Pathogenic;Pathogenic;Uncertain;Pathogenic;;;;;False;False;False;False;False;False;True;False;False;False;;;False;False;False;False
L;9;Q;;;;;;;9.6545105;0.824063581;0.465175417;Uncertain;Uncertain;Uncertain;Pathogenic;Pathogenic;Pathogenic;Pathogenic;Pathogenic;Pathogenic;Uncertain;Pathogenic;;;;;False;False;False;False;False;False;True;False;False;False;;;False;False;False;False
L;9;R;;;;;;;9.535675;0.81490425;0.479033091;Uncertain;Uncertain;Uncertain;Pathogenic;Pathogenic;Pathogenic;Pathogenic;Pathogenic;Pathogenic;Uncertain;Pathogenic;;;;;False;False;False;False;False;False;True;False;False;False;;;False;False;False;False
L;9;S;;;;;;;7.305481;0.495828058;0.69311237;Uncertain;Uncertain;Uncertain;Uncertain;Uncertain;Uncertain;Uncertain;Uncertain;Uncertain;Uncertain;Uncertain;;;;;False;False;False;False;False;False;False;False;False;False;;;False;False;False;False
L;9;T;;;;;;;8.641785;0.720874965;0.592125046;Uncertain;Uncertain;Uncertain;Uncertain;Uncertain;Pathogenic;Pathogenic;Pathogenic;Pathogenic;Uncertain;Pathogenic;;;;;False;False;False;False;False;False;True;False;False;False;;;False;False;False;False
L;9;V;;;;uncertain;;;3.6801147;0.210163991;0.514173866;Uncertain;Uncertain;Uncertain;Uncertain;Benign;Benign;Benign;Benign;Benign;Uncertain;Benign;3.6863708;0.210463407;0.514570003;Benign;False;False;False;False;False;True;False;False;False;False;uncertain;uncertain;False;False;False;False
L;9;W;;;;;;;9.570496;0.817651782;0.474935585;Uncertain;Uncertain;Uncertain;Pathogenic;Pathogenic;Pathogenic;Pathogenic;Pathogenic;Pathogenic;Uncertain;Pathogenic;;;;;False;False;False;False;False;False;True;False;False;False;;;False;False;False;False
L;9;Y;;;;;;;9.620361;0.821493612;0.469121078;Uncertain;Uncertain;Uncertain;Pathogenic;Pathogenic;Pathogenic;Pathogenic;Pathogenic;Pathogenic;Uncertain;Pathogenic;;;;;False;False;False;False;False;False;True;False;False;False;;;False;False;False;False
K;10;A;;;;;;;2.2934265;0.15211257;0.426356119;Uncertain;Uncertain;Benign;Benign;Benign;Benign;Benign;Benign;Benign;Uncertain;Benign;;;;;False;False;False;False;False;True;False;False;False;False;;;False;False;False;False
K;10;C;;;;;;;5.325226;0.30072907;0.611480777;Uncertain;Uncertain;Uncertain;Uncertain;Uncertain;Uncertain;Benign;Benign;Benign;Uncertain;Benign;;;;;False;False;False;False;False;True;False;False;False;False;;;False;False;False;False
K;10;D;;;;;;;3.7844543;0.215202007;0.520767872;Uncertain;Uncertain;Uncertain;Uncertain;Benign;Benign;Benign;Benign;Benign;Uncertain;Benign;;;;;False;False;False;False;False;True;False;False;False;False;;;False;False;False;False
K;10;E;;;;;;;3.2892456;0.192130832;0.489297983;Uncertain;Uncertain;Uncertain;Benign;Benign;Benign;Benign;Benign;Benign;Uncertain;Benign;;;;;False;False;False;False;False;True;False;False;False;False;;;False;False;False;False
K;10;F;;;;;;;4.4616394;0.250179765;0.562532551;Uncertain;Uncertain;Uncertain;Uncertain;Uncertain;Benign;Benign;Benign;Benign;Uncertain;Benign;;;;;False;False;False;False;False;True;False;False;False;False;;;False;False;False;False
K;10;G;;;;;;;3.414978;0.197786897;0.497319063;Uncertain;Uncertain;Uncertain;Uncertain;Benign;Benign;Benign;Benign;Benign;Uncertain;Benign;;;;;False;False;False;False;False;True;False;False;False;False;;;False;False;False;False
K;10;H;;;;;;;3.7662964;0.214318479;0.519622407;Uncertain;Uncertain;Uncertain;Uncertain;Benign;Benign;Benign;Benign;Benign;Uncertain;Benign;;;;;False;False;False;False;False;True;False;False;False;False;;;False;False;False;False
K;10;I;;;;;;;3.1460876;0.185857696;0.480160522;Uncertain;Uncertain;Uncertain;Benign;Benign;Benign;Benign;Benign;Benign;Uncertain;Benign;;;;;False;False;False;False;False;True;False;False;False;False;;;False;False;False;False
K;10;K;;;;;;;;;;;;;;;;;;;;;;;;;False;False;False;False;False;False;False;False;False;False;;;False;False;False;False
K;10;L;;;;;;;3.4539185;0.199566468;0.499800833;Uncertain;Uncertain;Uncertain;Uncertain;Benign;Benign;Benign;Benign;Benign;Uncertain;Benign;;;;;False;False;False;False;False;True;False;False;False;False;;;False;False;False;False
K;10;M;;;;;;;4.5705566;0.256173479;0.569016323;Uncertain;Uncertain;Uncertain;Uncertain;Uncertain;Benign;Benign;Benign;Benign;Uncertain;Benign;;;;;False;False;False;False;False;True;False;False;False;False;;;False;False;False;False
K;10;N;;;;uncertain;;;1.599762;0.129011371;0.384503034;Uncertain;Uncertain;Benign;Benign;Benign;Benign;Benign;Benign;Benign;Benign;Benign;1.6115723;0.129374028;0.385195025;Benign;False;False;False;False;False;True;False;False;False;False;uncertain;uncertain;False;False;False;False
K;10;P;;;;;;;4.6931763;0.263044962;0.576217817;Uncertain;Uncertain;Uncertain;Uncertain;Uncertain;Benign;Benign;Benign;Benign;Uncertain;Benign;;;;;False;False;False;False;False;True;False;False;False;False;;;False;False;False;False
K;10;Q;;;;;;;2.0197449;0.142551793;0.409568825;Uncertain;Uncertain;Benign;Benign;Benign;Benign;Benign;Benign;Benign;Uncertain;Benign;;;;;False;False;False;False;False;True;False;False;False;False;;;False;False;False;False
K;10;R;;;;;;;0.71069336;0.10450798;0.334876594;Uncertain;Benign;Benign;Benign;Benign;Benign;Benign;Benign;Benign;Benign;Benign;;;;;False;False;False;False;False;True;False;False;False;False;;;False;False;False;False
K;10;S;;;;;;;1.6444092;0.130387748;0.387123134;Uncertain;Uncertain;Benign;Benign;Benign;Benign;Benign;Benign;Benign;Benign;Benign;;;;;False;False;False;False;False;True;False;False;False;False;;;False;False;False;False
K;10;T;;;;;;;1.6772156;0.131408493;0.389055449;Uncertain;Uncertain;Benign;Benign;Benign;Benign;Benign;Benign;Benign;Benign;Benign;;;;;False;False;False;False;False;True;False;False;False;False;;;False;False;False;False
K;10;V;;;;;;;1.8061218;0.135497224;0.396704673;Uncertain;Uncertain;Benign;Benign;Benign;Benign;Benign;Benign;Benign;Benign;Benign;;;;;False;False;False;False;False;True;False;False;False;False;;;False;False;False;False
K;10;W;;;;;;;6.840454;0.428663194;0.682934487;Uncertain;Uncertain;Uncertain;Uncertain;Uncertain;Uncertain;Uncertain;Uncertain;Benign;Uncertain;Uncertain;;;;;False;False;False;False;False;False;False;False;False;False;;;False;False;False;False
K;10;Y;;;;;;;4.1878967;0.235566318;0.545915199;Uncertain;Uncertain;Uncertain;Uncertain;Benign;Benign;Benign;Benign;Benign;Uncertain;Benign;;;;;False;False;False;False;False;True;False;False;False;False;;;False;False;False;False
G;11;A;;;;;;;4.517914;0.253263735;0.5658924;Uncertain;Uncertain;Uncertain;Uncertain;Uncertain;Benign;Benign;Benign;Benign;Uncertain;Benign;;;;;False;False;False;False;False;True;False;False;False;False;;;False;False;False;False
G;11;C;;;;;;;8.8862;0.751797931;0.560351282;Uncertain;Uncertain;Uncertain;Uncertain;Uncertain;Pathogenic;Pathogenic;Pathogenic;Pathogenic;Uncertain;Pathogenic;;;;;False;False;False;False;False;False;True;False;False;False;;;False;False;False;False
G;11;D;;;;;;;4.991028;0.280302102;0.593238415;Uncertain;Uncertain;Uncertain;Uncertain;Uncertain;Benign;Benign;Benign;Benign;Uncertain;Benign;;;;;False;False;False;False;False;True;False;False;False;False;;;False;False;False;False
G;11;E;;;;;;;5.7871094;0.331495862;0.635232926;Uncertain;Uncertain;Uncertain;Uncertain;Uncertain;Uncertain;Benign;Benign;Benign;Uncertain;Benign;;;;;False;False;False;False;False;True;False;False;False;False;;;False;False;False;False
G;11;F;;;;;;;7.9810486;0.61551796;0.666215733;Uncertain;Uncertain;Uncertain;Uncertain;Uncertain;Uncertain;Uncertain;Pathogenic;Pathogenic;Uncertain;Uncertain;;;;;False;False;False;False;False;False;False;False;False;False;;;False;False;False;False
G;11;G;;;;;;;;;;;;;;;;;;;;;;;;;False;False;False;False;False;False;False;False;False;False;;;False;False;False;False
G;11;H;;;;;;;7.12912;0.468220314;0.691125922;Uncertain;Uncertain;Uncertain;Uncertain;Uncertain;Uncertain;Uncertain;Uncertain;Uncertain;Uncertain;Uncertain;;;;;False;False;False;False;False;False;False;False;False;False;;;False;False;False;False
G;11;I;;;;;;;8.348572;0.677771358;0.628537946;Uncertain;Uncertain;Uncertain;Uncertain;Uncertain;Uncertain;Pathogenic;Pathogenic;Pathogenic;Uncertain;Pathogenic;;;;;False;False;False;False;False;False;True;False;False;False;;;False;False;False;False
G;11;K;;;;;;;5.304413;0.299419408;0.610371565;Uncertain;Uncertain;Uncertain;Uncertain;Uncertain;Uncertain;Benign;Benign;Benign;Uncertain;Benign;;;;;False;False;False;False;False;True;False;False;False;False;;;False;False;False;False
G;11;L;;;;;;;7.2565002;0.487915778;0.692855095;Uncertain;Uncertain;Uncertain;Uncertain;Uncertain;Uncertain;Uncertain;Uncertain;Uncertain;Uncertain;Uncertain;;;;;False;False;False;False;False;False;False;False;False;False;;;False;False;False;False
G;11;M;;;;;;;8.363556;0.680130538;0.626771023;Uncertain;Uncertain;Uncertain;Uncertain;Uncertain;Uncertain;Pathogenic;Pathogenic;Pathogenic;Uncertain;Pathogenic;;;;;False;False;False;False;False;False;True;False;False;False;;;False;False;False;False
G;11;N;;;;;;;4.420929;0.247965769;0.560089258;Uncertain;Uncertain;Uncertain;Uncertain;Uncertain;Benign;Benign;Benign;Benign;Uncertain;Benign;;;;;False;False;False;False;False;True;False;False;False;False;;;False;False;False;False
G;11;P;;;;;;;5.092743;0.286390618;0.598888185;Uncertain;Uncertain;Uncertain;Uncertain;Uncertain;Uncertain;Benign;Benign;Benign;Uncertain;Benign;;;;;False;False;False;False;False;True;False;False;False;False;;;False;False;False;False
G;11;Q;;;;;;;5.647949;0.321831298;0.62824214;Uncertain;Uncertain;Uncertain;Uncertain;Uncertain;Uncertain;Benign;Benign;Benign;Uncertain;Benign;;;;;False;False;False;False;False;True;False;False;False;False;;;False;False;False;False
G;11;R;;;;;;;7.2261047;0.483097629;0.692575691;Uncertain;Uncertain;Uncertain;Uncertain;Uncertain;Uncertain;Uncertain;Uncertain;Uncertain;Uncertain;Uncertain;;;;;False;False;False;False;False;False;False;False;False;False;;;False;False;False;False
G;11;S;;;;;;;2.9519043;0.177631275;0.467782604;Uncertain;Uncertain;Uncertain;Benign;Benign;Benign;Benign;Benign;Benign;Uncertain;Benign;;;;;False;False;False;False;False;True;False;False;False;False;;;False;False;False;False
G;11;T;;;;;;;5.400421;0.305507665;0.61545896;Uncertain;Uncertain;Uncertain;Uncertain;Uncertain;Uncertain;Benign;Benign;Benign;Uncertain;Benign;;;;;False;False;False;False;False;True;False;False;False;False;;;False;False;False;False
G;11;V;;;;;;;6.1995544;0.36318764;0.655230226;Uncertain;Uncertain;Uncertain;Uncertain;Uncertain;Uncertain;Uncertain;Benign;Benign;Uncertain;Uncertain;;;;;False;False;False;False;False;False;False;False;False;False;;;False;False;False;False
G;11;W;;;;;;;9.189819;0.784371189;0.521319553;Uncertain;Uncertain;Uncertain;Uncertain;Pathogenic;Pathogenic;Pathogenic;Pathogenic;Pathogenic;Uncertain;Pathogenic;;;;;False;False;False;False;False;False;True;False;False;False;;;False;False;False;False
G;11;Y;;;;;;;9.0052185;0.76528984;0.544905341;Uncertain;Uncertain;Uncertain;Uncertain;Pathogenic;Pathogenic;Pathogenic;Pathogenic;Pathogenic;Uncertain;Pathogenic;;;;;False;False;False;False;False;False;True;False;False;False;;;False;False;False;False
D;12;A;;;;;;;3.0922852;0.183545893;0.476727916;Uncertain;Uncertain;Uncertain;Benign;Benign;Benign;Benign;Benign;Benign;Uncertain;Benign;;;;;False;False;False;False;False;True;False;False;False;False;;;False;False;False;False
D;12;C;;;;;;;7.5821533;0.543375835;0.68937952;Uncertain;Uncertain;Uncertain;Uncertain;Uncertain;Uncertain;Uncertain;Uncertain;Uncertain;Uncertain;Uncertain;;;;;False;False;False;False;False;False;False;False;False;False;;;False;False;False;False
D;12;D;;;;;;;;;;;;;;;;;;;;;;;;;False;False;False;False;False;False;False;False;False;False;;;False;False;False;False
D;12;E;;;;;;;0.7781067;0.106182231;0.338458162;Uncertain;Benign;Benign;Benign;Benign;Benign;Benign;Benign;Benign;Benign;Benign;;;;;False;False;False;False;False;True;False;False;False;False;;;False;False;False;False
D;12;F;;;;;;;6.9102783;0.437578093;0.685333821;Uncertain;Uncertain;Uncertain;Uncertain;Uncertain;Uncertain;Uncertain;Uncertain;Benign;Uncertain;Uncertain;;;;;False;False;False;False;False;False;False;False;False;False;;;False;False;False;False
D;12;G;;;;;;;2.5942993;0.163323249;0.445139727;Uncertain;Uncertain;Uncertain;Benign;Benign;Benign;Benign;Benign;Benign;Uncertain;Benign;;;;;False;False;False;False;False;True;False;False;False;False;;;False;False;False;False
D;12;H;;;;;;;4.868225;0.273087099;0.58630522;Uncertain;Uncertain;Uncertain;Uncertain;Uncertain;Benign;Benign;Benign;Benign;Uncertain;Benign;;;;;False;False;False;False;False;True;False;False;False;False;;;False;False;False;False
D;12;I;;;;;;;5.7969055;0.33219199;0.635720117;Uncertain;Uncertain;Uncertain;Uncertain;Uncertain;Uncertain;Benign;Benign;Benign;Uncertain;Benign;;;;;False;False;False;False;False;True;False;False;False;False;;;False;False;False;False
D;12;K;;;;;;;2.808838;0.171777086;0.458692849;Uncertain;Uncertain;Uncertain;Benign;Benign;Benign;Benign;Benign;Benign;Uncertain;Benign;;;;;False;False;False;False;False;True;False;False;False;False;;;False;False;False;False
D;12;L;;;;;;;5.4263916;0.307175918;0.616822387;Uncertain;Uncertain;Uncertain;Uncertain;Uncertain;Uncertain;Benign;Benign;Benign;Uncertain;Benign;;;;;False;False;False;False;False;True;False;False;False;False;;;False;False;False;False
D;12;M;;;;;;;5.625458;0.3203056;0.627099595;Uncertain;Uncertain;Uncertain;Uncertain;Uncertain;Uncertain;Benign;Benign;Benign;Uncertain;Benign;;;;;False;False;False;False;False;True;False;False;False;False;;;False;False;False;False
D;12;N;;;;;;;2.4240112;0.156886829;0.434471284;Uncertain;Uncertain;Benign;Benign;Benign;Benign;Benign;Benign;Benign;Uncertain;Benign;;;;;False;False;False;False;False;True;False;False;False;False;;;False;False;False;False
D;12;P;;;;;;;3.5055542;0.201946517;0.503089058;Uncertain;Uncertain;Uncertain;Uncertain;Benign;Benign;Benign;Benign;Benign;Uncertain;Benign;;;;;False;False;False;False;False;True;False;False;False;False;;;False;False;False;False
D;12;Q;;;;;;;3.2728577;0.191403725;0.488251991;Uncertain;Uncertain;Uncertain;Benign;Benign;Benign;Benign;Benign;Benign;Uncertain;Benign;;;;;False;False;False;False;False;True;False;False;False;False;;;False;False;False;False
D;12;R;;;;;;;5.3721924;0.303704931;0.613970876;Uncertain;Uncertain;Uncertain;Uncertain;Uncertain;Uncertain;Benign;Benign;Benign;Uncertain;Benign;;;;;False;False;False;False;False;True;False;False;False;False;;;False;False;False;False
D;12;S;;;;;;;1.4530945;0.124592424;0.375976295;Uncertain;Benign;Benign;Benign;Benign;Benign;Benign;Benign;Benign;Benign;Benign;;;;;False;False;False;False;False;True;False;False;False;False;;;False;False;False;False
D;12;T;;;;;;;1.8789978;0.137864381;0.401067695;Uncertain;Uncertain;Benign;Benign;Benign;Benign;Benign;Benign;Benign;Benign;Benign;;;;;False;False;False;False;False;True;False;False;False;False;;;False;False;False;False
D;12;V;;;;;;;4.6988525;0.26336626;0.576548553;Uncertain;Uncertain;Uncertain;Uncertain;Uncertain;Benign;Benign;Benign;Benign;Uncertain;Benign;;;;;False;False;False;False;False;True;False;False;False;False;;;False;False;False;False
D;12;W;;;;;;;7.596985;0.546028619;0.688903908;Uncertain;Uncertain;Uncertain;Uncertain;Uncertain;Uncertain;Uncertain;Uncertain;Uncertain;Uncertain;Uncertain;;;;;False;False;False;False;False;False;False;False;False;False;;;False;False;False;False
D;12;Y;;;;uncertain;7.99E-06;7.99E-06;6.5303955;0.393708272;0.670377974;Uncertain;Uncertain;Uncertain;Uncertain;Uncertain;Uncertain;Uncertain;Uncertain;Benign;Uncertain;Uncertain;6.475586;0.388230787;0.667950114;Uncertain;False;False;False;False;False;False;False;False;False;False;uncertain;uncertain;False;False;False;False
G;13;A;;;;;;;0.54522705;0.100517638;0.326218855;Uncertain;Benign;Benign;Benign;Benign;Benign;Benign;Benign;Benign;Benign;Benign;;;;;False;False;False;False;False;True;False;False;False;False;;;False;False;False;False
G;13;C;;;;;;;6.1611023;0.359986081;0.653410186;Uncertain;Uncertain;Uncertain;Uncertain;Uncertain;Uncertain;Uncertain;Benign;Benign;Uncertain;Uncertain;;;;;False;False;False;False;False;False;False;False;False;False;;;False;False;False;False
G;13;D;;;;;;;1.7428284;0.13347404;0.392937757;Uncertain;Uncertain;Benign;Benign;Benign;Benign;Benign;Benign;Benign;Benign;Benign;;;;;False;False;False;False;False;True;False;False;False;False;;;False;False;False;False
G;13;E;;;;;;;0.5991821;0.101800437;0.329021025;Uncertain;Benign;Benign;Benign;Benign;Benign;Benign;Benign;Benign;Benign;Benign;;;;;False;False;False;False;False;True;False;False;False;False;;;False;False;False;False
G;13;F;;;;;;;4.491974;0.251838769;0.564346237;Uncertain;Uncertain;Uncertain;Uncertain;Uncertain;Benign;Benign;Benign;Benign;Uncertain;Benign;;;;;False;False;False;False;False;True;False;False;False;False;;;False;False;False;False
G;13;G;;;;;;;;;;;;;;;;;;;;;;;;;False;False;False;False;False;False;False;False;False;False;;;False;False;False;False
G;13;H;;;;;;;3.0055847;0.179872982;0.471200829;Uncertain;Uncertain;Uncertain;Benign;Benign;Benign;Benign;Benign;Benign;Uncertain;Benign;;;;;False;False;False;False;False;True;False;False;False;False;;;False;False;False;False
G;13;I;;;;;;;5.206726;0.293343049;0.605117917;Uncertain;Uncertain;Uncertain;Uncertain;Uncertain;Uncertain;Benign;Benign;Benign;Uncertain;Benign;;;;;False;False;False;False;False;True;False;False;False;False;;;False;False;False;False
G;13;K;;;;;;;1.9285889;0.13949846;0.404051999;Uncertain;Uncertain;Benign;Benign;Benign;Benign;Benign;Benign;Benign;Benign;Benign;;;;;False;False;False;False;False;True;False;False;False;False;;;False;False;False;False
G;13;L;;;;;;;4.692047;0.262981072;0.576151987;Uncertain;Uncertain;Uncertain;Uncertain;Uncertain;Benign;Benign;Benign;Benign;Uncertain;Benign;;;;;False;False;False;False;False;True;False;False;False;False;;;False;False;False;False
G;13;M;;;;;;;4.970093;0.279061832;0.59206507;Uncertain;Uncertain;Uncertain;Uncertain;Uncertain;Benign;Benign;Benign;Benign;Uncertain;Benign;;;;;False;False;False;False;False;True;False;False;False;False;;;False;False;False;False
G;13;N;;;;;;;0.8479004;0.107945823;0.342198915;Uncertain;Benign;Benign;Benign;Benign;Benign;Benign;Benign;Benign;Benign;Benign;;;;;False;False;False;False;False;True;False;False;False;False;;;False;False;False;False
G;13;P;;;;;;;1.8421936;0.136663843;0.398860862;Uncertain;Uncertain;Benign;Benign;Benign;Benign;Benign;Benign;Benign;Benign;Benign;;;;;False;False;False;False;False;True;False;False;False;False;;;False;False;False;False
G;13;Q;;;;;;;1.8342896;0.136407368;0.398387827;Uncertain;Uncertain;Benign;Benign;Benign;Benign;Benign;Benign;Benign;Benign;Benign;;;;;False;False;False;False;False;True;False;False;False;False;;;False;False;False;False
G;13;R;Pathogenic;0;1;uncertain;;;2.8729858;0.174380397;0.462764354;Uncertain;Uncertain;Uncertain;Benign;Benign;Benign;Benign;Benign;Benign;Uncertain;Benign;2.8979492;0.175402959;0.464350705;Benign;False;False;False;True;False;True;False;False;False;False;pathogenic;Pathogenic;True;False;False;False
G;13;S;;;;;;;-1.0809326;0.069176587;0.251503808;Benign;Benign;Benign;Benign;Benign;Benign;Benign;Benign;Benign;Benign;Benign;;;;;False;False;False;False;False;True;False;False;False;False;;;False;False;False;False
G;13;T;;;;;;;1.2622986;0.11907411;0.365076152;Uncertain;Benign;Benign;Benign;Benign;Benign;Benign;Benign;Benign;Benign;Benign;;;;;False;False;False;False;False;True;False;False;False;False;;;False;False;False;False
G;13;V;;;;;;;2.7677917;0.170129636;0.456091709;Uncertain;Uncertain;Uncertain;Benign;Benign;Benign;Benign;Benign;Benign;Uncertain;Benign;;;;;False;False;False;False;False;True;False;False;False;False;;;False;False;False;False
G;13;W;;;;;;;5.4921875;0.311446039;0.620252784;Uncertain;Uncertain;Uncertain;Uncertain;Uncertain;Uncertain;Benign;Benign;Benign;Uncertain;Benign;;;;;False;False;False;False;False;True;False;False;False;False;;;False;False;False;False
G;13;Y;;;;;;;3.6824646;0.210276417;0.514322672;Uncertain;Uncertain;Uncertain;Uncertain;Benign;Benign;Benign;Benign;Benign;Uncertain;Benign;;;;;False;False;False;False;False;True;False;False;False;False;;;False;False;False;False
P;14;A;;;;;;;0.19058228;0.092512112;0.308311725;Uncertain;Benign;Benign;Benign;Benign;Benign;Benign;Benign;Benign;Benign;Benign;;;;;False;False;False;False;False;True;False;False;False;False;;;False;False;False;False
P;14;C;;;;;;;5.3308716;0.301085269;0.611781045;Uncertain;Uncertain;Uncertain;Uncertain;Uncertain;Uncertain;Benign;Benign;Benign;Uncertain;Benign;;;;;False;False;False;False;False;True;False;False;False;False;;;False;False;False;False
P;14;D;;;;;;;0.019165039;0.088896852;0.299978084;Benign;Benign;Benign;Benign;Benign;Benign;Benign;Benign;Benign;Benign;Benign;;;;;False;False;False;False;False;True;False;False;False;False;;;False;False;False;False
P;14;E;;;;;;;-0.17300415;0.085030432;0.290886711;Benign;Benign;Benign;Benign;Benign;Benign;Benign;Benign;Benign;Benign;Benign;;;;;False;False;False;False;False;True;False;False;False;False;;;False;False;False;False
P;14;F;;;;;;;3.8186035;0.216871368;0.522919538;Uncertain;Uncertain;Uncertain;Uncertain;Benign;Benign;Benign;Benign;Benign;Uncertain;Benign;;;;;False;False;False;False;False;True;False;False;False;False;;;False;False;False;False
P;14;G;;;;;;;-1.0466003;0.069709689;0.252887355;Benign;Benign;Benign;Benign;Benign;Benign;Benign;Benign;Benign;Benign;Benign;;;;;False;False;False;False;False;True;False;False;False;False;;;False;False;False;False
P;14;H;;;;;;;3.0057983;0.179881951;0.471214437;Uncertain;Uncertain;Uncertain;Benign;Benign;Benign;Benign;Benign;Benign;Uncertain;Benign;;;;;False;False;False;False;False;True;False;False;False;False;;;False;False;False;False
P;14;I;;;;;;;2.667572;0.166167001;0.449756128;Uncertain;Uncertain;Uncertain;Benign;Benign;Benign;Benign;Benign;Benign;Uncertain;Benign;;;;;False;False;False;False;False;True;False;False;False;False;;;False;False;False;False
P;14;K;;;;;;;-0.659729;0.076062946;0.269046802;Benign;Benign;Benign;Benign;Benign;Benign;Benign;Benign;Benign;Benign;Benign;;;;;False;False;False;False;False;True;False;False;False;False;;;False;False;False;False
P;14;L;;;;;;;2.97406;0.178553509;0.469193;Uncertain;Uncertain;Uncertain;Benign;Benign;Benign;Benign;Benign;Benign;Uncertain;Benign;;;;;False;False;False;False;False;True;False;False;False;False;;;False;False;False;False
P;14;M;;;;;;;4.506958;0.252661177;0.565239906;Uncertain;Uncertain;Uncertain;Uncertain;Uncertain;Benign;Benign;Benign;Benign;Uncertain;Benign;;;;;False;False;False;False;False;True;False;False;False;False;;;False;False;False;False
P;14;N;;;;;;;-0.7111206;0.075181221;0.266839509;Benign;Benign;Benign;Benign;Benign;Benign;Benign;Benign;Benign;Benign;Benign;;;;;False;False;False;False;False;True;False;False;False;False;;;False;False;False;False
P;14;P;;;;;;;;;;;;;;;;;;;;;;;;;False;False;False;False;False;False;False;False;False;False;;;False;False;False;False
P;14;Q;;;;;;;1.3786316;0.122408189;0.371695837;Uncertain;Benign;Benign;Benign;Benign;Benign;Benign;Benign;Benign;Benign;Benign;;;;;False;False;False;False;False;True;False;False;False;False;;;False;False;False;False
P;14;R;;;;;;;2.763855;0.169972382;0.455842418;Uncertain;Uncertain;Uncertain;Benign;Benign;Benign;Benign;Benign;Benign;Uncertain;Benign;;;;;False;False;False;False;False;True;False;False;False;False;;;False;False;False;False
P;14;S;;;;;;;0.27233887;0.094293553;0.312360569;Uncertain;Benign;Benign;Benign;Benign;Benign;Benign;Benign;Benign;Benign;Benign;;;;;False;False;False;False;False;True;False;False;False;False;;;False;False;False;False
P;14;T;;;;;;;-0.26895142;0.083171182;0.28644699;Benign;Benign;Benign;Benign;Benign;Benign;Benign;Benign;Benign;Benign;Benign;;;;;False;False;False;False;False;True;False;False;False;False;;;False;False;False;False
P;14;V;;;;;;;1.0502319;0.113236256;0.353228473;Uncertain;Benign;Benign;Benign;Benign;Benign;Benign;Benign;Benign;Benign;Benign;;;;;False;False;False;False;False;True;False;False;False;False;;;False;False;False;False
P;14;W;;;;;;;5.255707;0.296375542;0.607761956;Uncertain;Uncertain;Uncertain;Uncertain;Uncertain;Uncertain;Benign;Benign;Benign;Uncertain;Benign;;;;;False;False;False;False;False;True;False;False;False;False;;;False;False;False;False
P;14;Y;;;;;;;3.7952576;0.215729028;0.521448936;Uncertain;Uncertain;Uncertain;Uncertain;Benign;Benign;Benign;Benign;Benign;Uncertain;Benign;;;;;False;False;False;False;False;True;False;False;False;False;;;False;False;False;False
V;15;A;;;;uncertain;7.99E-06;7.99E-06;3.785431;0.215249612;0.520829459;Uncertain;Uncertain;Uncertain;Uncertain;Benign;Benign;Benign;Benign;Benign;Uncertain;Benign;3.8037415;0.216143609;0.521983541;Benign;False;False;True;False;False;True;False;False;False;False;uncertain;uncertain;False;False;False;False
V;15;C;;;;;;;7.5901794;0.544810467;0.689125831;Uncertain;Uncertain;Uncertain;Uncertain;Uncertain;Uncertain;Uncertain;Uncertain;Uncertain;Uncertain;Uncertain;;;;;False;False;True;False;False;False;False;False;False;False;;;False;False;False;False
V;15;D;;;;;;;8.428528;0.690170525;0.618964156;Uncertain;Uncertain;Uncertain;Uncertain;Uncertain;Uncertain;Pathogenic;Pathogenic;Pathogenic;Uncertain;Pathogenic;;;;;False;False;True;False;False;False;True;False;False;True;pathogenic;Likely Pathogenic;False;False;False;False
V;15;E;;;;;;;9.597443;0.819741246;0.47178562;Uncertain;Uncertain;Uncertain;Pathogenic;Pathogenic;Pathogenic;Pathogenic;Pathogenic;Pathogenic;Uncertain;Pathogenic;;;;;False;False;True;False;False;False;True;False;False;True;pathogenic;Likely Pathogenic;False;False;False;False
V;15;F;;;;;;;9.825226;0.836214298;0.445894456;Uncertain;Uncertain;Uncertain;Pathogenic;Pathogenic;Pathogenic;Pathogenic;Pathogenic;Pathogenic;Uncertain;Pathogenic;;;;;False;False;True;False;False;False;True;False;False;True;pathogenic;Likely Pathogenic;False;False;False;False
V;15;G;;;;;;;8.436523;0.691384332;0.61798855;Uncertain;Uncertain;Uncertain;Uncertain;Uncertain;Uncertain;Pathogenic;Pathogenic;Pathogenic;Uncertain;Pathogenic;;;;;False;False;True;False;False;False;True;False;False;True;pathogenic;Likely Pathogenic;False;False;False;False
V;15;H;;;;;;;9.873993;0.839485615;0.440521863;Uncertain;Uncertain;Uncertain;Pathogenic;Pathogenic;Pathogenic;Pathogenic;Pathogenic;Pathogenic;Uncertain;Pathogenic;;;;;False;False;True;False;False;False;True;False;False;True;pathogenic;Likely Pathogenic;False;False;False;False
V;15;I;;;;;;;3.5795593;0.205398021;0.507795217;Uncertain;Uncertain;Uncertain;Uncertain;Benign;Benign;Benign;Benign;Benign;Uncertain;Benign;;;;;False;False;True;False;False;True;False;False;False;False;;;False;False;False;False
V;15;K;;;;;;;8.255005;0.662684161;0.639239015;Uncertain;Uncertain;Uncertain;Uncertain;Uncertain;Uncertain;Uncertain;Pathogenic;Pathogenic;Uncertain;Pathogenic;;;;;False;False;True;False;False;False;True;False;False;True;pathogenic;Likely Pathogenic;False;False;False;False
V;15;L;;;;;;;5.1101074;0.287440683;0.599844177;Uncertain;Uncertain;Uncertain;Uncertain;Uncertain;Uncertain;Benign;Benign;Benign;Uncertain;Benign;;;;;False;False;True;False;False;True;False;False;False;False;;;False;False;False;False
V;15;M;Likely pathogenic;1;1;pathogenic;;;8.443298;0.692409159;0.617159463;Uncertain;Uncertain;Uncertain;Uncertain;Uncertain;Uncertain;Pathogenic;Pathogenic;Pathogenic;Uncertain;Pathogenic;8.550293;0.708130627;0.603817014;Pathogenic;False;False;True;True;False;False;True;False;False;True;pathogenic;Likely Pathogenic;False;False;False;False
V;15;N;;;;;;;8.780884;0.739020329;0.57407913;Uncertain;Uncertain;Uncertain;Uncertain;Uncertain;Pathogenic;Pathogenic;Pathogenic;Pathogenic;Uncertain;Pathogenic;;;;;False;False;True;False;False;False;True;False;False;True;pathogenic;Likely Pathogenic;False;False;False;False
V;15;P;;;;;;;6.072937;0.352864206;0.649201687;Uncertain;Uncertain;Uncertain;Uncertain;Uncertain;Uncertain;Uncertain;Benign;Benign;Uncertain;Benign;;;;;False;False;True;False;False;True;False;False;False;False;;;False;False;False;False
V;15;Q;;;;;;;8.118225;0.639620964;0.653635967;Uncertain;Uncertain;Uncertain;Uncertain;Uncertain;Uncertain;Uncertain;Pathogenic;Pathogenic;Uncertain;Uncertain;;;;;False;False;True;False;False;False;False;False;False;False;;;False;False;False;False
V;15;R;;;;;;;7.698395;0.564326174;0.684848486;Uncertain;Uncertain;Uncertain;Uncertain;Uncertain;Uncertain;Uncertain;Uncertain;Pathogenic;Uncertain;Uncertain;;;;;False;False;True;False;False;False;False;False;False;False;;;False;False;False;False
V;15;S;;;;;;;6.43808;0.384588434;0.666265774;Uncertain;Uncertain;Uncertain;Uncertain;Uncertain;Uncertain;Uncertain;Benign;Benign;Uncertain;Uncertain;;;;;False;False;True;False;False;False;False;False;False;False;;;False;False;False;False
V;15;T;;;;;;;4.7642517;0.267088902;0.580341849;Uncertain;Uncertain;Uncertain;Uncertain;Uncertain;Benign;Benign;Benign;Benign;Uncertain;Benign;;;;;False;False;True;False;False;True;False;False;False;False;;;False;False;False;False
V;15;V;;;;;;;;;;;;;;;;;;;;;;;;;False;False;True;False;False;False;False;False;False;False;;;False;False;False;False
V;15;W;;;;;;;9.574341;0.817951865;0.474485003;Uncertain;Uncertain;Uncertain;Pathogenic;Pathogenic;Pathogenic;Pathogenic;Pathogenic;Pathogenic;Uncertain;Pathogenic;;;;;False;False;True;False;False;False;True;False;False;True;pathogenic;Likely Pathogenic;False;False;False;False
V;15;Y;;;;;;;8.838104;0.746062949;0.566619246;Uncertain;Uncertain;Uncertain;Uncertain;Uncertain;Pathogenic;Pathogenic;Pathogenic;Pathogenic;Uncertain;Pathogenic;;;;;False;False;True;False;False;False;True;False;False;True;pathogenic;Likely Pathogenic;False;False;False;False
Q;16;A;;;;;;;0.9604492;0.110855651;0.348300551;Uncertain;Benign;Benign;Benign;Benign;Benign;Benign;Benign;Benign;Benign;Benign;;;;;False;False;False;False;False;True;False;False;False;False;;;False;False;False;False
Q;16;C;;;;;;;3.1815796;0.187396413;0.482425636;Uncertain;Uncertain;Uncertain;Benign;Benign;Benign;Benign;Benign;Benign;Uncertain;Benign;;;;;False;False;False;False;False;True;False;False;False;False;;;False;False;False;False
Q;16;D;;;;;;;1.4796143;0.125379907;0.377508766;Uncertain;Benign;Benign;Benign;Benign;Benign;Benign;Benign;Benign;Benign;Benign;;;;;False;False;False;False;False;True;False;False;False;False;;;False;False;False;False
Q;16;E;;;;;;;0.32162476;0.095385716;0.314824413;Uncertain;Benign;Benign;Benign;Benign;Benign;Benign;Benign;Benign;Benign;Benign;;;;;False;False;False;False;False;True;False;False;False;False;;;False;False;False;False
Q;16;F;;;;;;;2.0245972;0.142716139;0.409863593;Uncertain;Uncertain;Benign;Benign;Benign;Benign;Benign;Benign;Benign;Uncertain;Benign;;;;;False;False;False;False;False;True;False;False;False;False;;;False;False;False;False
Q;16;G;;;;;;;1.4788208;0.125356271;0.377462853;Uncertain;Benign;Benign;Benign;Benign;Benign;Benign;Benign;Benign;Benign;Benign;;;;;False;False;False;False;False;True;False;False;False;False;;;False;False;False;False
Q;16;H;;;;;;;0.52822876;0.100117133;0.325340265;Uncertain;Benign;Benign;Benign;Benign;Benign;Benign;Benign;Benign;Benign;Benign;;;;;False;False;False;False;False;True;False;False;False;False;;;False;False;False;False
Q;16;I;;;;;;;1.2822571;0.119639396;0.366205896;Uncertain;Benign;Benign;Benign;Benign;Benign;Benign;Benign;Benign;Benign;Benign;;;;;False;False;False;False;False;True;False;False;False;False;;;False;False;False;False
Q;16;K;;;;;;;-1.916687;0.057587139;0.220276177;Benign;Benign;Benign;Benign;Benign;Benign;Benign;Benign;Benign;Benign;Benign;;;;;False;False;False;False;False;True;False;False;False;False;;;False;False;False;False
Q;16;L;;;;;;;2.4230042;0.156849479;0.434408472;Uncertain;Uncertain;Benign;Benign;Benign;Benign;Benign;Benign;Benign;Uncertain;Benign;;;;;False;False;False;False;False;True;False;False;False;False;;;False;False;False;False
Q;16;M;;;;;;;2.3403015;0.153810364;0.429262004;Uncertain;Uncertain;Benign;Benign;Benign;Benign;Benign;Benign;Benign;Uncertain;Benign;;;;;False;False;False;False;False;True;False;False;False;False;;;False;False;False;False
Q;16;N;;;;;;;-0.54241943;0.078120825;0.274155611;Benign;Benign;Benign;Benign;Benign;Benign;Benign;Benign;Benign;Benign;Benign;;;;;False;False;False;False;False;True;False;False;False;False;;;False;False;False;False
Q;16;P;;;;;;;3.636444;0.208083376;0.511406191;Uncertain;Uncertain;Uncertain;Uncertain;Benign;Benign;Benign;Benign;Benign;Uncertain;Benign;;;;;False;False;False;False;False;True;False;False;False;False;;;False;False;False;False
Q;16;Q;;;;;;;;;;;;;;;;;;;;;;;;;False;False;False;False;False;False;False;False;False;False;;;False;False;False;False
Q;16;R;;;;uncertain;;;0.68115234;0.103783248;0.333316978;Uncertain;Benign;Benign;Benign;Benign;Benign;Benign;Benign;Benign;Benign;Benign;0.6937561;0.104091795;0.333981656;Benign;False;False;False;False;False;True;False;False;False;False;uncertain;uncertain;False;False;False;False
Q;16;S;;;;;;;-1.6160583;0.061463852;0.23097651;Benign;Benign;Benign;Benign;Benign;Benign;Benign;Benign;Benign;Benign;Benign;;;;;False;False;False;False;False;True;False;False;False;False;;;False;False;False;False
Q;16;T;;;;;;;-1.521637;0.062746569;0.234458861;Benign;Benign;Benign;Benign;Benign;Benign;Benign;Benign;Benign;Benign;Benign;;;;;False;False;False;False;False;True;False;False;False;False;;;False;False;False;False
Q;16;V;;;;;;;1.75177;0.133758027;0.39346863;Uncertain;Uncertain;Benign;Benign;Benign;Benign;Benign;Benign;Benign;Benign;Benign;;;;;False;False;False;False;False;True;False;False;False;False;;;False;False;False;False
Q;16;W;;;;;;;3.8874512;0.220267591;0.527246433;Uncertain;Uncertain;Uncertain;Uncertain;Benign;Benign;Benign;Benign;Benign;Uncertain;Benign;;;;;False;False;False;False;False;True;False;False;False;False;;;False;False;False;False
Q;16;Y;;;;;;;1.6213684;0.129675615;0.385769597;Uncertain;Uncertain;Benign;Benign;Benign;Benign;Benign;Benign;Benign;Benign;Benign;;;;;False;False;False;False;False;True;False;False;False;False;;;False;False;False;False
G;17;A;Likely pathogenic;1;1;pathogenic;3.99E-06;3.99E-06;7.751343;0.57394957;0.682169876;Uncertain;Uncertain;Uncertain;Uncertain;Uncertain;Uncertain;Uncertain;Uncertain;Pathogenic;Uncertain;Uncertain;7.7781982;0.578837311;0.680664511;Uncertain;False;False;True;True;False;False;False;False;False;False;pathogenic;Likely pathogenic;False;False;False;False
G;17;C;;;;;;;10.839874;0.890284302;0.345920521;Uncertain;Pathogenic;Pathogenic;Pathogenic;Pathogenic;Pathogenic;Pathogenic;Pathogenic;Pathogenic;Pathogenic;Pathogenic;;;;;False;False;True;False;False;False;True;False;False;True;pathogenic;Likely Pathogenic;False;False;False;False
G;17;D;;;;;;;11.471191;0.912850225;0.295893367;Pathogenic;Pathogenic;Pathogenic;Pathogenic;Pathogenic;Pathogenic;Pathogenic;Pathogenic;Pathogenic;Pathogenic;Pathogenic;;;;;False;False;True;False;False;False;True;False;False;True;pathogenic;Likely Pathogenic;False;False;False;False
G;17;E;;;;;;;11.194031;0.90378725;0.316680937;Uncertain;Pathogenic;Pathogenic;Pathogenic;Pathogenic;Pathogenic;Pathogenic;Pathogenic;Pathogenic;Pathogenic;Pathogenic;;;;;False;False;True;False;False;False;True;False;False;True;pathogenic;Likely Pathogenic;False;False;False;False
G;17;F;;;;;;;11.287415;0.906981613;0.309466198;Uncertain;Pathogenic;Pathogenic;Pathogenic;Pathogenic;Pathogenic;Pathogenic;Pathogenic;Pathogenic;Pathogenic;Pathogenic;;;;;False;False;True;False;False;False;True;False;False;True;pathogenic;Likely Pathogenic;False;False;False;False
G;17;G;;;;;;;;;;;;;;;;;;;;;;;;;False;False;True;False;False;False;False;False;False;False;;;False;False;False;False
G;17;H;;;;;;;11.172546;0.903031504;0.318370556;Uncertain;Pathogenic;Pathogenic;Pathogenic;Pathogenic;Pathogenic;Pathogenic;Pathogenic;Pathogenic;Pathogenic;Pathogenic;;;;;False;False;True;False;False;False;True;False;False;True;pathogenic;Likely Pathogenic;False;False;False;False
G;17;I;;;;;;;11.113953;0.900930174;0.323034352;Uncertain;Pathogenic;Pathogenic;Pathogenic;Pathogenic;Pathogenic;Pathogenic;Pathogenic;Pathogenic;Pathogenic;Pathogenic;;;;;False;False;True;False;False;False;True;False;False;True;pathogenic;Likely Pathogenic;False;False;False;False
G;17;K;;;;;;;11.439301;0.911870766;0.298188053;Pathogenic;Pathogenic;Pathogenic;Pathogenic;Pathogenic;Pathogenic;Pathogenic;Pathogenic;Pathogenic;Pathogenic;Pathogenic;;;;;False;False;True;False;False;False;True;False;False;True;pathogenic;Likely Pathogenic;False;False;False;False
G;17;L;;;;;;;9.747253;0.830803894;0.454609245;Uncertain;Uncertain;Uncertain;Pathogenic;Pathogenic;Pathogenic;Pathogenic;Pathogenic;Pathogenic;Uncertain;Pathogenic;;;;;False;False;True;False;False;False;True;False;False;True;pathogenic;Likely Pathogenic;False;False;False;False
G;17;M;;;;;;;7.7630005;0.57607106;0.6815285;Uncertain;Uncertain;Uncertain;Uncertain;Uncertain;Uncertain;Uncertain;Uncertain;Pathogenic;Uncertain;Uncertain;;;;;False;False;True;False;False;False;False;False;False;False;;;False;False;False;False
G;17;N;;;;;;;9.921143;0.842569677;0.435384097;Uncertain;Uncertain;Pathogenic;Pathogenic;Pathogenic;Pathogenic;Pathogenic;Pathogenic;Pathogenic;Uncertain;Pathogenic;;;;;False;False;True;False;False;False;True;False;False;True;pathogenic;Likely Pathogenic;False;False;False;False
G;17;P;;;;;;;10.838776;0.89023883;0.346015714;Uncertain;Pathogenic;Pathogenic;Pathogenic;Pathogenic;Pathogenic;Pathogenic;Pathogenic;Pathogenic;Pathogenic;Pathogenic;;;;;False;False;True;False;False;False;True;False;False;True;pathogenic;Likely Pathogenic;False;False;False;False
G;17;Q;;;;;;;10.518982;0.875947567;0.374922167;Uncertain;Pathogenic;Pathogenic;Pathogenic;Pathogenic;Pathogenic;Pathogenic;Pathogenic;Pathogenic;Pathogenic;Pathogenic;;;;;False;False;True;False;False;False;True;False;False;True;pathogenic;Likely Pathogenic;False;False;False;False
G;17;R;;;;;;;11.122467;0.901239203;0.322351603;Uncertain;Pathogenic;Pathogenic;Pathogenic;Pathogenic;Pathogenic;Pathogenic;Pathogenic;Pathogenic;Pathogenic;Pathogenic;;;;;False;False;True;False;False;False;True;False;False;True;pathogenic;Likely Pathogenic;False;False;False;False
G;17;S;Pathogenic;0;1;uncertain;;;8.532288;0.705546484;0.606091271;Uncertain;Uncertain;Uncertain;Uncertain;Uncertain;Uncertain;Pathogenic;Pathogenic;Pathogenic;Uncertain;Pathogenic;8.4565735;0.694407256;0.61552881;Pathogenic;False;False;True;True;False;False;True;False;False;True;pathogenic;Likely Pathogenic;False;False;False;False
G;17;T;;;;;;;11.045227;0.898389044;0.328608257;Uncertain;Pathogenic;Pathogenic;Pathogenic;Pathogenic;Pathogenic;Pathogenic;Pathogenic;Pathogenic;Pathogenic;Pathogenic;;;;;False;False;True;False;False;False;True;False;False;True;pathogenic;Likely Pathogenic;False;False;False;False
G;17;V;;;;;;;10.9436035;0.894476211;0.337053165;Uncertain;Pathogenic;Pathogenic;Pathogenic;Pathogenic;Pathogenic;Pathogenic;Pathogenic;Pathogenic;Pathogenic;Pathogenic;;;;;False;False;True;False;False;False;True;False;False;True;pathogenic;Likely Pathogenic;False;False;False;False
G;17;W;;;;;;;11.096863;0.900306046;0.324410001;Uncertain;Pathogenic;Pathogenic;Pathogenic;Pathogenic;Pathogenic;Pathogenic;Pathogenic;Pathogenic;Pathogenic;Pathogenic;;;;;False;False;True;False;False;False;True;False;False;True;pathogenic;Likely Pathogenic;False;False;False;False
G;17;Y;;;;;;;11.27005;0.906398638;0.310791811;Uncertain;Pathogenic;Pathogenic;Pathogenic;Pathogenic;Pathogenic;Pathogenic;Pathogenic;Pathogenic;Pathogenic;Pathogenic;;;;;False;False;True;False;False;False;True;False;False;True;pathogenic;Likely Pathogenic;False;False;False;False
I;18;A;;;;;;;1.6893005;0.13178652;0.389768752;Uncertain;Uncertain;Benign;Benign;Benign;Benign;Benign;Benign;Benign;Benign;Benign;;;;;False;False;False;False;False;True;False;False;False;False;;;False;False;False;False
I;18;C;;;;;;;4.4448547;0.249265217;0.561526462;Uncertain;Uncertain;Uncertain;Uncertain;Uncertain;Benign;Benign;Benign;Benign;Uncertain;Benign;;;;;False;False;False;False;False;True;False;False;False;False;;;False;False;False;False
I;18;D;;;;;;;2.6156006;0.164145332;0.446480298;Uncertain;Uncertain;Uncertain;Benign;Benign;Benign;Benign;Benign;Benign;Uncertain;Benign;;;;;False;False;False;False;False;True;False;False;False;False;;;False;False;False;False
I;18;E;;;;;;;1.7583618;0.133967769;0.393860266;Uncertain;Uncertain;Benign;Benign;Benign;Benign;Benign;Benign;Benign;Benign;Benign;;;;;False;False;False;False;False;True;False;False;False;False;;;False;False;False;False
I;18;F;;;;;;;3.2986755;0.192550278;0.489899835;Uncertain;Uncertain;Uncertain;Benign;Benign;Benign;Benign;Benign;Benign;Uncertain;Benign;;;;;False;False;False;False;False;True;False;False;False;False;;;False;False;False;False
I;18;G;;;;;;;4.9080505;0.275411169;0.588566941;Uncertain;Uncertain;Uncertain;Uncertain;Uncertain;Benign;Benign;Benign;Benign;Uncertain;Benign;;;;;False;False;False;False;False;True;False;False;False;False;;;False;False;False;False
I;18;H;;;;;;;2.8232422;0.172358606;0.459606442;Uncertain;Uncertain;Uncertain;Benign;Benign;Benign;Benign;Benign;Benign;Uncertain;Benign;;;;;False;False;False;False;False;True;False;False;False;False;;;False;False;False;False
I;18;I;;;;;;;;;;;;;;;;;;;;;;;;;False;False;False;False;False;False;False;False;False;False;;;False;False;False;False
I;18;K;;;;;;;1.5004272;0.126001474;0.378714365;Uncertain;Uncertain;Benign;Benign;Benign;Benign;Benign;Benign;Benign;Benign;Benign;;;;;False;False;False;False;False;True;False;False;False;False;;;False;False;False;False
I;18;L;;;;;;;1.3857727;0.122615951;0.372104891;Uncertain;Benign;Benign;Benign;Benign;Benign;Benign;Benign;Benign;Benign;Benign;;;;;False;False;False;False;False;True;False;False;False;False;;;False;False;False;False
I;18;M;;;;;;;2.776062;0.170460428;0.456615529;Uncertain;Uncertain;Uncertain;Benign;Benign;Benign;Benign;Benign;Benign;Uncertain;Benign;;;;;False;False;False;False;False;True;False;False;False;False;;;False;False;False;False
I;18;N;;;;;;;0.87002563;0.108511386;0.343391667;Uncertain;Benign;Benign;Benign;Benign;Benign;Benign;Benign;Benign;Benign;Benign;;;;;False;False;False;False;False;True;False;False;False;False;;;False;False;False;False
I;18;P;;;;;;;4.9620667;0.278587461;0.591614275;Uncertain;Uncertain;Uncertain;Uncertain;Uncertain;Benign;Benign;Benign;Benign;Uncertain;Benign;;;;;False;False;False;False;False;True;False;False;False;False;;;False;False;False;False
I;18;Q;;;;;;;1.9512024;0.140249897;0.405416862;Uncertain;Uncertain;Benign;Benign;Benign;Benign;Benign;Benign;Benign;Benign;Benign;;;;;False;False;False;False;False;True;False;False;False;False;;;False;False;False;False
I;18;R;;;;;;;2.5178528;0.160404075;0.440339321;Uncertain;Uncertain;Uncertain;Benign;Benign;Benign;Benign;Benign;Benign;Uncertain;Benign;;;;;False;False;False;False;False;True;False;False;False;False;;;False;False;False;False
I;18;S;;;;;;;0.81811523;0.107189403;0.340598458;Uncertain;Benign;Benign;Benign;Benign;Benign;Benign;Benign;Benign;Benign;Benign;;;;;False;False;False;False;False;True;False;False;False;False;;;False;False;False;False
I;18;T;;;;;;;-2.5207214;0.050671798;0.20048858;Benign;Benign;Benign;Benign;Benign;Benign;Benign;Benign;Benign;Benign;Benign;;;;;False;False;False;False;False;True;False;False;False;False;;;False;False;False;False
I;18;V;;;;uncertain;3.99E-06;3.99E-06;-1.6608582;0.060866379;0.229344769;Benign;Benign;Benign;Benign;Benign;Benign;Benign;Benign;Benign;Benign;Benign;-1.7408752;0.059816721;0.226462927;Benign;False;False;False;False;False;True;False;False;False;False;uncertain;uncertain;False;False;False;False
I;18;W;;;;;;;3.3283386;0.193874733;0.491792842;Uncertain;Uncertain;Uncertain;Benign;Benign;Benign;Benign;Benign;Benign;Uncertain;Benign;;;;;False;False;False;False;False;True;False;False;False;False;;;False;False;False;False
I;18;Y;;;;;;;2.7192078;0.168198078;0.453017498;Uncertain;Uncertain;Uncertain;Benign;Benign;Benign;Benign;Benign;Benign;Uncertain;Benign;;;;;False;False;False;False;False;True;False;False;False;False;;;False;False;False;False
I;19;A;;;;;;;4.560608;0.25562174;0.568427396;Uncertain;Uncertain;Uncertain;Uncertain;Uncertain;Benign;Benign;Benign;Benign;Uncertain;Benign;;;;;False;False;False;False;False;True;False;False;False;False;;;False;False;False;False
I;19;C;;;;;;;8.297028;0.669534481;0.63450782;Uncertain;Uncertain;Uncertain;Uncertain;Uncertain;Uncertain;Pathogenic;Pathogenic;Pathogenic;Uncertain;Pathogenic;;;;;False;False;False;False;False;False;True;False;False;False;;;False;False;False;False
I;19;D;;;;;;;8.682251;0.726305766;0.586898687;Uncertain;Uncertain;Uncertain;Uncertain;Uncertain;Pathogenic;Pathogenic;Pathogenic;Pathogenic;Uncertain;Pathogenic;;;;;False;False;False;False;False;False;True;False;False;False;;;False;False;False;False
I;19;E;;;;;;;8.888794;0.752102522;0.560013478;Uncertain;Uncertain;Uncertain;Uncertain;Uncertain;Pathogenic;Pathogenic;Pathogenic;Pathogenic;Uncertain;Pathogenic;;;;;False;False;False;False;False;False;True;False;False;False;;;False;False;False;False
I;19;F;;;;;;;5.7704163;0.330314694;0.634401273;Uncertain;Uncertain;Uncertain;Uncertain;Uncertain;Uncertain;Benign;Benign;Benign;Uncertain;Benign;;;;;False;False;False;False;False;True;False;False;False;False;;;False;False;False;False
I;19;G;;;;;;;8.846466;0.747072035;0.56552904;Uncertain;Uncertain;Uncertain;Uncertain;Uncertain;Pathogenic;Pathogenic;Pathogenic;Pathogenic;Uncertain;Pathogenic;;;;;False;False;False;False;False;False;True;False;False;False;;;False;False;False;False
I;19;H;;;;;;;8.745056;0.734486812;0.578744906;Uncertain;Uncertain;Uncertain;Uncertain;Uncertain;Pathogenic;Pathogenic;Pathogenic;Pathogenic;Uncertain;Pathogenic;;;;;False;False;False;False;False;False;True;False;False;False;;;False;False;False;False
I;19;I;;;;;;;;;;;;;;;;;;;;;;;;;False;False;False;False;False;False;False;False;False;False;;;False;False;False;False
I;19;K;;;;;;;8.784302;0.739447813;0.573633695;Uncertain;Uncertain;Uncertain;Uncertain;Uncertain;Pathogenic;Pathogenic;Pathogenic;Pathogenic;Uncertain;Pathogenic;;;;;False;False;False;False;False;False;True;False;False;False;;;False;False;False;False
I;19;L;;;;;;;1.7119751;0.132498742;0.391109258;Uncertain;Uncertain;Benign;Benign;Benign;Benign;Benign;Benign;Benign;Benign;Benign;;;;;False;False;False;False;False;True;False;False;False;False;;;False;False;False;False
I;19;M;;;;uncertain;4.00E-06;4.00E-06;8.645935;0.721437716;0.591590318;Uncertain;Uncertain;Uncertain;Uncertain;Uncertain;Pathogenic;Pathogenic;Pathogenic;Pathogenic;Uncertain;Pathogenic;8.65979;0.72330689;0.5898029;Pathogenic;False;False;False;False;False;False;True;False;False;False;uncertain;uncertain;False;False;False;False
I;19;N;;;;;;;7.7749023;0.578237378;0.680854553;Uncertain;Uncertain;Uncertain;Uncertain;Uncertain;Uncertain;Uncertain;Uncertain;Pathogenic;Uncertain;Uncertain;;;;;False;False;False;False;False;False;False;False;False;False;;;False;False;False;False
I;19;P;;;;;;;8.808655;0.742468512;0.570459063;Uncertain;Uncertain;Uncertain;Uncertain;Uncertain;Pathogenic;Pathogenic;Pathogenic;Pathogenic;Uncertain;Pathogenic;;;;;False;False;False;False;False;False;True;False;False;False;;;False;False;False;False
I;19;Q;;;;;;;8.803192;0.74179471;0.571171323;Uncertain;Uncertain;Uncertain;Uncertain;Uncertain;Pathogenic;Pathogenic;Pathogenic;Pathogenic;Uncertain;Pathogenic;;;;;False;False;False;False;False;False;True;False;False;False;;;False;False;False;False
I;19;R;;;;;;;8.897919;0.753170193;0.558825455;Uncertain;Uncertain;Uncertain;Uncertain;Uncertain;Pathogenic;Pathogenic;Pathogenic;Pathogenic;Uncertain;Pathogenic;;;;;False;False;False;False;False;False;True;False;False;False;;;False;False;False;False
I;19;S;;;;;;;8.86145;0.748867553;0.563575848;Uncertain;Uncertain;Uncertain;Uncertain;Uncertain;Pathogenic;Pathogenic;Pathogenic;Pathogenic;Uncertain;Pathogenic;;;;;False;False;False;False;False;False;True;False;False;False;;;False;False;False;False
I;19;T;Uncertain significance;1;1;uncertain;;;6.3715515;0.378326452;0.663238897;Uncertain;Uncertain;Uncertain;Uncertain;Uncertain;Uncertain;Uncertain;Benign;Benign;Uncertain;Uncertain;6.2713013;0.36933174;0.658599064;Uncertain;False;False;False;False;False;False;False;False;False;False;uncertain;Uncertain significance;False;False;False;False
I;19;V;;;;;;;-0.5265503;0.078404107;0.274854238;Benign;Benign;Benign;Benign;Benign;Benign;Benign;Benign;Benign;Benign;Benign;;;;;False;False;False;False;False;True;False;False;False;False;;;False;False;False;False
I;19;W;;;;;;;8.80368;0.741854989;0.5711077;Uncertain;Uncertain;Uncertain;Uncertain;Uncertain;Pathogenic;Pathogenic;Pathogenic;Pathogenic;Uncertain;Pathogenic;;;;;False;False;False;False;False;False;True;False;False;False;;;False;False;False;False
I;19;Y;;;;;;;8.904877;0.75398035;0.557919884;Uncertain;Uncertain;Uncertain;Uncertain;Uncertain;Pathogenic;Pathogenic;Pathogenic;Pathogenic;Uncertain;Pathogenic;;;;;False;False;False;False;False;False;True;False;False;False;;;False;False;False;False
N;20;A;;;;;;;2.7148743;0.168026758;0.452743547;Uncertain;Uncertain;Uncertain;Benign;Benign;Benign;Benign;Benign;Benign;Uncertain;Benign;;;;;False;False;False;False;False;True;False;False;False;False;;;False;False;False;False
N;20;C;;;;;;;3.3335266;0.194107161;0.492123885;Uncertain;Uncertain;Uncertain;Benign;Benign;Benign;Benign;Benign;Benign;Uncertain;Benign;;;;;False;False;False;False;False;True;False;False;False;False;;;False;False;False;False
N;20;D;;;;;;;1.7085571;0.132391135;0.39090701;Uncertain;Uncertain;Benign;Benign;Benign;Benign;Benign;Benign;Benign;Benign;Benign;;;;;False;False;False;False;False;True;False;False;False;False;;;False;False;False;False
N;20;E;;;;;;;1.3139954;0.120544032;0.368007538;Uncertain;Benign;Benign;Benign;Benign;Benign;Benign;Benign;Benign;Benign;Benign;;;;;False;False;False;False;False;True;False;False;False;False;;;False;False;False;False
N;20;F;;;;;;;-0.31573486;0.082281369;0.284306211;Benign;Benign;Benign;Benign;Benign;Benign;Benign;Benign;Benign;Benign;Benign;;;;;False;False;False;False;False;True;False;False;False;False;;;False;False;False;False
N;20;G;;;;;;;3.8812866;0.219961825;0.52685964;Uncertain;Uncertain;Uncertain;Uncertain;Benign;Benign;Benign;Benign;Benign;Uncertain;Benign;;;;;False;False;False;False;False;True;False;False;False;False;;;False;False;False;False
N;20;H;;;;;;;-1.2322083;0.066884406;0.245504274;Benign;Benign;Benign;Benign;Benign;Benign;Benign;Benign;Benign;Benign;Benign;;;;;False;False;False;False;False;True;False;False;False;False;;;False;False;False;False
N;20;I;;;;;;;1.0892944;0.114288714;0.355389038;Uncertain;Benign;Benign;Benign;Benign;Benign;Benign;Benign;Benign;Benign;Benign;;;;;False;False;False;False;False;True;False;False;False;False;;;False;False;False;False
N;20;K;;;;;;;-0.40994263;0.080522243;0.28004302;Benign;Benign;Benign;Benign;Benign;Benign;Benign;Benign;Benign;Benign;Benign;;;;;False;False;False;False;False;True;False;False;False;False;;;False;False;False;False
N;20;L;;;;;;;1.6303711;0.129953399;0.386298109;Uncertain;Uncertain;Benign;Benign;Benign;Benign;Benign;Benign;Benign;Benign;Benign;;;;;False;False;False;False;False;True;False;False;False;False;;;False;False;False;False
N;20;M;;;;;;;2.5519714;0.161700918;0.442479657;Uncertain;Uncertain;Uncertain;Benign;Benign;Benign;Benign;Benign;Benign;Uncertain;Benign;;;;;False;False;False;False;False;True;False;False;False;False;;;False;False;False;False
N;20;N;;;;;;;;;;;;;;;;;;;;;;;;;False;False;False;False;False;False;False;False;False;False;;;False;False;False;False
N;20;P;;;;;;;5.135376;0.288974464;0.601230878;Uncertain;Uncertain;Uncertain;Uncertain;Uncertain;Uncertain;Benign;Benign;Benign;Uncertain;Benign;;;;;False;False;False;False;False;True;False;False;False;False;;;False;False;False;False
N;20;Q;;;;;;;1.3850403;0.122594626;0.372062924;Uncertain;Benign;Benign;Benign;Benign;Benign;Benign;Benign;Benign;Benign;Benign;;;;;False;False;False;False;False;True;False;False;False;False;;;False;False;False;False
N;20;R;;;;;;;0.09057617;0.090383491;0.303424184;Uncertain;Benign;Benign;Benign;Benign;Benign;Benign;Benign;Benign;Benign;Benign;;;;;False;False;False;False;False;True;False;False;False;False;;;False;False;False;False
N;20;S;Conflicting interpretations of pathogenicity;1;2;uncertain;7.81E-05;7.81E-05;0.868103;0.108462115;0.343287889;Uncertain;Benign;Benign;Benign;Benign;Benign;Benign;Benign;Benign;Benign;Benign;0.87854004;0.108729868;0.343851553;Benign;True;False;False;False;False;True;False;True;False;False;benign;Benign;False;False;False;False
N;20;T;;;;;;;-1.4647522;0.063534982;0.236585349;Benign;Benign;Benign;Benign;Benign;Benign;Benign;Benign;Benign;Benign;Benign;;;;;False;False;False;False;False;True;False;False;False;False;;;False;False;False;False
N;20;V;;;;;;;1.224823;0.118020138;0.362961605;Uncertain;Benign;Benign;Benign;Benign;Benign;Benign;Benign;Benign;Benign;Benign;;;;;False;False;False;False;False;True;False;False;False;False;;;False;False;False;False
N;20;W;;;;;;;1.0896912;0.114299457;0.355411037;Uncertain;Benign;Benign;Benign;Benign;Benign;Benign;Benign;Benign;Benign;Benign;;;;;False;False;False;False;False;True;False;False;False;False;;;False;False;False;False
N;20;Y;;;;;;;-0.50372314;0.078813671;0.275862341;Benign;Benign;Benign;Benign;Benign;Benign;Benign;Benign;Benign;Benign;Benign;;;;;False;False;False;False;False;True;False;False;False;False;;;False;False;False;False
F;21;A;;;;;;;9.23703;0.788917375;0.515387539;Uncertain;Uncertain;Uncertain;Uncertain;Pathogenic;Pathogenic;Pathogenic;Pathogenic;Pathogenic;Uncertain;Pathogenic;;;;;False;False;False;False;False;False;True;False;False;False;;;False;False;False;False
F;21;C;;;;;;;10.184418;0.858485108;0.407703952;Uncertain;Uncertain;Pathogenic;Pathogenic;Pathogenic;Pathogenic;Pathogenic;Pathogenic;Pathogenic;Uncertain;Pathogenic;;;;;False;False;False;False;False;False;True;False;False;False;;;False;False;False;False
F;21;D;;;;;;;10.086853;0.852832412;0.417764358;Uncertain;Uncertain;Pathogenic;Pathogenic;Pathogenic;Pathogenic;Pathogenic;Pathogenic;Pathogenic;Uncertain;Pathogenic;;;;;False;False;False;False;False;False;True;False;False;False;;;False;False;False;False
F;21;E;;;;;;;10.204529;0.859616689;0.405658697;Uncertain;Uncertain;Pathogenic;Pathogenic;Pathogenic;Pathogenic;Pathogenic;Pathogenic;Pathogenic;Pathogenic;Pathogenic;;;;;False;False;False;False;False;False;True;False;False;False;;;False;False;False;False
F;21;F;;;;;;;;;;;;;;;;;;;;;;;;;False;False;False;False;False;False;False;False;False;False;;;False;False;False;False
F;21;G;;;;;;;9.445648;0.807542205;0.489767231;Uncertain;Uncertain;Uncertain;Pathogenic;Pathogenic;Pathogenic;Pathogenic;Pathogenic;Pathogenic;Uncertain;Pathogenic;;;;;False;False;False;False;False;False;True;False;False;False;;;False;False;False;False
F;21;H;;;;;;;10.1297;0.855348728;0.413317868;Uncertain;Uncertain;Pathogenic;Pathogenic;Pathogenic;Pathogenic;Pathogenic;Pathogenic;Pathogenic;Uncertain;Pathogenic;;;;;False;False;False;False;False;False;True;False;False;False;;;False;False;False;False
F;21;I;;;;;;;4.3055115;0.241766309;0.553107378;Uncertain;Uncertain;Uncertain;Uncertain;Uncertain;Benign;Benign;Benign;Benign;Uncertain;Benign;;;;;False;False;False;False;False;True;False;False;False;False;;;False;False;False;False
F;21;K;;;;;;;10.097504;0.853462974;0.416654879;Uncertain;Uncertain;Pathogenic;Pathogenic;Pathogenic;Pathogenic;Pathogenic;Pathogenic;Pathogenic;Uncertain;Pathogenic;;;;;False;False;False;False;False;False;True;False;False;False;;;False;False;False;False
F;21;L;Uncertain significance;1;1;uncertain;;;2.7710266;0.170258956;0.456296582;Uncertain;Uncertain;Uncertain;Benign;Benign;Benign;Benign;Benign;Benign;Uncertain;Benign;2.7488098;0.169372596;0.454889988;Benign;False;False;False;False;False;True;False;False;False;False;uncertain;Uncertain significance;False;False;False;False
F;21;M;;;;;;;5.508087;0.312487705;0.62107668;Uncertain;Uncertain;Uncertain;Uncertain;Uncertain;Uncertain;Benign;Benign;Benign;Uncertain;Benign;;;;;False;False;False;False;False;True;False;False;False;False;;;False;False;False;False
F;21;N;;;;;;;10.141113;0.856009959;0.412140971;Uncertain;Uncertain;Pathogenic;Pathogenic;Pathogenic;Pathogenic;Pathogenic;Pathogenic;Pathogenic;Uncertain;Pathogenic;;;;;False;False;False;False;False;False;True;False;False;False;;;False;False;False;False
F;21;P;;;;;;;8.668213;0.724436021;0.588714701;Uncertain;Uncertain;Uncertain;Uncertain;Uncertain;Pathogenic;Pathogenic;Pathogenic;Pathogenic;Uncertain;Pathogenic;;;;;False;False;False;False;False;False;True;False;False;False;;;False;False;False;False
F;21;Q;;;;;;;9.86911;0.839161843;0.441057125;Uncertain;Uncertain;Uncertain;Pathogenic;Pathogenic;Pathogenic;Pathogenic;Pathogenic;Pathogenic;Uncertain;Pathogenic;;;;;False;False;False;False;False;False;True;False;False;False;;;False;False;False;False
F;21;R;;;;;;;10.212921;0.860085578;0.404808106;Uncertain;Uncertain;Pathogenic;Pathogenic;Pathogenic;Pathogenic;Pathogenic;Pathogenic;Pathogenic;Pathogenic;Pathogenic;;;;;False;False;False;False;False;False;True;False;False;False;;;False;False;False;False
F;21;S;;;;;;;8.905731;0.75407955;0.557808758;Uncertain;Uncertain;Uncertain;Uncertain;Uncertain;Pathogenic;Pathogenic;Pathogenic;Pathogenic;Uncertain;Pathogenic;;;;;False;False;False;False;False;False;True;False;False;False;;;False;False;False;False
F;21;T;;;;;;;10.210724;0.859963011;0.405030625;Uncertain;Uncertain;Pathogenic;Pathogenic;Pathogenic;Pathogenic;Pathogenic;Pathogenic;Pathogenic;Pathogenic;Pathogenic;;;;;False;False;False;False;False;False;True;False;False;False;;;False;False;False;False
F;21;V;;;;;;;7.1091003;0.465246526;0.690729624;Uncertain;Uncertain;Uncertain;Uncertain;Uncertain;Uncertain;Uncertain;Uncertain;Uncertain;Uncertain;Uncertain;;;;;False;False;False;False;False;False;False;False;False;False;;;False;False;False;False
F;21;W;;;;;;;9.5234375;0.813925682;0.480480351;Uncertain;Uncertain;Uncertain;Pathogenic;Pathogenic;Pathogenic;Pathogenic;Pathogenic;Pathogenic;Uncertain;Pathogenic;;;;;False;False;False;False;False;False;True;False;False;False;;;False;False;False;False
F;21;Y;;;;;;;10.153076;0.856699038;0.410910732;Uncertain;Uncertain;Pathogenic;Pathogenic;Pathogenic;Pathogenic;Pathogenic;Pathogenic;Pathogenic;Uncertain;Pathogenic;;;;;False;False;False;False;False;False;True;False;False;False;;;False;False;False;False
E;22;A;;;;;;;3.316681;0.193353312;0.491048932;Uncertain;Uncertain;Uncertain;Benign;Benign;Benign;Benign;Benign;Benign;Uncertain;Benign;;;;;False;False;False;False;False;True;False;False;False;False;;;False;False;False;False
E;22;C;;;;;;;5.9799805;0.345651956;0.644713398;Uncertain;Uncertain;Uncertain;Uncertain;Uncertain;Uncertain;Uncertain;Benign;Benign;Uncertain;Benign;;;;;False;False;False;False;False;True;False;False;False;False;;;False;False;False;False
E;22;D;;;;;;;2.8281555;0.172557366;0.459918159;Uncertain;Uncertain;Uncertain;Benign;Benign;Benign;Benign;Benign;Benign;Uncertain;Benign;;;;;False;False;False;False;False;True;False;False;False;False;;;False;False;False;False
E;22;E;;;;;;;;;;;;;;;;;;;;;;;;;False;False;False;False;False;False;False;False;False;False;;;False;False;False;False
E;22;F;;;;;;;3.5621338;0.204581037;0.506687879;Uncertain;Uncertain;Uncertain;Uncertain;Benign;Benign;Benign;Benign;Benign;Uncertain;Benign;;;;;False;False;False;False;False;True;False;False;False;False;;;False;False;False;False
E;22;G;;;;;;;6.044525;0.350629325;0.647835346;Uncertain;Uncertain;Uncertain;Uncertain;Uncertain;Uncertain;Uncertain;Benign;Benign;Uncertain;Benign;;;;;False;False;False;False;False;True;False;False;False;False;;;False;False;False;False
E;22;H;;;;;;;3.7478943;0.213425982;0.518460606;Uncertain;Uncertain;Uncertain;Uncertain;Benign;Benign;Benign;Benign;Benign;Uncertain;Benign;;;;;False;False;False;False;False;True;False;False;False;False;;;False;False;False;False
E;22;I;;;;;;;2.2126465;0.149228428;0.421368381;Uncertain;Uncertain;Benign;Benign;Benign;Benign;Benign;Benign;Benign;Uncertain;Benign;;;;;False;False;False;False;False;True;False;False;False;False;;;False;False;False;False
E;22;K;Pathogenic;0;1;uncertain;;;1.9065857;0.138771095;0.402726379;Uncertain;Uncertain;Benign;Benign;Benign;Benign;Benign;Benign;Benign;Benign;Benign;1.8656921;0.137429158;0.400269073;Benign;False;False;False;True;False;True;False;False;False;False;pathogenic;Pathogenic;True;False;False;False
E;22;L;;;;;;;2.9607239;0.177997888;0.468343971;Uncertain;Uncertain;Uncertain;Benign;Benign;Benign;Benign;Benign;Benign;Uncertain;Benign;;;;;False;False;False;False;False;True;False;False;False;False;;;False;False;False;False
E;22;M;;;;;;;4.3363647;0.243412345;0.554981452;Uncertain;Uncertain;Uncertain;Uncertain;Uncertain;Benign;Benign;Benign;Benign;Uncertain;Benign;;;;;False;False;False;False;False;True;False;False;False;False;;;False;False;False;False
E;22;N;;;;;;;3.0086365;0.180001169;0.471395259;Uncertain;Uncertain;Uncertain;Benign;Benign;Benign;Benign;Benign;Benign;Uncertain;Benign;;;;;False;False;False;False;False;True;False;False;False;False;;;False;False;False;False
E;22;P;;;;;;;7.0043945;0.450251212;0.688189097;Uncertain;Uncertain;Uncertain;Uncertain;Uncertain;Uncertain;Uncertain;Uncertain;Uncertain;Uncertain;Uncertain;;;;;False;False;False;False;False;False;False;False;False;False;;;False;False;False;False
E;22;Q;;;;;;;2.3189697;0.153035523;0.427938573;Uncertain;Uncertain;Benign;Benign;Benign;Benign;Benign;Benign;Benign;Uncertain;Benign;;;;;False;False;False;False;False;True;False;False;False;False;;;False;False;False;False
E;22;R;;;;;;;3.0588684;0.18212259;0.474596855;Uncertain;Uncertain;Uncertain;Benign;Benign;Benign;Benign;Benign;Benign;Uncertain;Benign;;;;;False;False;False;False;False;True;False;False;False;False;;;False;False;False;False
E;22;S;;;;;;;0.7764282;0.106140198;0.338368607;Uncertain;Benign;Benign;Benign;Benign;Benign;Benign;Benign;Benign;Benign;Benign;;;;;False;False;False;False;False;True;False;False;False;False;;;False;False;False;False
E;22;T;;;;;;;-0.14505005;0.085580927;0.292192678;Benign;Benign;Benign;Benign;Benign;Benign;Benign;Benign;Benign;Benign;Benign;;;;;False;False;False;False;False;True;False;False;False;False;;;False;False;False;False
E;22;V;;;;;;;1.6440125;0.130375453;0.387099805;Uncertain;Uncertain;Benign;Benign;Benign;Benign;Benign;Benign;Benign;Benign;Benign;;;;;False;False;False;False;False;True;False;False;False;False;;;False;False;False;False
E;22;W;;;;;;;5.499481;0.31192339;0.620630968;Uncertain;Uncertain;Uncertain;Uncertain;Uncertain;Uncertain;Benign;Benign;Benign;Uncertain;Benign;;;;;False;False;False;False;False;True;False;False;False;False;;;False;False;False;False
E;22;Y;;;;;;;3.0859375;0.183274788;0.476323046;Uncertain;Uncertain;Uncertain;Benign;Benign;Benign;Benign;Benign;Benign;Uncertain;Benign;;;;;False;False;False;False;False;True;False;False;False;False;;;False;False;False;False
Q;23;A;;;;;;;6.6662292;0.408143055;0.676175552;Uncertain;Uncertain;Uncertain;Uncertain;Uncertain;Uncertain;Uncertain;Uncertain;Benign;Uncertain;Uncertain;;;;;False;False;True;False;False;False;False;False;False;False;;;False;False;False;False
Q;23;C;;;;;;;9.800812;0.83454451;0.448606605;Uncertain;Uncertain;Uncertain;Pathogenic;Pathogenic;Pathogenic;Pathogenic;Pathogenic;Pathogenic;Uncertain;Pathogenic;;;;;False;False;True;False;False;False;True;False;False;True;pathogenic;Likely Pathogenic;False;False;False;False
Q;23;D;;;;;;;6.169098;0.360646813;0.65378944;Uncertain;Uncertain;Uncertain;Uncertain;Uncertain;Uncertain;Uncertain;Benign;Benign;Uncertain;Uncertain;;;;;False;False;True;False;False;False;False;False;False;False;;;False;False;False;False
Q;23;E;;;;;;;3.8396606;0.217905756;0.524244539;Uncertain;Uncertain;Uncertain;Uncertain;Benign;Benign;Benign;Benign;Benign;Uncertain;Benign;;;;;False;False;True;False;False;True;False;False;False;False;;;False;False;False;False
Q;23;F;;;;;;;9.139252;0.779355681;0.527722246;Uncertain;Uncertain;Uncertain;Uncertain;Pathogenic;Pathogenic;Pathogenic;Pathogenic;Pathogenic;Uncertain;Pathogenic;;;;;False;False;True;False;False;False;True;False;False;True;pathogenic;Likely Pathogenic;False;False;False;False
Q;23;G;;;;;;;7.854889;0.592783407;0.675829458;Uncertain;Uncertain;Uncertain;Uncertain;Uncertain;Uncertain;Uncertain;Uncertain;Pathogenic;Uncertain;Uncertain;;;;;False;False;True;False;False;False;False;False;False;False;;;False;False;False;False
Q;23;H;;;;uncertain;1.20E-05;1.20E-05;7.5986023;0.546318324;0.688850248;Uncertain;Uncertain;Uncertain;Uncertain;Uncertain;Uncertain;Uncertain;Uncertain;Uncertain;Uncertain;Uncertain;7.6007385;0.546701107;0.688778829;Uncertain;False;False;True;False;False;False;False;False;False;False;uncertain;uncertain;False;False;False;False
Q;23;I;;;;;;;9.117798;0.777180785;0.53045306;Uncertain;Uncertain;Uncertain;Uncertain;Pathogenic;Pathogenic;Pathogenic;Pathogenic;Pathogenic;Uncertain;Pathogenic;;;;;False;False;True;False;False;False;True;False;False;True;pathogenic;Likely Pathogenic;False;False;False;False
Q;23;K;;;;;;;5.492676;0.311477985;0.620278127;Uncertain;Uncertain;Uncertain;Uncertain;Uncertain;Uncertain;Benign;Benign;Benign;Uncertain;Benign;;;;;False;False;True;False;False;True;False;False;False;False;;;False;False;False;False
Q;23;L;Likely pathogenic;1;1;pathogenic;;;8.885712;0.751740575;0.560414836;Uncertain;Uncertain;Uncertain;Uncertain;Uncertain;Pathogenic;Pathogenic;Pathogenic;Pathogenic;Uncertain;Pathogenic;8.84433;0.746814756;0.565807513;Pathogenic;False;False;True;True;False;False;True;False;False;True;pathogenic;Likely Pathogenic;False;False;False;False
Q;23;M;;;;;;;8.081024;0.633168005;0.657248062;Uncertain;Uncertain;Uncertain;Uncertain;Uncertain;Uncertain;Uncertain;Pathogenic;Pathogenic;Uncertain;Uncertain;;;;;False;False;True;False;False;False;False;False;False;False;;;False;False;False;False
Q;23;N;;;;;;;7.54245;0.536313462;0.690507522;Uncertain;Uncertain;Uncertain;Uncertain;Uncertain;Uncertain;Uncertain;Uncertain;Uncertain;Uncertain;Uncertain;;;;;False;False;True;False;False;False;False;False;False;False;;;False;False;False;False
Q;23;P;;;;;;;7.4537964;0.520792296;0.692282292;Uncertain;Uncertain;Uncertain;Uncertain;Uncertain;Uncertain;Uncertain;Uncertain;Uncertain;Uncertain;Uncertain;;;;;False;False;True;False;False;False;False;False;False;False;;;False;False;False;False
Q;23;Q;;;;;;;;;;;;;;;;;;;;;;;;;False;False;True;False;False;False;False;False;False;False;;;False;False;False;False
Q;23;R;;;;;;;6.0539856;0.351370404;0.648290848;Uncertain;Uncertain;Uncertain;Uncertain;Uncertain;Uncertain;Uncertain;Benign;Benign;Uncertain;Benign;;;;;False;False;True;False;False;True;False;False;False;False;;;False;False;False;False
Q;23;S;;;;;;;6.0277405;0.349321963;0.647025897;Uncertain;Uncertain;Uncertain;Uncertain;Uncertain;Uncertain;Uncertain;Benign;Benign;Uncertain;Benign;;;;;False;False;True;False;False;True;False;False;False;False;;;False;False;False;False
Q;23;T;;;;;;;7.115753;0.466230979;0.69086475;Uncertain;Uncertain;Uncertain;Uncertain;Uncertain;Uncertain;Uncertain;Uncertain;Uncertain;Uncertain;Uncertain;;;;;False;False;True;False;False;False;False;False;False;False;;;False;False;False;False
Q;23;V;;;;;;;8.91745;0.755435631;0.556284318;Uncertain;Uncertain;Uncertain;Uncertain;Uncertain;Pathogenic;Pathogenic;Pathogenic;Pathogenic;Uncertain;Pathogenic;;;;;False;False;True;False;False;False;True;False;False;True;pathogenic;Likely Pathogenic;False;False;False;False
Q;23;W;;;;;;;7.9877625;0.616715481;0.665649188;Uncertain;Uncertain;Uncertain;Uncertain;Uncertain;Uncertain;Uncertain;Pathogenic;Pathogenic;Uncertain;Uncertain;;;;;False;False;True;False;False;False;False;False;False;False;;;False;False;False;False
Q;23;Y;;;;;;;8.369324;0.681034373;0.626087316;Uncertain;Uncertain;Uncertain;Uncertain;Uncertain;Uncertain;Pathogenic;Pathogenic;Pathogenic;Uncertain;Pathogenic;;;;;False;False;True;False;False;False;True;False;False;True;pathogenic;Likely Pathogenic;False;False;False;False
K;24;A;;;;;;;-0.23867798;0.083752799;0.287840667;Benign;Benign;Benign;Benign;Benign;Benign;Benign;Benign;Benign;Benign;Benign;;;;;False;False;False;False;False;True;False;False;False;False;;;False;False;False;False
K;24;C;;;;;;;3.5664673;0.204783964;0.506963309;Uncertain;Uncertain;Uncertain;Uncertain;Benign;Benign;Benign;Benign;Benign;Uncertain;Benign;;;;;False;False;False;False;False;True;False;False;False;False;;;False;False;False;False
K;24;D;;;;;;;-0.67807007;0.0757469;0.268256895;Benign;Benign;Benign;Benign;Benign;Benign;Benign;Benign;Benign;Benign;Benign;;;;;False;False;False;False;False;True;False;False;False;False;;;False;False;False;False
K;24;E;;;;;;;-1.7838135;0.059262569;0.224933616;Benign;Benign;Benign;Benign;Benign;Benign;Benign;Benign;Benign;Benign;Benign;;;;;False;False;False;False;False;True;False;False;False;False;;;False;False;False;False
K;24;F;;;;;;;3.0803223;0.183035258;0.47596492;Uncertain;Uncertain;Uncertain;Benign;Benign;Benign;Benign;Benign;Benign;Uncertain;Benign;;;;;False;False;False;False;False;True;False;False;False;False;;;False;False;False;False
K;24;G;;;;;;;1.716095;0.132628563;0.391353124;Uncertain;Uncertain;Benign;Benign;Benign;Benign;Benign;Benign;Benign;Benign;Benign;;;;;False;False;False;False;False;True;False;False;False;False;;;False;False;False;False
K;24;H;;;;;;;2.8094788;0.171802919;0.458733484;Uncertain;Uncertain;Uncertain;Benign;Benign;Benign;Benign;Benign;Benign;Uncertain;Benign;;;;;False;False;False;False;False;True;False;False;False;False;;;False;False;False;False
K;24;I;;;;;;;1.8483887;0.1368652;0.399231847;Uncertain;Uncertain;Benign;Benign;Benign;Benign;Benign;Benign;Benign;Benign;Benign;;;;;False;False;False;False;False;True;False;False;False;False;;;False;False;False;False
K;24;K;;;;;;;;;;;;;;;;;;;;;;;;;False;False;False;False;False;False;False;False;False;False;;;False;False;False;False
K;24;L;;;;;;;1.3910522;0.122769784;0.372407508;Uncertain;Benign;Benign;Benign;Benign;Benign;Benign;Benign;Benign;Benign;Benign;;;;;False;False;False;False;False;True;False;False;False;False;;;False;False;False;False
K;24;M;;;;;;;3.2029114;0.188326469;0.483787208;Uncertain;Uncertain;Uncertain;Benign;Benign;Benign;Benign;Benign;Benign;Uncertain;Benign;;;;;False;False;False;False;False;True;False;False;False;False;;;False;False;False;False
K;24;N;;;;;;;0.26669312;0.094169326;0.312079439;Uncertain;Benign;Benign;Benign;Benign;Benign;Benign;Benign;Benign;Benign;Benign;;;;;False;False;False;False;False;True;False;False;False;False;;;False;False;False;False
K;24;P;;;;;;;1.4256287;0.123782165;0.374393564;Uncertain;Benign;Benign;Benign;Benign;Benign;Benign;Benign;Benign;Benign;Benign;;;;;False;False;False;False;False;True;False;False;False;False;;;False;False;False;False
K;24;Q;;;;;;;-0.26327515;0.083279885;0.286707802;Benign;Benign;Benign;Benign;Benign;Benign;Benign;Benign;Benign;Benign;Benign;;;;;False;False;False;False;False;True;False;False;False;False;;;False;False;False;False
K;24;R;;;;;;;1.5874329;0.128633877;0.383781487;Uncertain;Uncertain;Benign;Benign;Benign;Benign;Benign;Benign;Benign;Benign;Benign;;;;;False;False;False;False;False;True;False;False;False;False;;;False;False;False;False
K;24;S;;;;;;;0.11395264;0.090876143;0.304560225;Uncertain;Benign;Benign;Benign;Benign;Benign;Benign;Benign;Benign;Benign;Benign;;;;;False;False;False;False;False;True;False;False;False;False;;;False;False;False;False
K;24;T;;;;;;;0.17037964;0.092077659;0.307318595;Uncertain;Benign;Benign;Benign;Benign;Benign;Benign;Benign;Benign;Benign;Benign;;;;;False;False;False;False;False;True;False;False;False;False;;;False;False;False;False
K;24;V;;;;;;;1.0961304;0.114473946;0.355768163;Uncertain;Benign;Benign;Benign;Benign;Benign;Benign;Benign;Benign;Benign;Benign;;;;;False;False;False;False;False;True;False;False;False;False;;;False;False;False;False
K;24;W;;;;;;;5.4352417;0.307746593;0.617285784;Uncertain;Uncertain;Uncertain;Uncertain;Uncertain;Uncertain;Benign;Benign;Benign;Uncertain;Benign;;;;;False;False;False;False;False;True;False;False;False;False;;;False;False;False;False
K;24;Y;;;;;;;2.7626953;0.169926081;0.455768986;Uncertain;Uncertain;Uncertain;Benign;Benign;Benign;Benign;Benign;Benign;Uncertain;Benign;;;;;False;False;False;False;False;True;False;False;False;False;;;False;False;False;False
E;25;A;;;;;;;;;;;;;;;;;;;;;;;;;False;False;False;False;False;False;False;False;False;False;;;False;False;False;False
E;25;C;;;;;;;;;;;;;;;;;;;;;;;;;False;False;False;False;False;False;False;False;False;False;;;False;False;False;False
E;25;D;;;;;;;;;;;;;;;;;;;;;;;;;False;False;False;False;False;False;False;False;False;False;;;False;False;False;False
E;25;E;;;;;;;;;;;;;;;;;;;;;;;;;False;False;False;False;False;False;False;False;False;False;;;False;False;False;False
E;25;F;;;;;;;;;;;;;;;;;;;;;;;;;False;False;False;False;False;False;False;False;False;False;;;False;False;False;False
E;25;G;;;;;;;;;;;;;;;;;;;;;;;;;False;False;False;False;False;False;False;False;False;False;;;False;False;False;False
E;25;H;;;;;;;;;;;;;;;;;;;;;;;;;False;False;False;False;False;False;False;False;False;False;;;False;False;False;False
E;25;I;;;;;;;;;;;;;;;;;;;;;;;;;False;False;False;False;False;False;False;False;False;False;;;False;False;False;False
E;25;K;;;;;;;;;;;;;;;;;;;;;;;;;False;False;False;False;False;False;False;False;False;False;;;False;False;False;False
E;25;L;;;;;;;;;;;;;;;;;;;;;;;;;False;False;False;False;False;False;False;False;False;False;;;False;False;False;False
E;25;M;;;;;;;;;;;;;;;;;;;;;;;;;False;False;False;False;False;False;False;False;False;False;;;False;False;False;False
E;25;N;;;;;;;;;;;;;;;;;;;;;;;;;False;False;False;False;False;False;False;False;False;False;;;False;False;False;False
E;25;P;;;;;;;;;;;;;;;;;;;;;;;;;False;False;False;False;False;False;False;False;False;False;;;False;False;False;False
E;25;Q;;;;;;;;;;;;;;;;;;;;;;;;;False;False;False;False;False;False;False;False;False;False;;;False;False;False;False
E;25;R;;;;;;;;;;;;;;;;;;;;;;;;;False;False;False;False;False;False;False;False;False;False;;;False;False;False;False
E;25;S;;;;;;;;;;;;;;;;;;;;;;;;;False;False;False;False;False;False;False;False;False;False;;;False;False;False;False
E;25;T;;;;;;;;;;;;;;;;;;;;;;;;;False;False;False;False;False;False;False;False;False;False;;;False;False;False;False
E;25;V;;;;;;;;;;;;;;;;;;;;;;;;;False;False;False;False;False;False;False;False;False;False;;;False;False;False;False
E;25;W;;;;;;;;;;;;;;;;;;;;;;;;;False;False;False;False;False;False;False;False;False;False;;;False;False;False;False
E;25;Y;;;;;;;;;;;;;;;;;;;;;;;;;False;False;False;False;False;False;False;False;False;False;;;False;False;False;False
S;26;A;;;;;;;-0.72424316;0.074957982;0.266278887;Benign;Benign;Benign;Benign;Benign;Benign;Benign;Benign;Benign;Benign;Benign;;;;;False;False;False;False;False;True;False;False;False;False;;;False;False;False;False
S;26;C;;;;;;;2.2938232;0.152126863;0.426380676;Uncertain;Uncertain;Benign;Benign;Benign;Benign;Benign;Benign;Benign;Uncertain;Benign;;;;;False;False;False;False;False;True;False;False;False;False;;;False;False;False;False
S;26;D;;;;;;;-0.46173096;0.07957353;0.277726545;Benign;Benign;Benign;Benign;Benign;Benign;Benign;Benign;Benign;Benign;Benign;;;;;False;False;False;False;False;True;False;False;False;False;;;False;False;False;False
S;26;E;;;;;;;-1.6967468;0.060392841;0.228047073;Benign;Benign;Benign;Benign;Benign;Benign;Benign;Benign;Benign;Benign;Benign;;;;;False;False;False;False;False;True;False;False;False;False;;;False;False;False;False
S;26;F;;;;;;;2.9482727;0.17748051;0.467551483;Uncertain;Uncertain;Uncertain;Benign;Benign;Benign;Benign;Benign;Benign;Uncertain;Benign;;;;;False;False;False;False;False;True;False;False;False;False;;;False;False;False;False
S;26;G;;;;;;;-0.88974;0.072207818;0.259312805;Benign;Benign;Benign;Benign;Benign;Benign;Benign;Benign;Benign;Benign;Benign;;;;;False;False;False;False;False;True;False;False;False;False;;;False;False;False;False
S;26;H;;;;;;;3.215454;0.188875158;0.484587816;Uncertain;Uncertain;Uncertain;Benign;Benign;Benign;Benign;Benign;Benign;Uncertain;Benign;;;;;False;False;False;False;False;True;False;False;False;False;;;False;False;False;False
S;26;I;;;;;;;2.348236;0.154099515;0.429754693;Uncertain;Uncertain;Benign;Benign;Benign;Benign;Benign;Benign;Benign;Uncertain;Benign;;;;;False;False;False;False;False;True;False;False;False;False;;;False;False;False;False
S;26;K;;;;;;;0.95474243;0.110706129;0.347989127;Uncertain;Benign;Benign;Benign;Benign;Benign;Benign;Benign;Benign;Benign;Benign;;;;;False;False;False;False;False;True;False;False;False;False;;;False;False;False;False
S;26;L;;;;;;;1.7155457;0.132611247;0.391320605;Uncertain;Uncertain;Benign;Benign;Benign;Benign;Benign;Benign;Benign;Benign;Benign;;;;;False;False;False;False;False;True;False;False;False;False;;;False;False;False;False
S;26;M;;;;;;;3.5832214;0.205570052;0.508027866;Uncertain;Uncertain;Uncertain;Uncertain;Benign;Benign;Benign;Benign;Benign;Uncertain;Benign;;;;;False;False;False;False;False;True;False;False;False;False;;;False;False;False;False
S;26;N;;;;uncertain;3.98E-06;3.98E-06;1.1451111;0.115810369;0.358493483;Uncertain;Benign;Benign;Benign;Benign;Benign;Benign;Benign;Benign;Benign;Benign;1.100769;0.114599816;0.356025592;Benign;False;False;False;False;False;True;False;False;False;False;uncertain;uncertain;False;False;False;False
S;26;P;;;;;;;-0.77948;0.074026711;0.263932409;Benign;Benign;Benign;Benign;Benign;Benign;Benign;Benign;Benign;Benign;Benign;;;;;False;False;False;False;False;True;False;False;False;False;;;False;False;False;False
S;26;Q;;;;;;;1.905304;0.13872884;0.402649235;Uncertain;Uncertain;Benign;Benign;Benign;Benign;Benign;Benign;Benign;Benign;Benign;;;;;False;False;False;False;False;True;False;False;False;False;;;False;False;False;False
S;26;R;;;;;;;1.624054;0.129758418;0.385927211;Uncertain;Uncertain;Benign;Benign;Benign;Benign;Benign;Benign;Benign;Benign;Benign;;;;;False;False;False;False;False;True;False;False;False;False;;;False;False;False;False
S;26;S;;;;;;;;;;;;;;;;;;;;;;;;;False;False;False;False;False;False;False;False;False;False;;;False;False;False;False
S;26;T;;;;uncertain;3.98E-06;3.98E-06;1.6490479;0.130531593;0.387395994;Uncertain;Uncertain;Benign;Benign;Benign;Benign;Benign;Benign;Benign;Benign;Benign;1.6211243;0.129668091;0.385755274;Benign;False;False;False;False;False;True;False;False;False;False;uncertain;uncertain;False;False;False;False
S;26;V;;;;;;;1.551117;0.127528418;0.381661177;Uncertain;Uncertain;Benign;Benign;Benign;Benign;Benign;Benign;Benign;Benign;Benign;;;;;False;False;False;False;False;True;False;False;False;False;;;False;False;False;False
S;26;W;;;;;;;4.539093;0.254431483;0.567151462;Uncertain;Uncertain;Uncertain;Uncertain;Uncertain;Benign;Benign;Benign;Benign;Uncertain;Benign;;;;;False;False;False;False;False;True;False;False;False;False;;;False;False;False;False
S;26;Y;;;;;;;2.8890991;0.175039829;0.463788193;Uncertain;Uncertain;Uncertain;Benign;Benign;Benign;Benign;Benign;Benign;Uncertain;Benign;;;;;False;False;False;False;False;True;False;False;False;False;;;False;False;False;False
N;27;A;;;;;;;2.2532043;0.150669919;0.423869372;Uncertain;Uncertain;Benign;Benign;Benign;Benign;Benign;Benign;Benign;Uncertain;Benign;;;;;False;False;False;False;False;True;False;False;False;False;;;False;False;False;False
N;27;C;;;;;;;3.9362488;0.222699533;0.530303498;Uncertain;Uncertain;Uncertain;Uncertain;Benign;Benign;Benign;Benign;Benign;Uncertain;Benign;;;;;False;False;False;False;False;True;False;False;False;False;;;False;False;False;False
N;27;D;;;;;;;-0.38412476;0.08100003;0.281205024;Benign;Benign;Benign;Benign;Benign;Benign;Benign;Benign;Benign;Benign;Benign;;;;;False;False;False;False;False;True;False;False;False;False;;;False;False;False;False
N;27;E;;;;;;;1.8127441;0.135710658;0.397100016;Uncertain;Uncertain;Benign;Benign;Benign;Benign;Benign;Benign;Benign;Benign;Benign;;;;;False;False;False;False;False;True;False;False;False;False;;;False;False;False;False
N;27;F;;;;;;;4.0468445;0.22828727;0.537198535;Uncertain;Uncertain;Uncertain;Uncertain;Benign;Benign;Benign;Benign;Benign;Uncertain;Benign;;;;;False;False;False;False;False;True;False;False;False;False;;;False;False;False;False
N;27;G;;;;;;;-0.5108948;0.078684733;0.275545222;Benign;Benign;Benign;Benign;Benign;Benign;Benign;Benign;Benign;Benign;Benign;;;;;False;False;False;False;False;True;False;False;False;False;;;False;False;False;False
N;27;H;;;;;;;3.3534546;0.195002129;0.49339535;Uncertain;Uncertain;Uncertain;Benign;Benign;Benign;Benign;Benign;Benign;Uncertain;Benign;;;;;False;False;False;False;False;True;False;False;False;False;;;False;False;False;False
N;27;I;;;;;;;4.227356;0.237633176;0.548336348;Uncertain;Uncertain;Uncertain;Uncertain;Benign;Benign;Benign;Benign;Benign;Uncertain;Benign;;;;;False;False;False;False;False;True;False;False;False;False;;;False;False;False;False
N;27;K;;;;;;;1.7296448;0.133056423;0.392155813;Uncertain;Uncertain;Benign;Benign;Benign;Benign;Benign;Benign;Benign;Benign;Benign;;;;;False;False;False;False;False;True;False;False;False;False;;;False;False;False;False
N;27;L;;;;;;;3.7070923;0.211457557;0.515881433;Uncertain;Uncertain;Uncertain;Uncertain;Benign;Benign;Benign;Benign;Benign;Uncertain;Benign;;;;;False;False;False;False;False;True;False;False;False;False;;;False;False;False;False
N;27;M;;;;;;;5.3903503;0.304863285;0.614928812;Uncertain;Uncertain;Uncertain;Uncertain;Uncertain;Uncertain;Benign;Benign;Benign;Uncertain;Benign;;;;;False;False;False;False;False;True;False;False;False;False;;;False;False;False;False
N;27;N;;;;;;;;;;;;;;;;;;;;;;;;;False;False;False;False;False;False;False;False;False;False;;;False;False;False;False
N;27;P;;;;;;;3.5960999;0.206175957;0.508845827;Uncertain;Uncertain;Uncertain;Uncertain;Benign;Benign;Benign;Benign;Benign;Uncertain;Benign;;;;;False;False;False;False;False;True;False;False;False;False;;;False;False;False;False
N;27;Q;;;;;;;2.6919556;0.167123326;0.451295423;Uncertain;Uncertain;Uncertain;Benign;Benign;Benign;Benign;Benign;Benign;Uncertain;Benign;;;;;False;False;False;False;False;True;False;False;False;False;;;False;False;False;False
N;27;R;;;;;;;3.4548035;0.199607065;0.499857218;Uncertain;Uncertain;Uncertain;Uncertain;Benign;Benign;Benign;Benign;Benign;Uncertain;Benign;;;;;False;False;False;False;False;True;False;False;False;False;;;False;False;False;False
N;27;S;;;;;;;0.25094604;0.093823784;0.311296515;Uncertain;Benign;Benign;Benign;Benign;Benign;Benign;Benign;Benign;Benign;Benign;;;;;False;False;False;False;False;True;False;False;False;False;;;False;False;False;False
N;27;T;;;;;;;1.310791;0.120452378;0.367825355;Uncertain;Benign;Benign;Benign;Benign;Benign;Benign;Benign;Benign;Benign;Benign;;;;;False;False;False;False;False;True;False;False;False;False;;;False;False;False;False
N;27;V;;;;;;;3.638977;0.208203604;0.511566834;Uncertain;Uncertain;Uncertain;Uncertain;Benign;Benign;Benign;Benign;Benign;Uncertain;Benign;;;;;False;False;False;False;False;True;False;False;False;False;;;False;False;False;False
N;27;W;;;;;;;4.952881;0.278045335;0.591097722;Uncertain;Uncertain;Uncertain;Uncertain;Uncertain;Benign;Benign;Benign;Benign;Uncertain;Benign;;;;;False;False;False;False;False;True;False;False;False;False;;;False;False;False;False
N;27;Y;;;;;;;3.245453;0.19019302;0.486502724;Uncertain;Uncertain;Uncertain;Benign;Benign;Benign;Benign;Benign;Benign;Uncertain;Benign;;;;;False;False;False;False;False;True;False;False;False;False;;;False;False;False;False
G;28;A;;;;;;;0.9797363;0.11136257;0.34935467;Uncertain;Benign;Benign;Benign;Benign;Benign;Benign;Benign;Benign;Benign;Benign;;;;;False;False;False;False;False;True;False;False;False;False;;;False;False;False;False
G;28;C;;;;;;;3.852295;0.218528236;0.525038878;Uncertain;Uncertain;Uncertain;Uncertain;Benign;Benign;Benign;Benign;Benign;Uncertain;Benign;;;;;False;False;False;False;False;True;False;False;False;False;;;False;False;False;False
G;28;D;;;;;;;1.2565002;0.1189104;0.364748403;Uncertain;Benign;Benign;Benign;Benign;Benign;Benign;Benign;Benign;Benign;Benign;;;;;False;False;False;False;False;True;False;False;False;False;;;False;False;False;False
G;28;E;;;;;;;1.6750793;0.13134178;0.388929439;Uncertain;Uncertain;Benign;Benign;Benign;Benign;Benign;Benign;Benign;Benign;Benign;;;;;False;False;False;False;False;True;False;False;False;False;;;False;False;False;False
G;28;F;;;;;;;5.441498;0.308150692;0.617612994;Uncertain;Uncertain;Uncertain;Uncertain;Uncertain;Uncertain;Benign;Benign;Benign;Uncertain;Benign;;;;;False;False;False;False;False;True;False;False;False;False;;;False;False;False;False
G;28;G;;;;;;;;;;;;;;;;;;;;;;;;;False;False;False;False;False;False;False;False;False;False;;;False;False;False;False
G;28;H;;;;;;;3.5430908;0.203691232;0.505477174;Uncertain;Uncertain;Uncertain;Uncertain;Benign;Benign;Benign;Benign;Benign;Uncertain;Benign;;;;;False;False;False;False;False;True;False;False;False;False;;;False;False;False;False
G;28;I;;;;;;;6.4138794;0.382281857;0.665170164;Uncertain;Uncertain;Uncertain;Uncertain;Uncertain;Uncertain;Uncertain;Benign;Benign;Uncertain;Uncertain;;;;;False;False;False;False;False;False;False;False;False;False;;;False;False;False;False
G;28;K;;;;;;;2.1506348;0.147049907;0.417557538;Uncertain;Uncertain;Benign;Benign;Benign;Benign;Benign;Benign;Benign;Uncertain;Benign;;;;;False;False;False;False;False;True;False;False;False;False;;;False;False;False;False
G;28;L;;;;;;;4.572357;0.25627342;0.569122829;Uncertain;Uncertain;Uncertain;Uncertain;Uncertain;Benign;Benign;Benign;Benign;Uncertain;Benign;;;;;False;False;False;False;False;True;False;False;False;False;;;False;False;False;False
G;28;M;;;;;;;5.374359;0.303842912;0.614085316;Uncertain;Uncertain;Uncertain;Uncertain;Uncertain;Uncertain;Benign;Benign;Benign;Uncertain;Benign;;;;;False;False;False;False;False;True;False;False;False;False;;;False;False;False;False
G;28;N;;;;;;;2.382141;0.155340872;0.431862582;Uncertain;Uncertain;Benign;Benign;Benign;Benign;Benign;Benign;Benign;Uncertain;Benign;;;;;False;False;False;False;False;True;False;False;False;False;;;False;False;False;False
G;28;P;;;;;;;5.7773438;0.3308041;0.634746626;Uncertain;Uncertain;Uncertain;Uncertain;Uncertain;Uncertain;Benign;Benign;Benign;Uncertain;Benign;;;;;False;False;False;False;False;True;False;False;False;False;;;False;False;False;False
G;28;Q;;;;;;;2.8668518;0.174129946;0.462374712;Uncertain;Uncertain;Uncertain;Benign;Benign;Benign;Benign;Benign;Benign;Uncertain;Benign;;;;;False;False;False;False;False;True;False;False;False;False;;;False;False;False;False
G;28;R;;;;;;;4.479065;0.251131803;0.563575145;Uncertain;Uncertain;Uncertain;Uncertain;Uncertain;Benign;Benign;Benign;Benign;Uncertain;Benign;;;;;False;False;False;False;False;True;False;False;False;False;;;False;False;False;False
G;28;S;;;;;;;0.80496216;0.106857169;0.339893617;Uncertain;Benign;Benign;Benign;Benign;Benign;Benign;Benign;Benign;Benign;Benign;;;;;False;False;False;False;False;True;False;False;False;False;;;False;False;False;False
G;28;T;;;;;;;3.0154114;0.180286025;0.471826923;Uncertain;Uncertain;Uncertain;Benign;Benign;Benign;Benign;Benign;Benign;Uncertain;Benign;;;;;False;False;False;False;False;True;False;False;False;False;;;False;False;False;False
G;28;V;;;;;;;5.378662;0.304117137;0.614312489;Uncertain;Uncertain;Uncertain;Uncertain;Uncertain;Uncertain;Benign;Benign;Benign;Uncertain;Benign;;;;;False;False;False;False;False;True;False;False;False;False;;;False;False;False;False
G;28;W;;;;;;;6.091034;0.354302484;0.650069437;Uncertain;Uncertain;Uncertain;Uncertain;Uncertain;Uncertain;Uncertain;Benign;Benign;Uncertain;Benign;;;;;False;False;False;False;False;True;False;False;False;False;;;False;False;False;False
G;28;Y;;;;;;;7.2472534;0.486442418;0.692779519;Uncertain;Uncertain;Uncertain;Uncertain;Uncertain;Uncertain;Uncertain;Uncertain;Uncertain;Uncertain;Uncertain;;;;;False;False;False;False;False;False;False;False;False;False;;;False;False;False;False
P;29;A;;;;;;;2.8121033;0.171908757;0.458899917;Uncertain;Uncertain;Uncertain;Benign;Benign;Benign;Benign;Benign;Benign;Uncertain;Benign;;;;;False;False;False;False;False;True;False;False;False;False;;;False;False;False;False
P;29;C;;;;;;;5.207123;0.293367516;0.605139427;Uncertain;Uncertain;Uncertain;Uncertain;Uncertain;Uncertain;Benign;Benign;Benign;Uncertain;Benign;;;;;False;False;False;False;False;True;False;False;False;False;;;False;False;False;False
P;29;D;;;;;;;4.4509583;0.249597503;0.561892524;Uncertain;Uncertain;Uncertain;Uncertain;Uncertain;Benign;Benign;Benign;Benign;Uncertain;Benign;;;;;False;False;False;False;False;True;False;False;False;False;;;False;False;False;False
P;29;E;;;;;;;3.1079712;0.184217316;0.477728516;Uncertain;Uncertain;Uncertain;Benign;Benign;Benign;Benign;Benign;Benign;Uncertain;Benign;;;;;False;False;False;False;False;True;False;False;False;False;;;False;False;False;False
P;29;F;;;;;;;5.204468;0.293203923;0.60499555;Uncertain;Uncertain;Uncertain;Uncertain;Uncertain;Uncertain;Benign;Benign;Benign;Uncertain;Benign;;;;;False;False;False;False;False;True;False;False;False;False;;;False;False;False;False
P;29;G;;;;;;;3.7400513;0.21304649;0.517965169;Uncertain;Uncertain;Uncertain;Uncertain;Benign;Benign;Benign;Benign;Benign;Uncertain;Benign;;;;;False;False;False;False;False;True;False;False;False;False;;;False;False;False;False
P;29;H;;;;;;;4.8066406;0.269522348;0.582783178;Uncertain;Uncertain;Uncertain;Uncertain;Uncertain;Benign;Benign;Benign;Benign;Uncertain;Benign;;;;;False;False;False;False;False;True;False;False;False;False;;;False;False;False;False
P;29;I;;;;;;;4.7798767;0.267983997;0.581243352;Uncertain;Uncertain;Uncertain;Uncertain;Uncertain;Benign;Benign;Benign;Benign;Uncertain;Benign;;;;;False;False;False;False;False;True;False;False;False;False;;;False;False;False;False
P;29;K;;;;;;;3.0559692;0.181999559;0.474412008;Uncertain;Uncertain;Uncertain;Benign;Benign;Benign;Benign;Benign;Benign;Uncertain;Benign;;;;;False;False;False;False;False;True;False;False;False;False;;;False;False;False;False
P;29;L;;;;;;;4.3233337;0.242716138;0.554190594;Uncertain;Uncertain;Uncertain;Uncertain;Uncertain;Benign;Benign;Benign;Benign;Uncertain;Benign;;;;;False;False;False;False;False;True;False;False;False;False;;;False;False;False;False
P;29;M;;;;;;;5.21402;0.293792866;0.605512909;Uncertain;Uncertain;Uncertain;Uncertain;Uncertain;Uncertain;Benign;Benign;Benign;Uncertain;Benign;;;;;False;False;False;False;False;True;False;False;False;False;;;False;False;False;False
P;29;N;;;;;;;4.0668335;0.229308422;0.538439348;Uncertain;Uncertain;Uncertain;Uncertain;Benign;Benign;Benign;Benign;Benign;Uncertain;Benign;;;;;False;False;False;False;False;True;False;False;False;False;;;False;False;False;False
P;29;P;;;;;;;;;;;;;;;;;;;;;;;;;False;False;False;False;False;False;False;False;False;False;;;False;False;False;False
P;29;Q;;;;;;;4.333679;0.243268737;0.554818536;Uncertain;Uncertain;Uncertain;Uncertain;Uncertain;Benign;Benign;Benign;Benign;Uncertain;Benign;;;;;False;False;False;False;False;True;False;False;False;False;;;False;False;False;False
P;29;R;;;;uncertain;;;4.6313477;0.259563647;0.572600011;Uncertain;Uncertain;Uncertain;Uncertain;Uncertain;Benign;Benign;Benign;Benign;Uncertain;Benign;4.5409546;0.254534312;0.567261987;Benign;False;False;False;False;False;True;False;False;False;False;uncertain;uncertain;False;False;False;False
P;29;S;;;;;;;2.7196655;0.168216182;0.453046435;Uncertain;Uncertain;Uncertain;Benign;Benign;Benign;Benign;Benign;Benign;Uncertain;Benign;;;;;False;False;False;False;False;True;False;False;False;False;;;False;False;False;False
P;29;T;;;;;;;3.2702942;0.191290197;0.488088365;Uncertain;Uncertain;Uncertain;Benign;Benign;Benign;Benign;Benign;Benign;Uncertain;Benign;;;;;False;False;False;False;False;True;False;False;False;False;;;False;False;False;False
P;29;V;;;;;;;3.791504;0.2155458;0.521212339;Uncertain;Uncertain;Uncertain;Uncertain;Benign;Benign;Benign;Benign;Benign;Uncertain;Benign;;;;;False;False;False;False;False;True;False;False;False;False;;;False;False;False;False
P;29;W;;;;;;;8.022308;0.622851318;0.662650998;Uncertain;Uncertain;Uncertain;Uncertain;Uncertain;Uncertain;Uncertain;Pathogenic;Pathogenic;Uncertain;Uncertain;;;;;False;False;False;False;False;False;False;False;False;False;;;False;False;False;False
P;29;Y;;;;;;;5.373291;0.303774888;0.614028909;Uncertain;Uncertain;Uncertain;Uncertain;Uncertain;Uncertain;Benign;Benign;Benign;Uncertain;Benign;;;;;False;False;False;False;False;True;False;False;False;False;;;False;False;False;False
V;30;A;;;;;;;5.2290955;0.294724507;0.6063279;Uncertain;Uncertain;Uncertain;Uncertain;Uncertain;Uncertain;Benign;Benign;Benign;Uncertain;Benign;;;;;False;False;False;False;False;True;False;False;False;False;;;False;False;False;False
V;30;C;;;;;;;2.8884583;0.175013562;0.463747468;Uncertain;Uncertain;Uncertain;Benign;Benign;Benign;Benign;Benign;Benign;Uncertain;Benign;;;;;False;False;False;False;False;True;False;False;False;False;;;False;False;False;False
V;30;D;;;;;;;8.867096;0.749539904;0.562840048;Uncertain;Uncertain;Uncertain;Uncertain;Uncertain;Pathogenic;Pathogenic;Pathogenic;Pathogenic;Uncertain;Pathogenic;;;;;False;False;False;False;False;False;True;False;False;False;;;False;False;False;False
V;30;E;;;;;;;8.874298;0.750394224;0.561901631;Uncertain;Uncertain;Uncertain;Uncertain;Uncertain;Pathogenic;Pathogenic;Pathogenic;Pathogenic;Uncertain;Pathogenic;;;;;False;False;False;False;False;False;True;False;False;False;;;False;False;False;False
V;30;F;;;;;;;7.231537;0.483953434;0.692632108;Uncertain;Uncertain;Uncertain;Uncertain;Uncertain;Uncertain;Uncertain;Uncertain;Uncertain;Uncertain;Uncertain;;;;;False;False;False;False;False;False;False;False;False;False;;;False;False;False;False
V;30;G;;;;;;;8.790161;0.740178568;0.572870058;Uncertain;Uncertain;Uncertain;Uncertain;Uncertain;Pathogenic;Pathogenic;Pathogenic;Pathogenic;Uncertain;Pathogenic;;;;;False;False;False;False;False;False;True;False;False;False;;;False;False;False;False
V;30;H;;;;;;;8.867981;0.749645085;0.562724722;Uncertain;Uncertain;Uncertain;Uncertain;Uncertain;Pathogenic;Pathogenic;Pathogenic;Pathogenic;Uncertain;Pathogenic;;;;;False;False;False;False;False;False;True;False;False;False;;;False;False;False;False
V;30;I;;;;;;;3.4394531;0.198903866;0.498879099;Uncertain;Uncertain;Uncertain;Uncertain;Benign;Benign;Benign;Benign;Benign;Uncertain;Benign;;;;;False;False;False;False;False;True;False;False;False;False;;;False;False;False;False
V;30;K;;;;;;;8.908905;0.754447788;0.557395785;Uncertain;Uncertain;Uncertain;Uncertain;Uncertain;Pathogenic;Pathogenic;Pathogenic;Pathogenic;Uncertain;Pathogenic;;;;;False;False;False;False;False;False;True;False;False;False;;;False;False;False;False
V;30;L;;;;;;;3.567627;0.204838298;0.507037012;Uncertain;Uncertain;Uncertain;Uncertain;Benign;Benign;Benign;Benign;Benign;Uncertain;Benign;;;;;False;False;False;False;False;True;False;False;False;False;;;False;False;False;False
V;30;M;;;;;;;5.0927124;0.28638877;0.598886498;Uncertain;Uncertain;Uncertain;Uncertain;Uncertain;Uncertain;Benign;Benign;Benign;Uncertain;Benign;;;;;False;False;False;False;False;True;False;False;False;False;;;False;False;False;False
V;30;N;;;;;;;8.143433;0.643952901;0.651109873;Uncertain;Uncertain;Uncertain;Uncertain;Uncertain;Uncertain;Uncertain;Pathogenic;Pathogenic;Uncertain;Pathogenic;;;;;False;False;False;False;False;False;True;False;False;False;;;False;False;False;False
V;30;P;;;;;;;8.922791;0.756050474;0.555589865;Uncertain;Uncertain;Uncertain;Uncertain;Uncertain;Pathogenic;Pathogenic;Pathogenic;Pathogenic;Uncertain;Pathogenic;;;;;False;False;False;False;False;False;True;False;False;False;;;False;False;False;False
V;30;Q;;;;;;;8.832825;0.745423283;0.56730755;Uncertain;Uncertain;Uncertain;Uncertain;Uncertain;Pathogenic;Pathogenic;Pathogenic;Pathogenic;Uncertain;Pathogenic;;;;;False;False;False;False;False;False;True;False;False;False;;;False;False;False;False
V;30;R;;;;;;;8.875397;0.750524263;0.56175845;Uncertain;Uncertain;Uncertain;Uncertain;Uncertain;Pathogenic;Pathogenic;Pathogenic;Pathogenic;Uncertain;Pathogenic;;;;;False;False;False;False;False;False;True;False;False;False;;;False;False;False;False
V;30;S;;;;;;;5.9198;0.341126687;0.641779976;Uncertain;Uncertain;Uncertain;Uncertain;Uncertain;Uncertain;Uncertain;Benign;Benign;Uncertain;Benign;;;;;False;False;False;False;False;True;False;False;False;False;;;False;False;False;False
V;30;T;;;;;;;0.9345093;0.110177716;0.346886734;Uncertain;Benign;Benign;Benign;Benign;Benign;Benign;Benign;Benign;Benign;Benign;;;;;False;False;False;False;False;True;False;False;False;False;;;False;False;False;False
V;30;V;;;;;;;;;;;;;;;;;;;;;;;;;False;False;False;False;False;False;False;False;False;False;;;False;False;False;False
V;30;W;;;;;;;8.817322;0.74353298;0.569328998;Uncertain;Uncertain;Uncertain;Uncertain;Uncertain;Pathogenic;Pathogenic;Pathogenic;Pathogenic;Uncertain;Pathogenic;;;;;False;False;False;False;False;False;True;False;False;False;;;False;False;False;False
V;30;Y;;;;;;;8.862122;0.748947698;0.563488266;Uncertain;Uncertain;Uncertain;Uncertain;Uncertain;Pathogenic;Pathogenic;Pathogenic;Pathogenic;Uncertain;Pathogenic;;;;;False;False;False;False;False;False;True;False;False;False;;;False;False;False;False
K;31;A;;;;;;;3.5815125;0.20548976;0.507919304;Uncertain;Uncertain;Uncertain;Uncertain;Benign;Benign;Benign;Benign;Benign;Uncertain;Benign;;;;;False;False;False;False;False;True;False;False;False;False;;;False;False;False;False
K;31;C;;;;;;;4.3502502;0.244155808;0.555823085;Uncertain;Uncertain;Uncertain;Uncertain;Uncertain;Benign;Benign;Benign;Benign;Uncertain;Benign;;;;;False;False;False;False;False;True;False;False;False;False;;;False;False;False;False
K;31;D;;;;;;;5.0931396;0.286414565;0.598910048;Uncertain;Uncertain;Uncertain;Uncertain;Uncertain;Uncertain;Benign;Benign;Benign;Uncertain;Benign;;;;;False;False;False;False;False;True;False;False;False;False;;;False;False;False;False
K;31;E;;;;;;;1.5938416;0.12882996;0.384156441;Uncertain;Uncertain;Benign;Benign;Benign;Benign;Benign;Benign;Benign;Benign;Benign;;;;;False;False;False;False;False;True;False;False;False;False;;;False;False;False;False
K;31;F;;;;;;;3.644928;0.208486287;0.511944195;Uncertain;Uncertain;Uncertain;Uncertain;Benign;Benign;Benign;Benign;Benign;Uncertain;Benign;;;;;False;False;False;False;False;True;False;False;False;False;;;False;False;False;False
K;31;G;;;;;;;6.152405;0.359270284;0.652997187;Uncertain;Uncertain;Uncertain;Uncertain;Uncertain;Uncertain;Uncertain;Benign;Benign;Uncertain;Benign;;;;;False;False;False;False;False;True;False;False;False;False;;;False;False;False;False
K;31;H;;;;;;;1.1406555;0.115688129;0.35824493;Uncertain;Benign;Benign;Benign;Benign;Benign;Benign;Benign;Benign;Benign;Benign;;;;;False;False;False;False;False;True;False;False;False;False;;;False;False;False;False
K;31;I;;;;;;;2.0845947;0.144763502;0.413517271;Uncertain;Uncertain;Benign;Benign;Benign;Benign;Benign;Benign;Benign;Uncertain;Benign;;;;;False;False;False;False;False;True;False;False;False;False;;;False;False;False;False
K;31;K;;;;;;;;;;;;;;;;;;;;;;;;;False;False;False;False;False;False;False;False;False;False;;;False;False;False;False
K;31;L;;;;;;;2.2037048;0.148912402;0.420817892;Uncertain;Uncertain;Benign;Benign;Benign;Benign;Benign;Benign;Benign;Uncertain;Benign;;;;;False;False;False;False;False;True;False;False;False;False;;;False;False;False;False
K;31;M;;;;;;;3.8970947;0.220746568;0.527851245;Uncertain;Uncertain;Uncertain;Uncertain;Benign;Benign;Benign;Benign;Benign;Uncertain;Benign;;;;;False;False;False;False;False;True;False;False;False;False;;;False;False;False;False
K;31;N;;;;;;;3.0390015;0.181280966;0.473330329;Uncertain;Uncertain;Uncertain;Benign;Benign;Benign;Benign;Benign;Benign;Uncertain;Benign;;;;;False;False;False;False;False;True;False;False;False;False;;;False;False;False;False
K;31;P;;;;;;;6.9275513;0.439847043;0.685892865;Uncertain;Uncertain;Uncertain;Uncertain;Uncertain;Uncertain;Uncertain;Uncertain;Uncertain;Uncertain;Uncertain;;;;;False;False;False;False;False;False;False;False;False;False;;;False;False;False;False
K;31;Q;;;;;;;2.108551;0.145588912;0.41498068;Uncertain;Uncertain;Benign;Benign;Benign;Benign;Benign;Benign;Benign;Uncertain;Benign;;;;;False;False;False;False;False;True;False;False;False;False;;;False;False;False;False
K;31;R;;;;;;;1.933075;0.139647217;0.404322564;Uncertain;Uncertain;Benign;Benign;Benign;Benign;Benign;Benign;Benign;Benign;Benign;;;;;False;False;False;False;False;True;False;False;False;False;;;False;False;False;False
K;31;S;;;;;;;1.9164124;0.139095477;0.40331811;Uncertain;Uncertain;Benign;Benign;Benign;Benign;Benign;Benign;Benign;Benign;Benign;;;;;False;False;False;False;False;True;False;False;False;False;;;False;False;False;False
K;31;T;;;;;;;-0.09628296;0.086550931;0.294484458;Benign;Benign;Benign;Benign;Benign;Benign;Benign;Benign;Benign;Benign;Benign;;;;;False;False;False;False;False;True;False;False;False;False;;;False;False;False;False
K;31;V;;;;;;;0.9947815;0.111759697;0.350178666;Uncertain;Benign;Benign;Benign;Benign;Benign;Benign;Benign;Benign;Benign;Benign;;;;;False;False;False;False;False;True;False;False;False;False;;;False;False;False;False
K;31;W;;;;;;;6.790619;0.42254791;0.68110108;Uncertain;Uncertain;Uncertain;Uncertain;Uncertain;Uncertain;Uncertain;Uncertain;Benign;Uncertain;Uncertain;;;;;False;False;False;False;False;False;False;False;False;False;;;False;False;False;False
K;31;Y;;;;;;;3.5488586;0.203960407;0.505843938;Uncertain;Uncertain;Uncertain;Uncertain;Benign;Benign;Benign;Benign;Benign;Uncertain;Benign;;;;;False;False;False;False;False;True;False;False;False;False;;;False;False;False;False
V;32;A;Conflicting interpretations of pathogenicity;1;2;uncertain;;;7.1155396;0.466199343;0.690860468;Uncertain;Uncertain;Uncertain;Uncertain;Uncertain;Uncertain;Uncertain;Uncertain;Uncertain;Uncertain;Uncertain;7.0611877;0.458267894;0.689659988;Uncertain;False;False;False;False;False;False;False;False;False;False;uncertain;Conflicting interpretations of pathogenicity;False;False;False;False
V;32;C;;;;;;;8.649353;0.72190021;0.591149674;Uncertain;Uncertain;Uncertain;Uncertain;Uncertain;Pathogenic;Pathogenic;Pathogenic;Pathogenic;Uncertain;Pathogenic;;;;;False;False;False;False;False;False;True;False;False;False;;;False;False;False;False
V;32;D;;;;;;;9.365051;0.800617432;0.499545289;Uncertain;Uncertain;Uncertain;Uncertain;Pathogenic;Pathogenic;Pathogenic;Pathogenic;Pathogenic;Uncertain;Pathogenic;;;;;False;False;False;False;False;False;True;False;False;False;;;False;False;False;False
V;32;E;;;;;;;8.124298;0.640667698;0.653033058;Uncertain;Uncertain;Uncertain;Uncertain;Uncertain;Uncertain;Uncertain;Pathogenic;Pathogenic;Uncertain;Uncertain;;;;;False;False;False;False;False;False;False;False;False;False;;;False;False;False;False
V;32;F;;;;;;;6.5819397;0.399036226;0.672618955;Uncertain;Uncertain;Uncertain;Uncertain;Uncertain;Uncertain;Uncertain;Uncertain;Benign;Uncertain;Uncertain;;;;;False;False;False;False;False;False;False;False;False;False;;;False;False;False;False
V;32;G;;;;;;;8.7013855;0.728830036;0.584419043;Uncertain;Uncertain;Uncertain;Uncertain;Uncertain;Pathogenic;Pathogenic;Pathogenic;Pathogenic;Uncertain;Pathogenic;;;;;False;False;False;False;False;False;True;False;False;False;;;False;False;False;False
V;32;H;;;;;;;9.299591;0.794746413;0.507599749;Uncertain;Uncertain;Uncertain;Uncertain;Pathogenic;Pathogenic;Pathogenic;Pathogenic;Pathogenic;Uncertain;Pathogenic;;;;;False;False;False;False;False;False;True;False;False;False;;;False;False;False;False
V;32;I;;;;;;;0.6386719;0.102750528;0.331084809;Uncertain;Benign;Benign;Benign;Benign;Benign;Benign;Benign;Benign;Benign;Benign;;;;;False;False;False;False;False;True;False;False;False;False;;;False;False;False;False
V;32;K;;;;;;;9.324371;0.796995736;0.504539117;Uncertain;Uncertain;Uncertain;Uncertain;Pathogenic;Pathogenic;Pathogenic;Pathogenic;Pathogenic;Uncertain;Pathogenic;;;;;False;False;False;False;False;False;True;False;False;False;;;False;False;False;False
V;32;L;;;;;;;2.2839966;0.151773174;0.425772548;Uncertain;Uncertain;Benign;Benign;Benign;Benign;Benign;Benign;Benign;Uncertain;Benign;;;;;False;False;False;False;False;True;False;False;False;False;;;False;False;False;False
V;32;M;;;;;;;5.0525208;0.283970379;0.596664203;Uncertain;Uncertain;Uncertain;Uncertain;Uncertain;Benign;Benign;Benign;Benign;Uncertain;Benign;;;;;False;False;False;False;False;True;False;False;False;False;;;False;False;False;False
V;32;N;;;;;;;9.294189;0.794251645;0.508268805;Uncertain;Uncertain;Uncertain;Uncertain;Pathogenic;Pathogenic;Pathogenic;Pathogenic;Pathogenic;Uncertain;Pathogenic;;;;;False;False;False;False;False;False;True;False;False;False;;;False;False;False;False
V;32;P;;;;;;;9.298309;0.794629139;0.50775847;Uncertain;Uncertain;Uncertain;Uncertain;Pathogenic;Pathogenic;Pathogenic;Pathogenic;Pathogenic;Uncertain;Pathogenic;;;;;False;False;False;False;False;False;True;False;False;False;;;False;False;False;False
V;32;Q;;;;;;;9.345764;0.798911188;0.501908138;Uncertain;Uncertain;Uncertain;Uncertain;Pathogenic;Pathogenic;Pathogenic;Pathogenic;Pathogenic;Uncertain;Pathogenic;;;;;False;False;False;False;False;False;True;False;False;False;;;False;False;False;False
V;32;R;;;;;;;9.389984;0.80279463;0.496503751;Uncertain;Uncertain;Uncertain;Pathogenic;Pathogenic;Pathogenic;Pathogenic;Pathogenic;Pathogenic;Uncertain;Pathogenic;;;;;False;False;False;False;False;False;True;False;False;False;;;False;False;False;False
V;32;S;;;;;;;8.553864;0.708640177;0.60336476;Uncertain;Uncertain;Uncertain;Uncertain;Uncertain;Uncertain;Pathogenic;Pathogenic;Pathogenic;Uncertain;Pathogenic;;;;;False;False;False;False;False;False;True;False;False;False;;;False;False;False;False
V;32;T;;;;;;;9.450958;0.807987112;0.489128545;Uncertain;Uncertain;Uncertain;Pathogenic;Pathogenic;Pathogenic;Pathogenic;Pathogenic;Pathogenic;Uncertain;Pathogenic;;;;;False;False;False;False;False;False;True;False;False;False;;;False;False;False;False
V;32;V;;;;;;;;;;;;;;;;;;;;;;;;;False;False;False;False;False;False;False;False;False;False;;;False;False;False;False
V;32;W;;;;;;;9.423676;0.805686598;0.492417341;Uncertain;Uncertain;Uncertain;Pathogenic;Pathogenic;Pathogenic;Pathogenic;Pathogenic;Pathogenic;Uncertain;Pathogenic;;;;;False;False;False;False;False;False;True;False;False;False;;;False;False;False;False
V;32;Y;;;;;;;8.64328;0.721077844;0.591932451;Uncertain;Uncertain;Uncertain;Uncertain;Uncertain;Pathogenic;Pathogenic;Pathogenic;Pathogenic;Uncertain;Pathogenic;;;;;False;False;False;False;False;False;True;False;False;False;;;False;False;False;False
W;33;A;;;;;;;-2.24411;0.053701769;0.209273885;Benign;Benign;Benign;Benign;Benign;Benign;Benign;Benign;Benign;Benign;Benign;;;;;False;False;False;False;False;True;False;False;False;False;;;False;False;False;False
W;33;C;;;;;;;-0.019561768;0.088102068;0.298124569;Benign;Benign;Benign;Benign;Benign;Benign;Benign;Benign;Benign;Benign;Benign;;;;;False;False;False;False;False;True;False;False;False;False;;;False;False;False;False
W;33;D;;;;;;;-3.6201172;0.040593598;0.169826069;Benign;Benign;Benign;Benign;Benign;Benign;Benign;Benign;Benign;Benign;Benign;;;;;False;False;False;False;False;True;False;False;False;False;;;False;False;False;False
W;33;E;;;;;;;-4.923706;0.031847317;0.141106122;Benign;Benign;Benign;Benign;Benign;Benign;Benign;Benign;Benign;Benign;Benign;;;;;False;False;False;False;False;True;False;False;False;False;;;False;False;False;False
W;33;F;;;;;;;-2.2739563;0.053364064;0.208303847;Benign;Benign;Benign;Benign;Benign;Benign;Benign;Benign;Benign;Benign;Benign;;;;;False;False;False;False;False;True;False;False;False;False;;;False;False;False;False
W;33;G;;;;;;;0.4446411;0.098172743;0.321049428;Uncertain;Benign;Benign;Benign;Benign;Benign;Benign;Benign;Benign;Benign;Benign;;;;;False;False;False;False;False;True;False;False;False;False;;;False;False;False;False
W;33;H;;;;;;;-3.3312073;0.042966952;0.177261281;Benign;Benign;Benign;Benign;Benign;Benign;Benign;Benign;Benign;Benign;Benign;;;;;False;False;False;False;False;True;False;False;False;False;;;False;False;False;False
W;33;I;;;;;;;-2.6575623;0.049252801;0.196309256;Benign;Benign;Benign;Benign;Benign;Benign;Benign;Benign;Benign;Benign;Benign;;;;;False;False;False;False;False;True;False;False;False;False;;;False;False;False;False
W;33;K;;;;;;;-4.7512817;0.032842441;0.144488008;Benign;Benign;Benign;Benign;Benign;Benign;Benign;Benign;Benign;Benign;Benign;;;;;False;False;False;False;False;True;False;False;False;False;;;False;False;False;False
W;33;L;;;;;;;-1.9905396;0.056681106;0.217736084;Benign;Benign;Benign;Benign;Benign;Benign;Benign;Benign;Benign;Benign;Benign;;;;;False;False;False;False;False;True;False;False;False;False;;;False;False;False;False
W;33;M;;;;;;;-1.1387634;0.068289473;0.2491917;Benign;Benign;Benign;Benign;Benign;Benign;Benign;Benign;Benign;Benign;Benign;;;;;False;False;False;False;False;True;False;False;False;False;;;False;False;False;False
W;33;N;;;;;;;-3.9723816;0.037931847;0.161314807;Benign;Benign;Benign;Benign;Benign;Benign;Benign;Benign;Benign;Benign;Benign;;;;;False;False;False;False;False;True;False;False;False;False;;;False;False;False;False
W;33;P;;;;;;;1.0199585;0.112427597;0.351560907;Uncertain;Benign;Benign;Benign;Benign;Benign;Benign;Benign;Benign;Benign;Benign;;;;;False;False;False;False;False;True;False;False;False;False;;;False;False;False;False
W;33;Q;;;;;;;-3.3321228;0.042959144;0.177237049;Benign;Benign;Benign;Benign;Benign;Benign;Benign;Benign;Benign;Benign;Benign;;;;;False;False;False;False;False;True;False;False;False;False;;;False;False;False;False
W;33;R;Uncertain significance;1;1;uncertain;;;-3.3166199;0.043091613;0.177647966;Benign;Benign;Benign;Benign;Benign;Benign;Benign;Benign;Benign;Benign;Benign;-3.2775269;0.043428055;0.178689694;Benign;False;False;False;False;False;True;False;False;False;False;uncertain;Uncertain significance;False;False;False;False
W;33;S;;;;;;;-5.6542053;0.028085171;0.128021693;Benign;Benign;Benign;Benign;Benign;Benign;Benign;Benign;Benign;Benign;Benign;;;;;False;False;False;False;False;True;False;False;False;False;;;False;False;False;False
W;33;T;;;;;;;-6.4445496;0.024726602;0.115903702;Benign;Benign;Benign;Benign;Benign;Benign;Benign;Benign;Benign;Benign;Benign;;;;;False;False;False;False;False;True;False;False;False;False;;;False;False;False;False
W;33;V;;;;;;;-3.3108215;0.043141298;0.177801977;Benign;Benign;Benign;Benign;Benign;Benign;Benign;Benign;Benign;Benign;Benign;;;;;False;False;False;False;False;True;False;False;False;False;;;False;False;False;False
W;33;W;;;;;;;;;;;;;;;;;;;;;;;;;False;False;False;False;False;False;False;False;False;False;;;False;False;False;False
W;33;Y;;;;;;;-2.6733398;0.049092465;0.195834343;Benign;Benign;Benign;Benign;Benign;Benign;Benign;Benign;Benign;Benign;Benign;;;;;False;False;False;False;False;True;False;False;False;False;;;False;False;False;False
G;34;A;;;;;;;2.9721375;0.178473318;0.469070593;Uncertain;Uncertain;Uncertain;Benign;Benign;Benign;Benign;Benign;Benign;Uncertain;Benign;;;;;False;False;False;False;False;True;False;False;False;False;;;False;False;False;False
G;34;C;;;;;;;8.533905;0.705779583;0.605887446;Uncertain;Uncertain;Uncertain;Uncertain;Uncertain;Uncertain;Pathogenic;Pathogenic;Pathogenic;Uncertain;Pathogenic;;;;;False;False;False;False;False;False;True;False;False;False;;;False;False;False;False
G;34;D;;;;;;;9.083252;0.773618429;0.534867051;Uncertain;Uncertain;Uncertain;Uncertain;Pathogenic;Pathogenic;Pathogenic;Pathogenic;Pathogenic;Uncertain;Pathogenic;;;;;False;False;False;False;False;False;True;False;False;False;;;False;False;False;False
G;34;E;;;;;;;9.149139;0.780348465;0.526466567;Uncertain;Uncertain;Uncertain;Uncertain;Pathogenic;Pathogenic;Pathogenic;Pathogenic;Pathogenic;Uncertain;Pathogenic;;;;;False;False;False;False;False;False;True;False;False;False;;;False;False;False;False
G;34;F;;;;;;;6.4629517;0.386994459;0.667384668;Uncertain;Uncertain;Uncertain;Uncertain;Uncertain;Uncertain;Uncertain;Uncertain;Benign;Uncertain;Uncertain;;;;;False;False;False;False;False;False;False;False;False;False;;;False;False;False;False
G;34;G;;;;;;;;;;;;;;;;;;;;;;;;;False;False;False;False;False;False;False;False;False;False;;;False;False;False;False
G;34;H;;;;;;;9.15155;0.780589658;0.526160637;Uncertain;Uncertain;Uncertain;Uncertain;Pathogenic;Pathogenic;Pathogenic;Pathogenic;Pathogenic;Uncertain;Pathogenic;;;;;False;False;False;False;False;False;True;False;False;False;;;False;False;False;False
G;34;I;;;;;;;3.8671875;0.21926374;0.525974521;Uncertain;Uncertain;Uncertain;Uncertain;Benign;Benign;Benign;Benign;Benign;Uncertain;Benign;;;;;False;False;False;False;False;True;False;False;False;False;;;False;False;False;False
G;34;K;;;;;;;9.148529;0.780287385;0.526543987;Uncertain;Uncertain;Uncertain;Uncertain;Pathogenic;Pathogenic;Pathogenic;Pathogenic;Pathogenic;Uncertain;Pathogenic;;;;;False;False;False;False;False;False;True;False;False;False;;;False;False;False;False
G;34;L;;;;;;;5.906128;0.340113122;0.641110483;Uncertain;Uncertain;Uncertain;Uncertain;Uncertain;Uncertain;Uncertain;Benign;Benign;Uncertain;Benign;;;;;False;False;False;False;False;True;False;False;False;False;;;False;False;False;False
G;34;M;;;;;;;7.783325;0.579770508;0.680365966;Uncertain;Uncertain;Uncertain;Uncertain;Uncertain;Uncertain;Uncertain;Uncertain;Pathogenic;Uncertain;Uncertain;;;;;False;False;False;False;False;False;False;False;False;False;;;False;False;False;False
G;34;N;;;;;;;9.22403;0.787678421;0.51701639;Uncertain;Uncertain;Uncertain;Uncertain;Pathogenic;Pathogenic;Pathogenic;Pathogenic;Pathogenic;Uncertain;Pathogenic;;;;;False;False;False;False;False;False;True;False;False;False;;;False;False;False;False
G;34;P;;;;;;;9.159729;0.781405249;0.525123622;Uncertain;Uncertain;Uncertain;Uncertain;Pathogenic;Pathogenic;Pathogenic;Pathogenic;Pathogenic;Uncertain;Pathogenic;;;;;False;False;False;False;False;False;True;False;False;False;;;False;False;False;False
G;34;Q;;;;;;;9.134949;0.778921737;0.528269299;Uncertain;Uncertain;Uncertain;Uncertain;Pathogenic;Pathogenic;Pathogenic;Pathogenic;Pathogenic;Uncertain;Pathogenic;;;;;False;False;False;False;False;False;True;False;False;False;;;False;False;False;False
G;34;R;;;;;;;11.866547;0.923686201;0.269672754;Pathogenic;Pathogenic;Pathogenic;Pathogenic;Pathogenic;Pathogenic;Pathogenic;Pathogenic;Pathogenic;Pathogenic;Pathogenic;;;;;False;False;False;False;False;False;True;False;False;False;;;False;False;False;False
G;34;S;;;;;;;8.403229;0.686298152;0.622030621;Uncertain;Uncertain;Uncertain;Uncertain;Uncertain;Uncertain;Pathogenic;Pathogenic;Pathogenic;Uncertain;Pathogenic;;;;;False;False;False;False;False;False;True;False;False;False;;;False;False;False;False
G;34;T;;;;;;;7.5966187;0.545963016;0.688916012;Uncertain;Uncertain;Uncertain;Uncertain;Uncertain;Uncertain;Uncertain;Uncertain;Uncertain;Uncertain;Uncertain;;;;;False;False;False;False;False;False;False;False;False;False;;;False;False;False;False
G;34;V;;;;;;;3.3632507;0.195443336;0.494020287;Uncertain;Uncertain;Uncertain;Benign;Benign;Benign;Benign;Benign;Benign;Uncertain;Benign;;;;;False;False;False;False;False;True;False;False;False;False;;;False;False;False;False
G;34;W;;;;;;;6.101166;0.355112896;0.650554396;Uncertain;Uncertain;Uncertain;Uncertain;Uncertain;Uncertain;Uncertain;Benign;Benign;Uncertain;Benign;;;;;False;False;False;False;False;True;False;False;False;False;;;False;False;False;False
G;34;Y;;;;;;;4.1964417;0.236012769;0.546440182;Uncertain;Uncertain;Uncertain;Uncertain;Benign;Benign;Benign;Benign;Benign;Uncertain;Benign;;;;;False;False;False;False;False;True;False;False;False;False;;;False;False;False;False
S;35;A;;;;;;;2.7536926;0.169567042;0.455199038;Uncertain;Uncertain;Uncertain;Benign;Benign;Benign;Benign;Benign;Benign;Uncertain;Benign;;;;;False;False;False;False;False;True;False;False;False;False;;;False;False;False;False
S;35;C;;;;;;;3.4459229;0.199199997;0.499291381;Uncertain;Uncertain;Uncertain;Uncertain;Benign;Benign;Benign;Benign;Benign;Uncertain;Benign;;;;;False;False;False;False;False;True;False;False;False;False;;;False;False;False;False
S;35;D;;;;;;;0.38546753;0.096821156;0.318041664;Uncertain;Benign;Benign;Benign;Benign;Benign;Benign;Benign;Benign;Benign;Benign;;;;;False;False;False;False;False;True;False;False;False;False;;;False;False;False;False
S;35;E;;;;;;;-2.0857239;0.055539216;0.214512859;Benign;Benign;Benign;Benign;Benign;Benign;Benign;Benign;Benign;Benign;Benign;;;;;False;False;False;False;False;True;False;False;False;False;;;False;False;False;False
S;35;F;;;;;;;2.5487976;0.161579875;0.442280411;Uncertain;Uncertain;Uncertain;Benign;Benign;Benign;Benign;Benign;Benign;Uncertain;Benign;;;;;False;False;False;False;False;True;False;False;False;False;;;False;False;False;False
S;35;G;;;;;;;4.4649353;0.250359634;0.562729898;Uncertain;Uncertain;Uncertain;Uncertain;Uncertain;Benign;Benign;Benign;Benign;Uncertain;Benign;;;;;False;False;False;False;False;True;False;False;False;False;;;False;False;False;False
S;35;H;;;;;;;1.5629272;0.127886864;0.382349889;Uncertain;Uncertain;Benign;Benign;Benign;Benign;Benign;Benign;Benign;Benign;Benign;;;;;False;False;False;False;False;True;False;False;False;False;;;False;False;False;False
S;35;I;;;;uncertain;3.98E-06;3.98E-06;2.3013916;0.152399806;0.426849307;Uncertain;Uncertain;Benign;Benign;Benign;Benign;Benign;Benign;Benign;Uncertain;Benign;2.270996;0.151306443;0.424968568;Benign;False;False;False;False;False;True;False;False;False;False;uncertain;uncertain;False;False;False;False
S;35;K;;;;;;;-0.28652954;0.082835573;0.285640782;Benign;Benign;Benign;Benign;Benign;Benign;Benign;Benign;Benign;Benign;Benign;;;;;False;False;False;False;False;True;False;False;False;False;;;False;False;False;False
S;35;L;;;;;;;3.5327454;0.203209153;0.504819199;Uncertain;Uncertain;Uncertain;Uncertain;Benign;Benign;Benign;Benign;Benign;Uncertain;Benign;;;;;False;False;False;False;False;True;False;False;False;False;;;False;False;False;False
S;35;M;;;;;;;3.7583313;0.213931814;0.51911965;Uncertain;Uncertain;Uncertain;Uncertain;Benign;Benign;Benign;Benign;Benign;Uncertain;Benign;;;;;False;False;False;False;False;True;False;False;False;False;;;False;False;False;False
S;35;N;;;;;;;0.46420288;0.098624071;0.322049189;Uncertain;Benign;Benign;Benign;Benign;Benign;Benign;Benign;Benign;Benign;Benign;;;;;False;False;False;False;False;True;False;False;False;False;;;False;False;False;False
S;35;P;;;;;;;5.6335144;0.320851034;0.62750928;Uncertain;Uncertain;Uncertain;Uncertain;Uncertain;Uncertain;Benign;Benign;Benign;Uncertain;Benign;;;;;False;False;False;False;False;True;False;False;False;False;;;False;False;False;False
S;35;Q;;;;;;;0.40625;0.09729352;0.319095203;Uncertain;Benign;Benign;Benign;Benign;Benign;Benign;Benign;Benign;Benign;Benign;;;;;False;False;False;False;False;True;False;False;False;False;;;False;False;False;False
S;35;R;;;;;;;0.94000244;0.110320912;0.347185755;Uncertain;Benign;Benign;Benign;Benign;Benign;Benign;Benign;Benign;Benign;Benign;;;;;False;False;False;False;False;True;False;False;False;False;;;False;False;False;False
S;35;S;;;;;;;;;;;;;;;;;;;;;;;;;False;False;False;False;False;False;False;False;False;False;;;False;False;False;False
S;35;T;;;;;;;-0.29699707;0.082636453;0.285161751;Benign;Benign;Benign;Benign;Benign;Benign;Benign;Benign;Benign;Benign;Benign;;;;;False;False;False;False;False;True;False;False;False;False;;;False;False;False;False
S;35;V;;;;;;;1.3517151;0.121628324;0.370156807;Uncertain;Benign;Benign;Benign;Benign;Benign;Benign;Benign;Benign;Benign;Benign;;;;;False;False;False;False;False;True;False;False;False;False;;;False;False;False;False
S;35;W;;;;;;;4.540741;0.254522511;0.567249307;Uncertain;Uncertain;Uncertain;Uncertain;Uncertain;Benign;Benign;Benign;Benign;Uncertain;Benign;;;;;False;False;False;False;False;True;False;False;False;False;;;False;False;False;False
S;35;Y;;;;;;;2.0005798;0.141904476;0.408405656;Uncertain;Uncertain;Benign;Benign;Benign;Benign;Benign;Benign;Benign;Uncertain;Benign;;;;;False;False;False;False;False;True;False;False;False;False;;;False;False;False;False
I;36;A;;;;;;;8.922791;0.756050474;0.555589865;Uncertain;Uncertain;Uncertain;Uncertain;Uncertain;Pathogenic;Pathogenic;Pathogenic;Pathogenic;Uncertain;Pathogenic;;;;;False;False;False;False;False;False;True;False;False;False;;;False;False;False;False
I;36;C;;;;;;;9.341827;0.798560502;0.502391527;Uncertain;Uncertain;Uncertain;Uncertain;Pathogenic;Pathogenic;Pathogenic;Pathogenic;Pathogenic;Uncertain;Pathogenic;;;;;False;False;False;False;False;False;True;False;False;False;;;False;False;False;False
I;36;D;;;;;;;9.401428;0.803783326;0.495112676;Uncertain;Uncertain;Uncertain;Pathogenic;Pathogenic;Pathogenic;Pathogenic;Pathogenic;Pathogenic;Uncertain;Pathogenic;;;;;False;False;False;False;False;False;True;False;False;False;;;False;False;False;False
I;36;E;;;;;;;9.593353;0.819426143;0.472262539;Uncertain;Uncertain;Uncertain;Pathogenic;Pathogenic;Pathogenic;Pathogenic;Pathogenic;Pathogenic;Uncertain;Pathogenic;;;;;False;False;False;False;False;False;True;False;False;False;;;False;False;False;False
I;36;F;Uncertain significance;1;1;uncertain;;;4.2082825;0.23663245;0.547167035;Uncertain;Uncertain;Uncertain;Uncertain;Benign;Benign;Benign;Benign;Benign;Uncertain;Benign;4.171173;0.234694367;0.544886674;Benign;False;False;False;False;False;True;False;False;False;False;uncertain;Uncertain significance;False;False;False;False
I;36;G;;;;;;;7.7674255;0.576876453;0.681280186;Uncertain;Uncertain;Uncertain;Uncertain;Uncertain;Uncertain;Uncertain;Uncertain;Pathogenic;Uncertain;Uncertain;;;;;False;False;False;False;False;False;False;False;False;False;;;False;False;False;False
I;36;H;;;;;;;9.456482;0.808448499;0.488464853;Uncertain;Uncertain;Uncertain;Pathogenic;Pathogenic;Pathogenic;Pathogenic;Pathogenic;Pathogenic;Uncertain;Pathogenic;;;;;False;False;False;False;False;False;True;False;False;False;;;False;False;False;False
I;36;I;;;;;;;;;;;;;;;;;;;;;;;;;False;False;False;False;False;False;False;False;False;False;;;False;False;False;False
I;36;K;;;;;;;9.405945;0.80417175;0.494564478;Uncertain;Uncertain;Uncertain;Pathogenic;Pathogenic;Pathogenic;Pathogenic;Pathogenic;Pathogenic;Uncertain;Pathogenic;;;;;False;False;False;False;False;False;True;False;False;False;;;False;False;False;False
I;36;L;;;;;;;1.9833679;0.141325572;0.407362505;Uncertain;Uncertain;Benign;Benign;Benign;Benign;Benign;Benign;Benign;Benign;Benign;;;;;False;False;False;False;False;True;False;False;False;False;;;False;False;False;False
I;36;M;;;;;;;7.154846;0.472091209;0.691588569;Uncertain;Uncertain;Uncertain;Uncertain;Uncertain;Uncertain;Uncertain;Uncertain;Uncertain;Uncertain;Uncertain;;;;;False;False;False;False;False;False;False;False;False;False;;;False;False;False;False
I;36;N;;;;;;;8.576569;0.711856939;0.600480624;Uncertain;Uncertain;Uncertain;Uncertain;Uncertain;Uncertain;Pathogenic;Pathogenic;Pathogenic;Uncertain;Pathogenic;;;;;False;False;False;False;False;False;True;False;False;False;;;False;False;False;False
I;36;P;;;;;;;8.897339;0.753102506;0.558900954;Uncertain;Uncertain;Uncertain;Uncertain;Uncertain;Pathogenic;Pathogenic;Pathogenic;Pathogenic;Uncertain;Pathogenic;;;;;False;False;False;False;False;False;True;False;False;False;;;False;False;False;False
I;36;Q;;;;;;;9.211578;0.786482562;0.518579876;Uncertain;Uncertain;Uncertain;Uncertain;Pathogenic;Pathogenic;Pathogenic;Pathogenic;Pathogenic;Uncertain;Pathogenic;;;;;False;False;False;False;False;False;True;False;False;False;;;False;False;False;False
I;36;R;;;;;;;9.38028;0.801951048;0.497685773;Uncertain;Uncertain;Uncertain;Uncertain;Pathogenic;Pathogenic;Pathogenic;Pathogenic;Pathogenic;Uncertain;Pathogenic;;;;;False;False;False;False;False;False;True;False;False;False;;;False;False;False;False
I;36;S;;;;;;;9.337372;0.79816269;0.502938951;Uncertain;Uncertain;Uncertain;Uncertain;Pathogenic;Pathogenic;Pathogenic;Pathogenic;Pathogenic;Uncertain;Pathogenic;;;;;False;False;False;False;False;False;True;False;False;False;;;False;False;False;False
I;36;T;;;;;;;9.410736;0.804582616;0.493983562;Uncertain;Uncertain;Uncertain;Pathogenic;Pathogenic;Pathogenic;Pathogenic;Pathogenic;Pathogenic;Uncertain;Pathogenic;;;;;False;False;False;False;False;False;True;False;False;False;;;False;False;False;False
I;36;V;;;;;;;1.2322083;0.118227077;0.363377618;Uncertain;Benign;Benign;Benign;Benign;Benign;Benign;Benign;Benign;Benign;Benign;;;;;False;False;False;False;False;True;False;False;False;False;;;False;False;False;False
I;36;W;;;;;;;9.376678;0.801636695;0.498125094;Uncertain;Uncertain;Uncertain;Uncertain;Pathogenic;Pathogenic;Pathogenic;Pathogenic;Pathogenic;Uncertain;Pathogenic;;;;;False;False;False;False;False;False;True;False;False;False;;;False;False;False;False
I;36;Y;;;;;;;9.36322;0.800456283;0.49976923;Uncertain;Uncertain;Uncertain;Uncertain;Pathogenic;Pathogenic;Pathogenic;Pathogenic;Pathogenic;Uncertain;Pathogenic;;;;;False;False;False;False;False;False;True;False;False;False;;;False;False;False;False
K;37;A;;;;;;;2.098999;0.145259256;0.414396875;Uncertain;Uncertain;Benign;Benign;Benign;Benign;Benign;Benign;Benign;Uncertain;Benign;;;;;False;False;False;False;False;True;False;False;False;False;;;False;False;False;False
K;37;C;;;;;;;3.973877;0.224588842;0.532654851;Uncertain;Uncertain;Uncertain;Uncertain;Benign;Benign;Benign;Benign;Benign;Uncertain;Benign;;;;;False;False;False;False;False;True;False;False;False;False;;;False;False;False;False
K;37;D;;;;;;;2.7934265;0.17115685;0.457715812;Uncertain;Uncertain;Uncertain;Benign;Benign;Benign;Benign;Benign;Benign;Uncertain;Benign;;;;;False;False;False;False;False;True;False;False;False;False;;;False;False;False;False
K;37;E;;;;;;;0.5639343;0.100960417;0.327188116;Uncertain;Benign;Benign;Benign;Benign;Benign;Benign;Benign;Benign;Benign;Benign;;;;;False;False;False;False;False;True;False;False;False;False;;;False;False;False;False
K;37;F;;;;;;;3.1446533;0.185795742;0.480068994;Uncertain;Uncertain;Uncertain;Benign;Benign;Benign;Benign;Benign;Benign;Uncertain;Benign;;;;;False;False;False;False;False;True;False;False;False;False;;;False;False;False;False
K;37;G;;;;;;;4.610443;0.258394199;0.57137059;Uncertain;Uncertain;Uncertain;Uncertain;Uncertain;Benign;Benign;Benign;Benign;Uncertain;Benign;;;;;False;False;False;False;False;True;False;False;False;False;;;False;False;False;False
K;37;H;;;;;;;1.9238892;0.139342787;0.403768658;Uncertain;Uncertain;Benign;Benign;Benign;Benign;Benign;Benign;Benign;Benign;Benign;;;;;False;False;False;False;False;True;False;False;False;False;;;False;False;False;False
K;37;I;;;;;;;2.4597168;0.15821654;0.436700627;Uncertain;Uncertain;Benign;Benign;Benign;Benign;Benign;Benign;Benign;Uncertain;Benign;;;;;False;False;False;False;False;True;False;False;False;False;;;False;False;False;False
K;37;K;;;;;;;;;;;;;;;;;;;;;;;;;False;False;False;False;False;False;False;False;False;False;;;False;False;False;False
K;37;L;;;;;;;2.3258362;0.153284533;0.428364388;Uncertain;Uncertain;Benign;Benign;Benign;Benign;Benign;Benign;Benign;Uncertain;Benign;;;;;False;False;False;False;False;True;False;False;False;False;;;False;False;False;False
K;37;M;;;;;;;3.7430725;0.213192611;0.518156035;Uncertain;Uncertain;Uncertain;Uncertain;Benign;Benign;Benign;Benign;Benign;Uncertain;Benign;;;;;False;False;False;False;False;True;False;False;False;False;;;False;False;False;False
K;37;N;;;;;;;1.2234802;0.117982552;0.362886002;Uncertain;Benign;Benign;Benign;Benign;Benign;Benign;Benign;Benign;Benign;Benign;;;;;False;False;False;False;False;True;False;False;False;False;;;False;False;False;False
K;37;P;;;;;;;6.009735;0.347929821;0.64615569;Uncertain;Uncertain;Uncertain;Uncertain;Uncertain;Uncertain;Uncertain;Benign;Benign;Uncertain;Benign;;;;;False;False;False;False;False;True;False;False;False;False;;;False;False;False;False
K;37;Q;;;;;;;1.5140381;0.126409649;0.379504156;Uncertain;Uncertain;Benign;Benign;Benign;Benign;Benign;Benign;Benign;Benign;Benign;;;;;False;False;False;False;False;True;False;False;False;False;;;False;False;False;False
K;37;R;;;;;;;1.3512878;0.121615985;0.370132411;Uncertain;Benign;Benign;Benign;Benign;Benign;Benign;Benign;Benign;Benign;Benign;;;;;False;False;False;False;False;True;False;False;False;False;;;False;False;False;False
K;37;S;;;;;;;-0.63549805;0.07648283;0.270094033;Benign;Benign;Benign;Benign;Benign;Benign;Benign;Benign;Benign;Benign;Benign;;;;;False;False;False;False;False;True;False;False;False;False;;;False;False;False;False
K;37;T;;;;;;;-1.1724243;0.067779331;0.247856514;Benign;Benign;Benign;Benign;Benign;Benign;Benign;Benign;Benign;Benign;Benign;;;;;False;False;False;False;False;True;False;False;False;False;;;False;False;False;False
K;37;V;;;;;;;2.3798218;0.155255661;0.431718265;Uncertain;Uncertain;Benign;Benign;Benign;Benign;Benign;Benign;Benign;Uncertain;Benign;;;;;False;False;False;False;False;True;False;False;False;False;;;False;False;False;False
K;37;W;;;;;;;4.795685;0.268891847;0.582153528;Uncertain;Uncertain;Uncertain;Uncertain;Uncertain;Benign;Benign;Benign;Benign;Uncertain;Benign;;;;;False;False;False;False;False;True;False;False;False;False;;;False;False;False;False
K;37;Y;;;;;;;2.1229248;0.146086338;0.415859943;Uncertain;Uncertain;Benign;Benign;Benign;Benign;Benign;Benign;Benign;Uncertain;Benign;;;;;False;False;False;False;False;True;False;False;False;False;;;False;False;False;False
G;38;A;;;;;;;9.253571;0.790479868;0.513320187;Uncertain;Uncertain;Uncertain;Uncertain;Pathogenic;Pathogenic;Pathogenic;Pathogenic;Pathogenic;Uncertain;Pathogenic;;;;;False;False;True;False;False;False;True;False;False;True;pathogenic;Likely Pathogenic;False;False;False;False
G;38;C;;;;;;;8.819031;0.743742224;0.56910616;Uncertain;Uncertain;Uncertain;Uncertain;Uncertain;Pathogenic;Pathogenic;Pathogenic;Pathogenic;Uncertain;Pathogenic;;;;;False;False;True;False;False;False;True;False;False;True;pathogenic;Likely Pathogenic;False;False;False;False
G;38;D;;;;;;;6.5158386;0.392235054;0.669737362;Uncertain;Uncertain;Uncertain;Uncertain;Uncertain;Uncertain;Uncertain;Uncertain;Benign;Uncertain;Uncertain;;;;;False;False;True;False;False;False;False;False;False;False;;;False;False;False;False
G;38;E;;;;;;;7.2528076;0.487326619;0.692825917;Uncertain;Uncertain;Uncertain;Uncertain;Uncertain;Uncertain;Uncertain;Uncertain;Uncertain;Uncertain;Uncertain;;;;;False;False;True;False;False;False;False;False;False;False;;;False;False;False;False
G;38;F;;;;;;;9.321136;0.796703966;0.504937886;Uncertain;Uncertain;Uncertain;Uncertain;Pathogenic;Pathogenic;Pathogenic;Pathogenic;Pathogenic;Uncertain;Pathogenic;;;;;False;False;True;False;False;False;True;False;False;True;pathogenic;Likely Pathogenic;False;False;False;False
G;38;G;;;;;;;;;;;;;;;;;;;;;;;;;False;False;True;False;False;False;False;False;False;False;;;False;False;False;False
G;38;H;;;;;;;8.111053;0.638382329;0.654343269;Uncertain;Uncertain;Uncertain;Uncertain;Uncertain;Uncertain;Uncertain;Pathogenic;Pathogenic;Uncertain;Uncertain;;;;;False;False;True;False;False;False;False;False;False;False;;;False;False;False;False
G;38;I;;;;;;;10.084137;0.852671078;0.418047716;Uncertain;Uncertain;Pathogenic;Pathogenic;Pathogenic;Pathogenic;Pathogenic;Pathogenic;Pathogenic;Uncertain;Pathogenic;;;;;False;False;True;False;False;False;True;False;False;True;pathogenic;Likely Pathogenic;False;False;False;False
G;38;K;;;;;;;7.677948;0.560619125;0.685779713;Uncertain;Uncertain;Uncertain;Uncertain;Uncertain;Uncertain;Uncertain;Uncertain;Pathogenic;Uncertain;Uncertain;;;;;False;False;True;False;False;False;False;False;False;False;;;False;False;False;False
G;38;L;;;;;;;9.900848;0.841251505;0.437588759;Uncertain;Uncertain;Pathogenic;Pathogenic;Pathogenic;Pathogenic;Pathogenic;Pathogenic;Pathogenic;Uncertain;Pathogenic;;;;;False;False;True;False;False;False;True;False;False;True;pathogenic;Likely Pathogenic;False;False;False;False
G;38;M;;;;;;;10.130127;0.855373534;0.41327378;Uncertain;Uncertain;Pathogenic;Pathogenic;Pathogenic;Pathogenic;Pathogenic;Pathogenic;Pathogenic;Uncertain;Pathogenic;;;;;False;False;True;False;False;False;True;False;False;True;pathogenic;Likely Pathogenic;False;False;False;False
G;38;N;;;;;;;3.6264038;0.207607367;0.510769309;Uncertain;Uncertain;Uncertain;Uncertain;Benign;Benign;Benign;Benign;Benign;Uncertain;Benign;;;;;False;False;True;False;False;True;False;False;False;False;;;False;False;False;False
G;38;P;;;;;;;8.792908;0.740520305;0.57251199;Uncertain;Uncertain;Uncertain;Uncertain;Uncertain;Pathogenic;Pathogenic;Pathogenic;Pathogenic;Uncertain;Pathogenic;;;;;False;False;True;False;False;False;True;False;False;True;pathogenic;Likely Pathogenic;False;False;False;False
G;38;Q;;;;;;;8.775787;0.738381238;0.574743291;Uncertain;Uncertain;Uncertain;Uncertain;Uncertain;Pathogenic;Pathogenic;Pathogenic;Pathogenic;Uncertain;Pathogenic;;;;;False;False;True;False;False;False;True;False;False;True;pathogenic;Likely Pathogenic;False;False;False;False
G;38;R;Pathogenic;1;2;pathogenic;;;8.622528;0.718246293;0.594602008;Uncertain;Uncertain;Uncertain;Uncertain;Uncertain;Pathogenic;Pathogenic;Pathogenic;Pathogenic;Uncertain;Pathogenic;8.65567;0.722752604;0.590334759;Pathogenic;False;False;True;True;False;False;True;False;False;True;pathogenic;Pathogenic;False;False;False;False
G;38;S;;;;;;;7.40744;0.512840627;0.692817381;Uncertain;Uncertain;Uncertain;Uncertain;Uncertain;Uncertain;Uncertain;Uncertain;Uncertain;Uncertain;Uncertain;;;;;False;False;True;False;False;False;False;False;False;False;;;False;False;False;False
G;38;T;;;;;;;9.180054;0.783414581;0.522552142;Uncertain;Uncertain;Uncertain;Uncertain;Pathogenic;Pathogenic;Pathogenic;Pathogenic;Pathogenic;Uncertain;Pathogenic;;;;;False;False;True;False;False;False;True;False;False;True;pathogenic;Likely Pathogenic;False;False;False;False
G;38;V;;;;;;;10.225861;0.860804804;0.403499839;Uncertain;Uncertain;Pathogenic;Pathogenic;Pathogenic;Pathogenic;Pathogenic;Pathogenic;Pathogenic;Pathogenic;Pathogenic;;;;;False;False;True;False;False;False;True;False;False;True;pathogenic;Likely Pathogenic;False;False;False;False
G;38;W;;;;;;;10.141022;0.856004701;0.412150342;Uncertain;Uncertain;Pathogenic;Pathogenic;Pathogenic;Pathogenic;Pathogenic;Pathogenic;Pathogenic;Uncertain;Pathogenic;;;;;False;False;True;False;False;False;True;False;False;True;pathogenic;Likely Pathogenic;False;False;False;False
G;38;Y;;;;;;;8.661804;0.723577369;0.589542807;Uncertain;Uncertain;Uncertain;Uncertain;Uncertain;Pathogenic;Pathogenic;Pathogenic;Pathogenic;Uncertain;Pathogenic;;;;;False;False;True;False;False;False;True;False;False;True;pathogenic;Likely Pathogenic;False;False;False;False
L;39;A;;;;;;;8.041718;0.626278329;0.660906747;Uncertain;Uncertain;Uncertain;Uncertain;Uncertain;Uncertain;Uncertain;Pathogenic;Pathogenic;Uncertain;Uncertain;;;;;False;False;True;False;False;False;False;False;False;False;;;False;False;False;False
L;39;C;;;;;;;9.094635;0.77480053;0.533410424;Uncertain;Uncertain;Uncertain;Uncertain;Pathogenic;Pathogenic;Pathogenic;Pathogenic;Pathogenic;Uncertain;Pathogenic;;;;;False;False;True;False;False;False;True;False;False;True;pathogenic;Likely Pathogenic;False;False;False;False
L;39;D;;;;;;;10.043579;0.850235426;0.422300501;Uncertain;Uncertain;Pathogenic;Pathogenic;Pathogenic;Pathogenic;Pathogenic;Pathogenic;Pathogenic;Uncertain;Pathogenic;;;;;False;False;True;False;False;False;True;False;False;True;pathogenic;Likely Pathogenic;False;False;False;False
L;39;E;;;;;;;10.003998;0.847809681;0.426489678;Uncertain;Uncertain;Pathogenic;Pathogenic;Pathogenic;Pathogenic;Pathogenic;Pathogenic;Pathogenic;Uncertain;Pathogenic;;;;;False;False;True;False;False;False;True;False;False;True;pathogenic;Likely Pathogenic;False;False;False;False
L;39;F;;;;;;;5.459503;0.309316827;0.618552953;Uncertain;Uncertain;Uncertain;Uncertain;Uncertain;Uncertain;Benign;Benign;Benign;Uncertain;Benign;;;;;False;False;True;False;False;True;False;False;False;False;;;False;False;False;False
L;39;G;;;;;;;9.941376;0.843870038;0.433196387;Uncertain;Uncertain;Pathogenic;Pathogenic;Pathogenic;Pathogenic;Pathogenic;Pathogenic;Pathogenic;Uncertain;Pathogenic;;;;;False;False;True;False;False;False;True;False;False;True;pathogenic;Likely Pathogenic;False;False;False;False
L;39;H;;;;;;;8.764832;0.737001072;0.576170387;Uncertain;Uncertain;Uncertain;Uncertain;Uncertain;Pathogenic;Pathogenic;Pathogenic;Pathogenic;Uncertain;Pathogenic;;;;;False;False;True;False;False;False;True;False;False;True;pathogenic;Likely Pathogenic;False;False;False;False
L;39;I;;;;;;;5.6839294;0.32429204;0.630062447;Uncertain;Uncertain;Uncertain;Uncertain;Uncertain;Uncertain;Benign;Benign;Benign;Uncertain;Benign;;;;;False;False;True;False;False;True;False;False;False;False;;;False;False;False;False
L;39;K;;;;;;;10.050842;0.850675271;0.421535971;Uncertain;Uncertain;Pathogenic;Pathogenic;Pathogenic;Pathogenic;Pathogenic;Pathogenic;Pathogenic;Uncertain;Pathogenic;;;;;False;False;True;False;False;False;True;False;False;True;pathogenic;Likely Pathogenic;False;False;False;False
L;39;L;;;;;;;;;;;;;;;;;;;;;;;;;False;False;True;False;False;False;False;False;False;False;;;False;False;False;False
L;39;M;;;;;;;5.1524353;0.290013843;0.602164077;Uncertain;Uncertain;Uncertain;Uncertain;Uncertain;Uncertain;Benign;Benign;Benign;Uncertain;Benign;;;;;False;False;True;False;False;True;False;False;False;False;;;False;False;False;False
L;39;N;;;;;;;6.2492065;0.367415004;0.657565555;Uncertain;Uncertain;Uncertain;Uncertain;Uncertain;Uncertain;Uncertain;Benign;Benign;Uncertain;Uncertain;;;;;False;False;True;False;False;False;False;False;False;False;;;False;False;False;False
L;39;P;;;;;;;9.97464;0.845978521;0.429621788;Uncertain;Uncertain;Pathogenic;Pathogenic;Pathogenic;Pathogenic;Pathogenic;Pathogenic;Pathogenic;Uncertain;Pathogenic;;;;;False;False;True;False;False;False;True;False;False;True;pathogenic;Likely Pathogenic;False;False;False;False
L;39;Q;;;;;;;10.068176;0.851718507;0.419716545;Uncertain;Uncertain;Pathogenic;Pathogenic;Pathogenic;Pathogenic;Pathogenic;Pathogenic;Pathogenic;Uncertain;Pathogenic;;;;;False;False;True;False;False;False;True;False;False;True;pathogenic;Likely Pathogenic;False;False;False;False
L;39;R;;;;;;;9.998413;0.847463443;0.427083886;Uncertain;Uncertain;Pathogenic;Pathogenic;Pathogenic;Pathogenic;Pathogenic;Pathogenic;Pathogenic;Uncertain;Pathogenic;;;;;False;False;True;False;False;False;True;False;False;True;pathogenic;Likely Pathogenic;False;False;False;False
L;39;S;;;;;;;8.495941;0.700253801;0.610649104;Uncertain;Uncertain;Uncertain;Uncertain;Uncertain;Uncertain;Pathogenic;Pathogenic;Pathogenic;Uncertain;Pathogenic;;;;;False;False;True;False;False;False;True;False;False;True;pathogenic;Likely Pathogenic;False;False;False;False
L;39;T;;;;;;;8.46405;0.695526675;0.61460703;Uncertain;Uncertain;Uncertain;Uncertain;Uncertain;Uncertain;Pathogenic;Pathogenic;Pathogenic;Uncertain;Pathogenic;;;;;False;False;True;False;False;False;True;False;False;True;pathogenic;Likely Pathogenic;False;False;False;False
L;39;V;Likely pathogenic;1;2;pathogenic;3.98E-06;3.98E-06;6.507263;0.391373487;0.669358501;Uncertain;Uncertain;Uncertain;Uncertain;Uncertain;Uncertain;Uncertain;Uncertain;Benign;Uncertain;Uncertain;6.4362183;0.384409797;0.666181726;Uncertain;False;False;True;True;False;False;False;False;False;False;pathogenic;Likely pathogenic;False;False;False;False
L;39;W;;;;;;;9.981384;0.846401611;0.42890041;Uncertain;Uncertain;Pathogenic;Pathogenic;Pathogenic;Pathogenic;Pathogenic;Pathogenic;Pathogenic;Uncertain;Pathogenic;;;;;False;False;True;False;False;False;True;False;False;True;pathogenic;Likely Pathogenic;False;False;False;False
L;39;Y;;;;;;;10.044952;0.850318698;0.422155875;Uncertain;Uncertain;Pathogenic;Pathogenic;Pathogenic;Pathogenic;Pathogenic;Pathogenic;Pathogenic;Uncertain;Pathogenic;;;;;False;False;True;False;False;False;True;False;False;True;pathogenic;Likely Pathogenic;False;False;False;False
T;40;A;;;;;;;0.7772217;0.106160066;0.338410941;Uncertain;Benign;Benign;Benign;Benign;Benign;Benign;Benign;Benign;Benign;Benign;;;;;False;False;False;False;False;True;False;False;False;False;;;False;False;False;False
T;40;C;;;;;;;5.8002625;0.332431058;0.635886926;Uncertain;Uncertain;Uncertain;Uncertain;Uncertain;Uncertain;Benign;Benign;Benign;Uncertain;Benign;;;;;False;False;False;False;False;True;False;False;False;False;;;False;False;False;False
T;40;D;;;;;;;2.7509766;0.169458859;0.455027126;Uncertain;Uncertain;Uncertain;Benign;Benign;Benign;Benign;Benign;Benign;Uncertain;Benign;;;;;False;False;False;False;False;True;False;False;False;False;;;False;False;False;False
T;40;E;;;;;;;2.6174622;0.164217357;0.446597514;Uncertain;Uncertain;Uncertain;Benign;Benign;Benign;Benign;Benign;Benign;Uncertain;Benign;;;;;False;False;False;False;False;True;False;False;False;False;;;False;False;False;False
T;40;F;;;;;;;6.1895447;0.362348323;0.654757379;Uncertain;Uncertain;Uncertain;Uncertain;Uncertain;Uncertain;Uncertain;Benign;Benign;Uncertain;Uncertain;;;;;False;False;False;False;False;False;False;False;False;False;;;False;False;False;False
T;40;G;;;;;;;3.3570251;0.195162845;0.493623135;Uncertain;Uncertain;Uncertain;Benign;Benign;Benign;Benign;Benign;Benign;Uncertain;Benign;;;;;False;False;False;False;False;True;False;False;False;False;;;False;False;False;False
T;40;H;;;;;;;6.087555;0.354025075;0.649902774;Uncertain;Uncertain;Uncertain;Uncertain;Uncertain;Uncertain;Uncertain;Benign;Benign;Uncertain;Benign;;;;;False;False;False;False;False;True;False;False;False;False;;;False;False;False;False
T;40;I;;;;;;;4.8849792;0.274062995;0.58725824;Uncertain;Uncertain;Uncertain;Uncertain;Uncertain;Benign;Benign;Benign;Benign;Uncertain;Benign;;;;;False;False;False;False;False;True;False;False;False;False;;;False;False;False;False
T;40;K;;;;;;;0.90805054;0.109490736;0.34544927;Uncertain;Benign;Benign;Benign;Benign;Benign;Benign;Benign;Benign;Benign;Benign;;;;;False;False;False;False;False;True;False;False;False;False;;;False;False;False;False
T;40;L;;;;;;;6.267273;0.368980597;0.658410908;Uncertain;Uncertain;Uncertain;Uncertain;Uncertain;Uncertain;Uncertain;Benign;Benign;Uncertain;Uncertain;;;;;False;False;False;False;False;False;False;False;False;False;;;False;False;False;False
T;40;M;;;;;;;5.189514;0.292283999;0.60418409;Uncertain;Uncertain;Uncertain;Uncertain;Uncertain;Uncertain;Benign;Benign;Benign;Uncertain;Benign;;;;;False;False;False;False;False;True;False;False;False;False;;;False;False;False;False
T;40;N;;;;;;;3.507782;0.202049725;0.50323085;Uncertain;Uncertain;Uncertain;Uncertain;Benign;Benign;Benign;Benign;Benign;Uncertain;Benign;;;;;False;False;False;False;False;True;False;False;False;False;;;False;False;False;False
T;40;P;;;;;;;2.4193726;0.156714852;0.43418198;Uncertain;Uncertain;Benign;Benign;Benign;Benign;Benign;Benign;Benign;Uncertain;Benign;;;;;False;False;False;False;False;True;False;False;False;False;;;False;False;False;False
T;40;Q;;;;;;;3.265503;0.191078165;0.487782543;Uncertain;Uncertain;Uncertain;Benign;Benign;Benign;Benign;Benign;Benign;Uncertain;Benign;;;;;False;False;False;False;False;True;False;False;False;False;;;False;False;False;False
T;40;R;;;;;;;4.1059265;0.231315434;0.540860916;Uncertain;Uncertain;Uncertain;Uncertain;Benign;Benign;Benign;Benign;Benign;Uncertain;Benign;;;;;False;False;False;False;False;True;False;False;False;False;;;False;False;False;False
T;40;S;;;;;;;0.87542725;0.108649939;0.343683366;Uncertain;Benign;Benign;Benign;Benign;Benign;Benign;Benign;Benign;Benign;Benign;;;;;False;False;False;False;False;True;False;False;False;False;;;False;False;False;False
T;40;T;;;;;;;;;;;;;;;;;;;;;;;;;False;False;False;False;False;False;False;False;False;False;;;False;False;False;False
T;40;V;;;;;;;4.376587;0.245570487;0.557416298;Uncertain;Uncertain;Uncertain;Uncertain;Uncertain;Benign;Benign;Benign;Benign;Uncertain;Benign;;;;;False;False;False;False;False;True;False;False;False;False;;;False;False;False;False
T;40;W;;;;;;;7.334717;0.500634234;0.693146376;Uncertain;Uncertain;Uncertain;Uncertain;Uncertain;Uncertain;Uncertain;Uncertain;Uncertain;Uncertain;Uncertain;;;;;False;False;False;False;False;False;False;False;False;False;;;False;False;False;False
T;40;Y;;;;;;;5.924988;0.341512663;0.642033724;Uncertain;Uncertain;Uncertain;Uncertain;Uncertain;Uncertain;Uncertain;Benign;Benign;Uncertain;Benign;;;;;False;False;False;False;False;True;False;False;False;False;;;False;False;False;False
E;41;A;;;;;;;0.20285034;0.092777041;0.30891623;Uncertain;Benign;Benign;Benign;Benign;Benign;Benign;Benign;Benign;Benign;Benign;;;;;False;False;False;False;False;True;False;False;False;False;;;False;False;False;False
E;41;C;;;;;;;4.9699707;0.279054599;0.592058205;Uncertain;Uncertain;Uncertain;Uncertain;Uncertain;Benign;Benign;Benign;Benign;Uncertain;Benign;;;;;False;False;False;False;False;True;False;False;False;False;;;False;False;False;False
E;41;D;;;;;;;1.1915283;0.117091862;0.361090402;Uncertain;Benign;Benign;Benign;Benign;Benign;Benign;Benign;Benign;Benign;Benign;;;;;False;False;False;False;False;True;False;False;False;False;;;False;False;False;False
E;41;E;;;;;;;;;;;;;;;;;;;;;;;;;False;False;False;False;False;False;False;False;False;False;;;False;False;False;False
E;41;F;;;;;;;4.7477417;0.266145503;0.579387267;Uncertain;Uncertain;Uncertain;Uncertain;Uncertain;Benign;Benign;Benign;Benign;Uncertain;Benign;;;;;False;False;False;False;False;True;False;False;False;False;;;False;False;False;False
E;41;G;Conflicting interpretations of pathogenicity;1;2;uncertain;;;3.4901733;0.201235142;0.502109934;Uncertain;Uncertain;Uncertain;Uncertain;Benign;Benign;Benign;Benign;Benign;Uncertain;Benign;3.484436;0.200970315;0.501744627;Benign;False;False;False;False;False;True;False;False;False;False;uncertain;Conflicting interpretations of pathogenicity;False;False;False;False
E;41;H;;;;;;;4.2140503;0.236934739;0.547520833;Uncertain;Uncertain;Uncertain;Uncertain;Benign;Benign;Benign;Benign;Benign;Uncertain;Benign;;;;;False;False;False;False;False;True;False;False;False;False;;;False;False;False;False
E;41;I;;;;;;;4.3687134;0.245146934;0.556940426;Uncertain;Uncertain;Uncertain;Uncertain;Uncertain;Benign;Benign;Benign;Benign;Uncertain;Benign;;;;;False;False;False;False;False;True;False;False;False;False;;;False;False;False;False
E;41;K;;;;;;;0.001464844;0.088532603;0.299129592;Benign;Benign;Benign;Benign;Benign;Benign;Benign;Benign;Benign;Benign;Benign;;;;;False;False;False;False;False;True;False;False;False;False;;;False;False;False;False
E;41;L;;;;;;;4.6552124;0.260903374;0.573999699;Uncertain;Uncertain;Uncertain;Uncertain;Uncertain;Benign;Benign;Benign;Benign;Uncertain;Benign;;;;;False;False;False;False;False;True;False;False;False;False;;;False;False;False;False
E;41;M;;;;;;;5.0880737;0.286108795;0.598630693;Uncertain;Uncertain;Uncertain;Uncertain;Uncertain;Benign;Benign;Benign;Benign;Uncertain;Benign;;;;;False;False;False;False;False;True;False;False;False;False;;;False;False;False;False
E;41;N;;;;;;;2.2185059;0.149435865;0.421729289;Uncertain;Uncertain;Benign;Benign;Benign;Benign;Benign;Benign;Benign;Uncertain;Benign;;;;;False;False;False;False;False;True;False;False;False;False;;;False;False;False;False
E;41;P;;;;;;;-2.0770264;0.055642366;0.214805035;Benign;Benign;Benign;Benign;Benign;Benign;Benign;Benign;Benign;Benign;Benign;;;;;False;False;False;False;False;True;False;False;False;False;;;False;False;False;False
E;41;Q;;;;;;;1.1955261;0.117202921;0.361314711;Uncertain;Benign;Benign;Benign;Benign;Benign;Benign;Benign;Benign;Benign;Benign;;;;;False;False;False;False;False;True;False;False;False;False;;;False;False;False;False
E;41;R;;;;;;;2.2251282;0.149670641;0.422137355;Uncertain;Uncertain;Benign;Benign;Benign;Benign;Benign;Benign;Benign;Uncertain;Benign;;;;;False;False;False;False;False;True;False;False;False;False;;;False;False;False;False
E;41;S;;;;;;;1.9560547;0.140411653;0.405710051;Uncertain;Uncertain;Benign;Benign;Benign;Benign;Benign;Benign;Benign;Benign;Benign;;;;;False;False;False;False;False;True;False;False;False;False;;;False;False;False;False
E;41;T;;;;;;;2.7919922;0.171099229;0.457624906;Uncertain;Uncertain;Uncertain;Benign;Benign;Benign;Benign;Benign;Benign;Uncertain;Benign;;;;;False;False;False;False;False;True;False;False;False;False;;;False;False;False;False
E;41;V;;;;;;;3.2919922;0.192252922;0.489473284;Uncertain;Uncertain;Uncertain;Benign;Benign;Benign;Benign;Benign;Benign;Uncertain;Benign;;;;;False;False;False;False;False;True;False;False;False;False;;;False;False;False;False
E;41;W;;;;;;;6.08255;0.353626751;0.649662877;Uncertain;Uncertain;Uncertain;Uncertain;Uncertain;Uncertain;Uncertain;Benign;Benign;Uncertain;Benign;;;;;False;False;False;False;False;True;False;False;False;False;;;False;False;False;False
E;41;Y;;;;;;;4.3619995;0.244786185;0.556534354;Uncertain;Uncertain;Uncertain;Uncertain;Uncertain;Benign;Benign;Benign;Benign;Uncertain;Benign;;;;;False;False;False;False;False;True;False;False;False;False;;;False;False;False;False
G;42;A;;;;;;;5.2216187;0.294262124;0.605923934;Uncertain;Uncertain;Uncertain;Uncertain;Uncertain;Uncertain;Benign;Benign;Benign;Uncertain;Benign;;;;;False;False;True;False;False;True;False;False;False;False;;;False;False;False;False
G;42;C;;;;;;;10.452454;0.872694591;0.38123211;Uncertain;Uncertain;Pathogenic;Pathogenic;Pathogenic;Pathogenic;Pathogenic;Pathogenic;Pathogenic;Pathogenic;Pathogenic;;;;;False;False;True;False;False;False;True;False;False;True;pathogenic;Likely Pathogenic;False;False;False;False
G;42;D;Pathogenic;1;2;pathogenic;;;8.910309;0.75461045;0.55721313;Uncertain;Uncertain;Uncertain;Uncertain;Uncertain;Pathogenic;Pathogenic;Pathogenic;Pathogenic;Uncertain;Pathogenic;8.883636;0.751496391;0.560685212;Pathogenic;False;False;True;True;False;False;True;False;False;True;pathogenic;Pathogenic;False;False;False;False
G;42;E;;;;;;;10.350128;0.867485729;0.391138438;Uncertain;Uncertain;Pathogenic;Pathogenic;Pathogenic;Pathogenic;Pathogenic;Pathogenic;Pathogenic;Pathogenic;Pathogenic;;;;;False;False;True;False;False;False;True;False;False;True;pathogenic;Likely Pathogenic;False;False;False;False
G;42;F;;;;;;;9.0477295;0.769876256;0.53942582;Uncertain;Uncertain;Uncertain;Uncertain;Pathogenic;Pathogenic;Pathogenic;Pathogenic;Pathogenic;Uncertain;Pathogenic;;;;;False;False;True;False;False;False;True;False;False;True;pathogenic;Likely Pathogenic;False;False;False;False
G;42;G;;;;;;;;;;;;;;;;;;;;;;;;;False;False;True;False;False;False;False;False;False;False;;;False;False;False;False
G;42;H;;;;;;;7.847351;0.591414885;0.676339438;Uncertain;Uncertain;Uncertain;Uncertain;Uncertain;Uncertain;Uncertain;Uncertain;Pathogenic;Uncertain;Uncertain;;;;;False;False;True;False;False;False;False;False;False;False;;;False;False;False;False
G;42;I;;;;;;;9.699127;0.827348947;0.460064993;Uncertain;Uncertain;Uncertain;Pathogenic;Pathogenic;Pathogenic;Pathogenic;Pathogenic;Pathogenic;Uncertain;Pathogenic;;;;;False;False;True;False;False;False;True;False;False;True;pathogenic;Likely Pathogenic;False;False;False;False
G;42;K;;;;;;;8.113739;0.638846524;0.654078977;Uncertain;Uncertain;Uncertain;Uncertain;Uncertain;Uncertain;Uncertain;Pathogenic;Pathogenic;Uncertain;Uncertain;;;;;False;False;True;False;False;False;False;False;False;False;;;False;False;False;False
G;42;L;;;;;;;8.281006;0.66693666;0.636326859;Uncertain;Uncertain;Uncertain;Uncertain;Uncertain;Uncertain;Pathogenic;Pathogenic;Pathogenic;Uncertain;Pathogenic;;;;;False;False;True;False;False;False;True;False;False;True;pathogenic;Likely Pathogenic;False;False;False;False
G;42;M;;;;;;;8.987213;0.763311074;0.547233173;Uncertain;Uncertain;Uncertain;Uncertain;Pathogenic;Pathogenic;Pathogenic;Pathogenic;Pathogenic;Uncertain;Pathogenic;;;;;False;False;True;False;False;False;True;False;False;True;pathogenic;Likely Pathogenic;False;False;False;False
G;42;N;;;;;;;9.1297;0.778390852;0.528937074;Uncertain;Uncertain;Uncertain;Uncertain;Pathogenic;Pathogenic;Pathogenic;Pathogenic;Pathogenic;Uncertain;Pathogenic;;;;;False;False;True;False;False;False;True;False;False;True;pathogenic;Likely Pathogenic;False;False;False;False
G;42;P;;;;;;;9.639801;0.822962572;0.466871337;Uncertain;Uncertain;Uncertain;Pathogenic;Pathogenic;Pathogenic;Pathogenic;Pathogenic;Pathogenic;Uncertain;Pathogenic;;;;;False;False;True;False;False;False;True;False;False;True;pathogenic;Likely Pathogenic;False;False;False;False
G;42;Q;;;;;;;6.883545;0.434116436;0.684440595;Uncertain;Uncertain;Uncertain;Uncertain;Uncertain;Uncertain;Uncertain;Uncertain;Benign;Uncertain;Uncertain;;;;;False;False;True;False;False;False;False;False;False;False;;;False;False;False;False
G;42;R;;;;;;;9.033722;0.768378155;0.541228621;Uncertain;Uncertain;Uncertain;Uncertain;Pathogenic;Pathogenic;Pathogenic;Pathogenic;Pathogenic;Uncertain;Pathogenic;;;;;False;False;True;False;False;False;True;False;False;True;pathogenic;Likely Pathogenic;False;False;False;False
G;42;S;Pathogenic;0;1;uncertain;3.98E-06;3.98E-06;5.302307;0.299287191;0.61025913;Uncertain;Uncertain;Uncertain;Uncertain;Uncertain;Uncertain;Benign;Benign;Benign;Uncertain;Benign;5.1971436;0.292753031;0.604598332;Benign;False;False;True;True;False;True;False;False;False;False;pathogenic;Pathogenic;True;False;False;False
G;42;T;;;;;;;6.7348022;0.415935895;0.678946283;Uncertain;Uncertain;Uncertain;Uncertain;Uncertain;Uncertain;Uncertain;Uncertain;Benign;Uncertain;Uncertain;;;;;False;False;True;False;False;False;False;False;False;False;;;False;False;False;False
G;42;V;;;;;;;8.402618;0.686204042;0.622104276;Uncertain;Uncertain;Uncertain;Uncertain;Uncertain;Uncertain;Pathogenic;Pathogenic;Pathogenic;Uncertain;Pathogenic;;;;;False;False;True;False;False;False;True;False;False;True;pathogenic;Likely Pathogenic;False;False;False;False
G;42;W;;;;;;;10.437683;0.871958303;0.382647027;Uncertain;Uncertain;Pathogenic;Pathogenic;Pathogenic;Pathogenic;Pathogenic;Pathogenic;Pathogenic;Pathogenic;Pathogenic;;;;;False;False;True;False;False;False;True;False;False;True;pathogenic;Likely Pathogenic;False;False;False;False
G;42;Y;;;;;;;10.54303;0.877098459;0.372666521;Uncertain;Pathogenic;Pathogenic;Pathogenic;Pathogenic;Pathogenic;Pathogenic;Pathogenic;Pathogenic;Pathogenic;Pathogenic;;;;;False;False;True;False;False;False;True;False;False;True;pathogenic;Likely Pathogenic;False;False;False;False
L;43;A;;;;;;;3.8527832;0.218552317;0.525069561;Uncertain;Uncertain;Uncertain;Uncertain;Benign;Benign;Benign;Benign;Benign;Uncertain;Benign;;;;;False;False;False;False;False;True;False;False;False;False;;;False;False;False;False
L;43;C;;;;;;;5.3661804;0.303322383;0.613653123;Uncertain;Uncertain;Uncertain;Uncertain;Uncertain;Uncertain;Benign;Benign;Benign;Uncertain;Benign;;;;;False;False;False;False;False;True;False;False;False;False;;;False;False;False;False
L;43;D;;;;;;;1.9412537;0.139918819;0.40481609;Uncertain;Uncertain;Benign;Benign;Benign;Benign;Benign;Benign;Benign;Benign;Benign;;;;;False;False;False;False;False;True;False;False;False;False;;;False;False;False;False
L;43;E;;;;;;;1.1807861;0.116793983;0.36048818;Uncertain;Benign;Benign;Benign;Benign;Benign;Benign;Benign;Benign;Benign;Benign;;;;;False;False;False;False;False;True;False;False;False;False;;;False;False;False;False
L;43;F;;;;;;;4.2822266;0.240529449;0.551689445;Uncertain;Uncertain;Uncertain;Uncertain;Uncertain;Benign;Benign;Benign;Benign;Uncertain;Benign;;;;;False;False;False;False;False;True;False;False;False;False;;;False;False;False;False
L;43;G;;;;;;;5.500824;0.312011378;0.620700561;Uncertain;Uncertain;Uncertain;Uncertain;Uncertain;Uncertain;Benign;Benign;Benign;Uncertain;Benign;;;;;False;False;False;False;False;True;False;False;False;False;;;False;False;False;False
L;43;H;;;;;;;3.77948;0.214959683;0.520454168;Uncertain;Uncertain;Uncertain;Uncertain;Benign;Benign;Benign;Benign;Benign;Uncertain;Benign;;;;;False;False;False;False;False;True;False;False;False;False;;;False;False;False;False
L;43;I;;;;;;;6.3744507;0.378594254;0.66337175;Uncertain;Uncertain;Uncertain;Uncertain;Uncertain;Uncertain;Uncertain;Benign;Benign;Uncertain;Uncertain;;;;;False;False;False;False;False;False;False;False;False;False;;;False;False;False;False
L;43;K;;;;;;;-0.22192383;0.084076661;0.288614799;Benign;Benign;Benign;Benign;Benign;Benign;Benign;Benign;Benign;Benign;Benign;;;;;False;False;False;False;False;True;False;False;False;False;;;False;False;False;False
L;43;L;;;;;;;;;;;;;;;;;;;;;;;;;False;False;False;False;False;False;False;False;False;False;;;False;False;False;False
L;43;M;;;;;;;4.6460266;0.260387105;0.573461427;Uncertain;Uncertain;Uncertain;Uncertain;Uncertain;Benign;Benign;Benign;Benign;Uncertain;Benign;;;;;False;False;False;False;False;True;False;False;False;False;;;False;False;False;False
L;43;N;;;;;;;1.8634033;0.13735443;0.400131787;Uncertain;Uncertain;Benign;Benign;Benign;Benign;Benign;Benign;Benign;Benign;Benign;;;;;False;False;False;False;False;True;False;False;False;False;;;False;False;False;False
L;43;P;;;;;;;3.11969;0.184720312;0.47847615;Uncertain;Uncertain;Uncertain;Benign;Benign;Benign;Benign;Benign;Benign;Uncertain;Benign;;;;;False;False;False;False;False;True;False;False;False;False;;;False;False;False;False
L;43;Q;;;;;;;1.1159973;0.115014056;0.356871702;Uncertain;Benign;Benign;Benign;Benign;Benign;Benign;Benign;Benign;Benign;Benign;;;;;False;False;False;False;False;True;False;False;False;False;;;False;False;False;False
L;43;R;;;;;;;3.2243958;0.189267158;0.48515859;Uncertain;Uncertain;Uncertain;Benign;Benign;Benign;Benign;Benign;Benign;Uncertain;Benign;;;;;False;False;False;False;False;True;False;False;False;False;;;False;False;False;False
L;43;S;;;;;;;3.256897;0.19069781;0.487233216;Uncertain;Uncertain;Uncertain;Benign;Benign;Benign;Benign;Benign;Benign;Uncertain;Benign;;;;;False;False;False;False;False;True;False;False;False;False;;;False;False;False;False
L;43;T;;;;;;;4.934204;0.276945564;0.590045329;Uncertain;Uncertain;Uncertain;Uncertain;Uncertain;Benign;Benign;Benign;Benign;Uncertain;Benign;;;;;False;False;False;False;False;True;False;False;False;False;;;False;False;False;False
L;43;V;;;;;;;4.45282;0.24969892;0.562004132;Uncertain;Uncertain;Uncertain;Uncertain;Uncertain;Benign;Benign;Benign;Benign;Uncertain;Benign;;;;;False;False;False;False;False;True;False;False;False;False;;;False;False;False;False
L;43;W;;;;;;;6.705841;0.412601158;0.677791302;Uncertain;Uncertain;Uncertain;Uncertain;Uncertain;Uncertain;Uncertain;Uncertain;Benign;Uncertain;Uncertain;;;;;False;False;False;False;False;False;False;False;False;False;;;False;False;False;False
L;43;Y;;;;;;;4.1202393;0.232053526;0.541745759;Uncertain;Uncertain;Uncertain;Uncertain;Benign;Benign;Benign;Benign;Benign;Uncertain;Benign;;;;;False;False;False;False;False;True;False;False;False;False;;;False;False;False;False
H;44;A;;;;;;;10.680756;0.883444667;0.360005079;Uncertain;Pathogenic;Pathogenic;Pathogenic;Pathogenic;Pathogenic;Pathogenic;Pathogenic;Pathogenic;Pathogenic;Pathogenic;;;;;False;False;True;False;False;False;True;False;False;True;pathogenic;Likely Pathogenic;False;False;False;False
H;44;C;;;;;;;10.674927;0.883184306;0.360532101;Uncertain;Pathogenic;Pathogenic;Pathogenic;Pathogenic;Pathogenic;Pathogenic;Pathogenic;Pathogenic;Pathogenic;Pathogenic;;;;;False;False;True;False;False;False;True;False;False;True;pathogenic;Likely Pathogenic;False;False;False;False
H;44;D;;;;;;;10.409271;0.870527405;0.385382901;Uncertain;Uncertain;Pathogenic;Pathogenic;Pathogenic;Pathogenic;Pathogenic;Pathogenic;Pathogenic;Pathogenic;Pathogenic;;;;;False;False;True;False;False;False;True;False;False;True;pathogenic;Likely Pathogenic;False;False;False;False
H;44;E;;;;;;;10.693298;0.884002469;0.358873758;Uncertain;Pathogenic;Pathogenic;Pathogenic;Pathogenic;Pathogenic;Pathogenic;Pathogenic;Pathogenic;Pathogenic;Pathogenic;;;;;False;False;True;False;False;False;True;False;False;True;pathogenic;Likely Pathogenic;False;False;False;False
H;44;F;;;;;;;8.959839;0.760260741;0.550779191;Uncertain;Uncertain;Uncertain;Uncertain;Pathogenic;Pathogenic;Pathogenic;Pathogenic;Pathogenic;Uncertain;Pathogenic;;;;;False;False;True;False;False;False;True;False;False;True;pathogenic;Likely Pathogenic;False;False;False;False
H;44;G;;;;;;;10.749207;0.886449547;0.353874631;Uncertain;Pathogenic;Pathogenic;Pathogenic;Pathogenic;Pathogenic;Pathogenic;Pathogenic;Pathogenic;Pathogenic;Pathogenic;;;;;False;False;True;False;False;False;True;False;False;True;pathogenic;Likely Pathogenic;False;False;False;False
H;44;H;;;;;;;;;;;;;;;;;;;;;;;;;False;False;True;False;False;False;False;False;False;False;;;False;False;False;False
H;44;I;;;;;;;10.547485;0.877310237;0.372250119;Uncertain;Pathogenic;Pathogenic;Pathogenic;Pathogenic;Pathogenic;Pathogenic;Pathogenic;Pathogenic;Pathogenic;Pathogenic;;;;;False;False;True;False;False;False;True;False;False;True;pathogenic;Likely Pathogenic;False;False;False;False
H;44;K;;;;;;;7.9789734;0.615147506;0.666389766;Uncertain;Uncertain;Uncertain;Uncertain;Uncertain;Uncertain;Uncertain;Uncertain;Pathogenic;Uncertain;Uncertain;;;;;False;False;True;False;False;False;False;False;False;False;;;False;False;False;False
H;44;L;;;;;;;9.804413;0.834792169;0.448205624;Uncertain;Uncertain;Uncertain;Pathogenic;Pathogenic;Pathogenic;Pathogenic;Pathogenic;Pathogenic;Uncertain;Pathogenic;;;;;False;False;True;False;False;False;True;False;False;True;pathogenic;Likely Pathogenic;False;False;False;False
H;44;M;;;;;;;10.729095;0.885576632;0.355664675;Uncertain;Pathogenic;Pathogenic;Pathogenic;Pathogenic;Pathogenic;Pathogenic;Pathogenic;Pathogenic;Pathogenic;Pathogenic;;;;;False;False;True;False;False;False;True;False;False;True;pathogenic;Likely Pathogenic;False;False;False;False
H;44;N;;;;;;;9.572601;0.817816147;0.474688861;Uncertain;Uncertain;Uncertain;Pathogenic;Pathogenic;Pathogenic;Pathogenic;Pathogenic;Pathogenic;Uncertain;Pathogenic;;;;;False;False;True;False;False;False;True;False;False;True;pathogenic;Likely Pathogenic;False;False;False;False
H;44;P;;;;;;;9.582092;0.818554818;0.473577824;Uncertain;Uncertain;Uncertain;Pathogenic;Pathogenic;Pathogenic;Pathogenic;Pathogenic;Pathogenic;Uncertain;Pathogenic;;;;;False;False;True;False;False;False;True;False;False;True;pathogenic;Likely Pathogenic;False;False;False;False
H;44;Q;;;;;;;9.414307;0.80488811;0.493550934;Uncertain;Uncertain;Uncertain;Pathogenic;Pathogenic;Pathogenic;Pathogenic;Pathogenic;Pathogenic;Uncertain;Pathogenic;;;;;False;False;True;False;False;False;True;False;False;True;pathogenic;Likely Pathogenic;False;False;False;False
H;44;R;Pathogenic;2;4;pathogenic;3.98E-06;3.98E-06;4.908783;0.275454056;0.588608422;Uncertain;Uncertain;Uncertain;Uncertain;Uncertain;Benign;Benign;Benign;Benign;Uncertain;Benign;4.8718567;0.273298414;0.586511989;Benign;False;False;True;True;False;True;False;False;False;False;uncertain;Conflicting interpretations of pathogenicity;True;False;True;False
H;44;S;;;;;;;10.683594;0.883571174;0.359748767;Uncertain;Pathogenic;Pathogenic;Pathogenic;Pathogenic;Pathogenic;Pathogenic;Pathogenic;Pathogenic;Pathogenic;Pathogenic;;;;;False;False;True;False;False;False;True;False;False;True;pathogenic;Likely Pathogenic;False;False;False;False
H;44;T;;;;;;;10.643524;0.881769342;0.363384814;Uncertain;Pathogenic;Pathogenic;Pathogenic;Pathogenic;Pathogenic;Pathogenic;Pathogenic;Pathogenic;Pathogenic;Pathogenic;;;;;False;False;True;False;False;False;True;False;False;True;pathogenic;Likely Pathogenic;False;False;False;False
H;44;V;;;;;;;9.564056;0.817147711;0.475691101;Uncertain;Uncertain;Uncertain;Pathogenic;Pathogenic;Pathogenic;Pathogenic;Pathogenic;Pathogenic;Uncertain;Pathogenic;;;;;False;False;True;False;False;False;True;False;False;True;pathogenic;Likely Pathogenic;False;False;False;False
H;44;W;;;;;;;10.658539;0.882448491;0.36201799;Uncertain;Pathogenic;Pathogenic;Pathogenic;Pathogenic;Pathogenic;Pathogenic;Pathogenic;Pathogenic;Pathogenic;Pathogenic;;;;;False;False;True;False;False;False;True;False;False;True;pathogenic;Likely Pathogenic;False;False;False;False
H;44;Y;;;;;;;5.89505;0.339295634;0.64056717;Uncertain;Uncertain;Uncertain;Uncertain;Uncertain;Uncertain;Uncertain;Benign;Benign;Uncertain;Benign;;;;;False;False;True;False;False;True;False;False;False;False;;;False;False;False;False
G;45;A;;;;;;;6.0614624;0.351958256;0.648650455;Uncertain;Uncertain;Uncertain;Uncertain;Uncertain;Uncertain;Uncertain;Benign;Benign;Uncertain;Benign;;;;;False;False;False;False;False;True;False;False;False;False;;;False;False;False;False
G;45;C;;;;;;;11.684479;0.918992691;0.281222704;Pathogenic;Pathogenic;Pathogenic;Pathogenic;Pathogenic;Pathogenic;Pathogenic;Pathogenic;Pathogenic;Pathogenic;Pathogenic;;;;;False;False;False;False;False;False;True;False;False;False;;;False;False;False;False
G;45;D;;;;;;;11.698456;0.919370772;0.280303481;Pathogenic;Pathogenic;Pathogenic;Pathogenic;Pathogenic;Pathogenic;Pathogenic;Pathogenic;Pathogenic;Pathogenic;Pathogenic;;;;;False;False;False;False;False;False;True;False;False;False;;;False;False;False;False
G;45;E;;;;;;;11.705719;0.919566065;0.279827914;Pathogenic;Pathogenic;Pathogenic;Pathogenic;Pathogenic;Pathogenic;Pathogenic;Pathogenic;Pathogenic;Pathogenic;Pathogenic;;;;;False;False;False;False;False;False;True;False;False;False;;;False;False;False;False
G;45;F;;;;;;;11.729584;0.920202124;0.278275438;Pathogenic;Pathogenic;Pathogenic;Pathogenic;Pathogenic;Pathogenic;Pathogenic;Pathogenic;Pathogenic;Pathogenic;Pathogenic;;;;;False;False;False;False;False;False;True;False;False;False;;;False;False;False;False
G;45;G;;;;;;;;;;;;;;;;;;;;;;;;;False;False;False;False;False;False;False;False;False;False;;;False;False;False;False
G;45;H;;;;;;;11.676178;0.918766738;0.281771141;Pathogenic;Pathogenic;Pathogenic;Pathogenic;Pathogenic;Pathogenic;Pathogenic;Pathogenic;Pathogenic;Pathogenic;Pathogenic;;;;;False;False;False;False;False;False;True;False;False;False;;;False;False;False;False
G;45;I;;;;;;;11.646484;0.917949857;0.2837482;Pathogenic;Pathogenic;Pathogenic;Pathogenic;Pathogenic;Pathogenic;Pathogenic;Pathogenic;Pathogenic;Pathogenic;Pathogenic;;;;;False;False;False;False;False;False;True;False;False;False;;;False;False;False;False
G;45;K;;;;;;;11.636444;0.917670604;0.284422024;Pathogenic;Pathogenic;Pathogenic;Pathogenic;Pathogenic;Pathogenic;Pathogenic;Pathogenic;Pathogenic;Pathogenic;Pathogenic;;;;;False;False;False;False;False;False;True;False;False;False;;;False;False;False;False
G;45;L;;;;;;;11.709198;0.919659327;0.279600626;Pathogenic;Pathogenic;Pathogenic;Pathogenic;Pathogenic;Pathogenic;Pathogenic;Pathogenic;Pathogenic;Pathogenic;Pathogenic;;;;;False;False;False;False;False;False;True;False;False;False;;;False;False;False;False
G;45;M;;;;;;;11.740051;0.920478369;0.27759947;Pathogenic;Pathogenic;Pathogenic;Pathogenic;Pathogenic;Pathogenic;Pathogenic;Pathogenic;Pathogenic;Pathogenic;Pathogenic;;;;;False;False;False;False;False;False;True;False;False;False;;;False;False;False;False
G;45;N;;;;;;;11.67038;0.918608293;0.282155314;Pathogenic;Pathogenic;Pathogenic;Pathogenic;Pathogenic;Pathogenic;Pathogenic;Pathogenic;Pathogenic;Pathogenic;Pathogenic;;;;;False;False;False;False;False;False;True;False;False;False;;;False;False;False;False
G;45;P;;;;;;;11.772186;0.921316125;0.27554311;Pathogenic;Pathogenic;Pathogenic;Pathogenic;Pathogenic;Pathogenic;Pathogenic;Pathogenic;Pathogenic;Pathogenic;Pathogenic;;;;;False;False;False;False;False;False;True;False;False;False;;;False;False;False;False
G;45;Q;;;;;;;11.6223755;0.917276702;0.285370741;Pathogenic;Pathogenic;Pathogenic;Pathogenic;Pathogenic;Pathogenic;Pathogenic;Pathogenic;Pathogenic;Pathogenic;Pathogenic;;;;;False;False;False;False;False;False;True;False;False;False;;;False;False;False;False
G;45;R;;;;;;;10.094147;0.853264596;0.417004269;Uncertain;Uncertain;Pathogenic;Pathogenic;Pathogenic;Pathogenic;Pathogenic;Pathogenic;Pathogenic;Uncertain;Pathogenic;;;;;False;False;False;False;False;False;True;False;False;False;;;False;False;False;False
G;45;S;;;;;;;11.790375;0.921783401;0.274391932;Pathogenic;Pathogenic;Pathogenic;Pathogenic;Pathogenic;Pathogenic;Pathogenic;Pathogenic;Pathogenic;Pathogenic;Pathogenic;;;;;False;False;False;False;False;False;True;False;False;False;;;False;False;False;False
G;45;T;;;;;;;11.758209;0.920953664;0.276433992;Pathogenic;Pathogenic;Pathogenic;Pathogenic;Pathogenic;Pathogenic;Pathogenic;Pathogenic;Pathogenic;Pathogenic;Pathogenic;;;;;False;False;False;False;False;False;True;False;False;False;;;False;False;False;False
G;45;V;;;;;;;10.333954;0.86663876;0.3927267;Uncertain;Uncertain;Pathogenic;Pathogenic;Pathogenic;Pathogenic;Pathogenic;Pathogenic;Pathogenic;Pathogenic;Pathogenic;;;;;False;False;False;False;False;False;True;False;False;False;;;False;False;False;False
G;45;W;;;;;;;11.70694;0.919598817;0.279748107;Pathogenic;Pathogenic;Pathogenic;Pathogenic;Pathogenic;Pathogenic;Pathogenic;Pathogenic;Pathogenic;Pathogenic;Pathogenic;;;;;False;False;False;False;False;False;True;False;False;False;;;False;False;False;False
G;45;Y;;;;;;;11.712128;0.919737729;0.279409462;Pathogenic;Pathogenic;Pathogenic;Pathogenic;Pathogenic;Pathogenic;Pathogenic;Pathogenic;Pathogenic;Pathogenic;Pathogenic;;;;;False;False;False;False;False;False;True;False;False;False;;;False;False;False;False
F;46;A;;;;;;;9.136108;0.77903873;0.528121919;Uncertain;Uncertain;Uncertain;Uncertain;Pathogenic;Pathogenic;Pathogenic;Pathogenic;Pathogenic;Uncertain;Pathogenic;;;;;False;False;False;False;False;False;True;False;False;False;;;False;False;False;False
F;46;C;Pathogenic;0;1;uncertain;;;7.6764526;0.560348284;0.685845561;Uncertain;Uncertain;Uncertain;Uncertain;Uncertain;Uncertain;Uncertain;Uncertain;Pathogenic;Uncertain;Uncertain;7.5663757;0.540562229;0.689852973;Uncertain;False;False;False;True;False;False;False;False;False;False;pathogenic;Pathogenic;False;False;False;False
F;46;D;;;;;;;10.496979;0.874883027;0.376997718;Uncertain;Pathogenic;Pathogenic;Pathogenic;Pathogenic;Pathogenic;Pathogenic;Pathogenic;Pathogenic;Pathogenic;Pathogenic;;;;;False;False;False;False;False;False;True;False;False;False;;;False;False;False;False
F;46;E;;;;;;;10.500214;0.875040237;0.376691857;Uncertain;Pathogenic;Pathogenic;Pathogenic;Pathogenic;Pathogenic;Pathogenic;Pathogenic;Pathogenic;Pathogenic;Pathogenic;;;;;False;False;False;False;False;False;True;False;False;False;;;False;False;False;False
F;46;F;;;;;;;;;;;;;;;;;;;;;;;;;False;False;False;False;False;False;False;False;False;False;;;False;False;False;False
F;46;G;;;;;;;9.648254;0.823596378;0.465896084;Uncertain;Uncertain;Uncertain;Pathogenic;Pathogenic;Pathogenic;Pathogenic;Pathogenic;Pathogenic;Uncertain;Pathogenic;;;;;False;False;False;False;False;False;True;False;False;False;;;False;False;False;False
F;46;H;;;;;;;10.499634;0.875012068;0.376746676;Uncertain;Pathogenic;Pathogenic;Pathogenic;Pathogenic;Pathogenic;Pathogenic;Pathogenic;Pathogenic;Pathogenic;Pathogenic;;;;;False;False;False;False;False;False;True;False;False;False;;;False;False;False;False
F;46;I;;;;;;;5.081299;0.285700304;0.598256777;Uncertain;Uncertain;Uncertain;Uncertain;Uncertain;Benign;Benign;Benign;Benign;Uncertain;Benign;;;;;False;False;False;False;False;True;False;False;False;False;;;False;False;False;False
F;46;K;;;;;;;10.517609;0.875881463;0.375051355;Uncertain;Pathogenic;Pathogenic;Pathogenic;Pathogenic;Pathogenic;Pathogenic;Pathogenic;Pathogenic;Pathogenic;Pathogenic;;;;;False;False;False;False;False;False;True;False;False;False;;;False;False;False;False
F;46;L;;;;;;;4.5101624;0.252837305;0.565430829;Uncertain;Uncertain;Uncertain;Uncertain;Uncertain;Benign;Benign;Benign;Benign;Uncertain;Benign;;;;;False;False;False;False;False;True;False;False;False;False;;;False;False;False;False
F;46;M;;;;;;;5.3106995;0.299814411;0.610706971;Uncertain;Uncertain;Uncertain;Uncertain;Uncertain;Uncertain;Benign;Benign;Benign;Uncertain;Benign;;;;;False;False;False;False;False;True;False;False;False;False;;;False;False;False;False
F;46;N;;;;;;;10.500092;0.875034312;0.376703387;Uncertain;Pathogenic;Pathogenic;Pathogenic;Pathogenic;Pathogenic;Pathogenic;Pathogenic;Pathogenic;Pathogenic;Pathogenic;;;;;False;False;False;False;False;False;True;False;False;False;;;False;False;False;False
F;46;P;;;;;;;10.518066;0.87590347;0.37500835;Uncertain;Pathogenic;Pathogenic;Pathogenic;Pathogenic;Pathogenic;Pathogenic;Pathogenic;Pathogenic;Pathogenic;Pathogenic;;;;;False;False;False;False;False;False;True;False;False;False;;;False;False;False;False
F;46;Q;;;;;;;10.452393;0.872691561;0.381237943;Uncertain;Uncertain;Pathogenic;Pathogenic;Pathogenic;Pathogenic;Pathogenic;Pathogenic;Pathogenic;Pathogenic;Pathogenic;;;;;False;False;False;False;False;False;True;False;False;False;;;False;False;False;False
F;46;R;;;;;;;10.610016;0.880236369;0.366453777;Uncertain;Pathogenic;Pathogenic;Pathogenic;Pathogenic;Pathogenic;Pathogenic;Pathogenic;Pathogenic;Pathogenic;Pathogenic;;;;;False;False;False;False;False;False;True;False;False;False;;;False;False;False;False
F;46;S;;;;;;;10.426575;0.871401183;0.383714409;Uncertain;Uncertain;Pathogenic;Pathogenic;Pathogenic;Pathogenic;Pathogenic;Pathogenic;Pathogenic;Pathogenic;Pathogenic;;;;;False;False;False;False;False;False;True;False;False;False;;;False;False;False;False
F;46;T;;;;;;;9.004517;0.765213154;0.544995961;Uncertain;Uncertain;Uncertain;Uncertain;Pathogenic;Pathogenic;Pathogenic;Pathogenic;Pathogenic;Uncertain;Pathogenic;;;;;False;False;False;False;False;False;True;False;False;False;;;False;False;False;False
F;46;V;;;;;;;7.4638367;0.522530476;0.692131592;Uncertain;Uncertain;Uncertain;Uncertain;Uncertain;Uncertain;Uncertain;Uncertain;Uncertain;Uncertain;Uncertain;;;;;False;False;False;False;False;False;False;False;False;False;;;False;False;False;False
F;46;W;;;;;;;7.6046753;0.54740691;0.688645591;Uncertain;Uncertain;Uncertain;Uncertain;Uncertain;Uncertain;Uncertain;Uncertain;Uncertain;Uncertain;Uncertain;;;;;False;False;False;False;False;False;False;False;False;False;;;False;False;False;False
F;46;Y;;;;;;;10.536041;0.876765324;0.373320695;Uncertain;Pathogenic;Pathogenic;Pathogenic;Pathogenic;Pathogenic;Pathogenic;Pathogenic;Pathogenic;Pathogenic;Pathogenic;;;;;False;False;False;False;False;False;True;False;False;False;;;False;False;False;False
H;47;A;;;;;;;8.181946;0.650503165;0.647134604;Uncertain;Uncertain;Uncertain;Uncertain;Uncertain;Uncertain;Uncertain;Pathogenic;Pathogenic;Uncertain;Pathogenic;;;;;False;False;True;False;False;False;True;False;False;True;pathogenic;Likely Pathogenic;False;False;False;False
H;47;C;;;;;;;9.932098;0.843275442;0.434198313;Uncertain;Uncertain;Pathogenic;Pathogenic;Pathogenic;Pathogenic;Pathogenic;Pathogenic;Pathogenic;Uncertain;Pathogenic;;;;;False;False;True;False;False;False;True;False;False;True;pathogenic;Likely Pathogenic;False;False;False;False
H;47;D;;;;uncertain;3.98E-06;3.98E-06;11.294647;0.907222934;0.308916288;Uncertain;Pathogenic;Pathogenic;Pathogenic;Pathogenic;Pathogenic;Pathogenic;Pathogenic;Pathogenic;Pathogenic;Pathogenic;11.276337;0.906610282;0.310311025;Pathogenic;False;False;True;False;False;False;True;False;False;True;pathogenic;Likely Pathogenic;False;False;False;False
H;47;E;;;;;;;11.266602;0.906282288;0.311055898;Uncertain;Pathogenic;Pathogenic;Pathogenic;Pathogenic;Pathogenic;Pathogenic;Pathogenic;Pathogenic;Pathogenic;Pathogenic;;;;;False;False;True;False;False;False;True;False;False;True;pathogenic;Likely Pathogenic;False;False;False;False
H;47;F;;;;;;;11.333954;0.908519502;0.30594984;Uncertain;Pathogenic;Pathogenic;Pathogenic;Pathogenic;Pathogenic;Pathogenic;Pathogenic;Pathogenic;Pathogenic;Pathogenic;;;;;False;False;True;False;False;False;True;False;False;True;pathogenic;Likely Pathogenic;False;False;False;False
H;47;G;;;;;;;11.8927;0.924319437;0.268090918;Pathogenic;Pathogenic;Pathogenic;Pathogenic;Pathogenic;Pathogenic;Pathogenic;Pathogenic;Pathogenic;Pathogenic;Pathogenic;;;;;False;False;True;False;False;False;True;False;False;True;pathogenic;Likely Pathogenic;False;False;False;False
H;47;H;;;;;;;;;;;;;;;;;;;;;;;;;False;False;True;False;False;False;False;False;False;False;;;False;False;False;False
H;47;I;;;;;;;11.32605;0.908260817;0.306543298;Uncertain;Pathogenic;Pathogenic;Pathogenic;Pathogenic;Pathogenic;Pathogenic;Pathogenic;Pathogenic;Pathogenic;Pathogenic;;;;;False;False;True;False;False;False;True;False;False;True;pathogenic;Likely Pathogenic;False;False;False;False
H;47;K;;;;;;;11.292206;0.907141578;0.309101755;Uncertain;Pathogenic;Pathogenic;Pathogenic;Pathogenic;Pathogenic;Pathogenic;Pathogenic;Pathogenic;Pathogenic;Pathogenic;;;;;False;False;True;False;False;False;True;False;False;True;pathogenic;Likely Pathogenic;False;False;False;False
H;47;L;;;;;;;11.260986;0.906092356;0.311486654;Uncertain;Pathogenic;Pathogenic;Pathogenic;Pathogenic;Pathogenic;Pathogenic;Pathogenic;Pathogenic;Pathogenic;Pathogenic;;;;;False;False;True;False;False;False;True;False;False;True;pathogenic;Likely Pathogenic;False;False;False;False
H;47;M;;;;;;;10.923065;0.893662353;0.338789124;Uncertain;Pathogenic;Pathogenic;Pathogenic;Pathogenic;Pathogenic;Pathogenic;Pathogenic;Pathogenic;Pathogenic;Pathogenic;;;;;False;False;True;False;False;False;True;False;False;True;pathogenic;Likely Pathogenic;False;False;False;False
H;47;N;;;;;;;8.198029;0.653212966;0.645434967;Uncertain;Uncertain;Uncertain;Uncertain;Uncertain;Uncertain;Uncertain;Pathogenic;Pathogenic;Uncertain;Pathogenic;;;;;False;False;True;False;False;False;True;False;False;True;pathogenic;Likely Pathogenic;False;False;False;False
H;47;P;;;;;;;11.278137;0.906670755;0.31017355;Uncertain;Pathogenic;Pathogenic;Pathogenic;Pathogenic;Pathogenic;Pathogenic;Pathogenic;Pathogenic;Pathogenic;Pathogenic;;;;;False;False;True;False;False;False;True;False;False;True;pathogenic;Likely Pathogenic;False;False;False;False
H;47;Q;;;;;;;9.927338;0.842969277;0.434713175;Uncertain;Uncertain;Pathogenic;Pathogenic;Pathogenic;Pathogenic;Pathogenic;Pathogenic;Pathogenic;Uncertain;Pathogenic;;;;;False;False;True;False;False;False;True;False;False;True;pathogenic;Likely Pathogenic;False;False;False;False
H;47;R;Pathogenic;2;3;pathogenic;;;10.146301;0.856309295;0.411607029;Uncertain;Uncertain;Pathogenic;Pathogenic;Pathogenic;Pathogenic;Pathogenic;Pathogenic;Pathogenic;Uncertain;Pathogenic;10.124634;0.855054014;0.413841278;Pathogenic;False;False;True;True;False;False;True;False;False;True;pathogenic;Pathogenic;False;False;False;False
H;47;S;;;;;;;8.257538;0.663100404;0.638957548;Uncertain;Uncertain;Uncertain;Uncertain;Uncertain;Uncertain;Uncertain;Pathogenic;Pathogenic;Uncertain;Pathogenic;;;;;False;False;True;False;False;False;True;False;False;True;pathogenic;Likely Pathogenic;False;False;False;False
H;47;T;;;;;;;10.104034;0.853847902;0.415976034;Uncertain;Uncertain;Pathogenic;Pathogenic;Pathogenic;Pathogenic;Pathogenic;Pathogenic;Pathogenic;Uncertain;Pathogenic;;;;;False;False;True;False;False;False;True;False;False;True;pathogenic;Likely Pathogenic;False;False;False;False
H;47;V;;;;;;;11.340454;0.908731472;0.305462952;Uncertain;Pathogenic;Pathogenic;Pathogenic;Pathogenic;Pathogenic;Pathogenic;Pathogenic;Pathogenic;Pathogenic;Pathogenic;;;;;False;False;True;False;False;False;True;False;False;True;pathogenic;Likely Pathogenic;False;False;False;False
H;47;W;;;;;;;11.256653;0.905945455;0.311819525;Uncertain;Pathogenic;Pathogenic;Pathogenic;Pathogenic;Pathogenic;Pathogenic;Pathogenic;Pathogenic;Pathogenic;Pathogenic;;;;;False;False;True;False;False;False;True;False;False;True;pathogenic;Likely Pathogenic;False;False;False;False
H;47;Y;;;;;;;9.159515;0.781383961;0.525150739;Uncertain;Uncertain;Uncertain;Uncertain;Pathogenic;Pathogenic;Pathogenic;Pathogenic;Pathogenic;Uncertain;Pathogenic;;;;;False;False;True;False;False;False;True;False;False;True;pathogenic;Likely Pathogenic;False;False;False;False
V;48;A;Uncertain significance;1;1;uncertain;;;8.11969;0.639873646;0.65349086;Uncertain;Uncertain;Uncertain;Uncertain;Uncertain;Uncertain;Uncertain;Pathogenic;Pathogenic;Uncertain;Uncertain;8.085358;0.63392331;0.656834564;Uncertain;False;False;False;False;False;False;False;False;False;False;uncertain;Uncertain significance;False;False;False;False
V;48;C;;;;;;;9.940918;0.843840753;0.433245795;Uncertain;Uncertain;Pathogenic;Pathogenic;Pathogenic;Pathogenic;Pathogenic;Pathogenic;Pathogenic;Uncertain;Pathogenic;;;;;False;False;False;False;False;False;True;False;False;False;;;False;False;False;False
V;48;D;;;;;;;9.836395;0.836970994;0.444658702;Uncertain;Uncertain;Uncertain;Pathogenic;Pathogenic;Pathogenic;Pathogenic;Pathogenic;Pathogenic;Uncertain;Pathogenic;;;;;False;False;False;False;False;False;True;False;False;False;;;False;False;False;False
V;48;E;;;;;;;10.334747;0.86668044;0.392648685;Uncertain;Uncertain;Pathogenic;Pathogenic;Pathogenic;Pathogenic;Pathogenic;Pathogenic;Pathogenic;Pathogenic;Pathogenic;;;;;False;False;False;False;False;False;True;False;False;False;;;False;False;False;False
V;48;F;;;;;;;6.627289;0.403873177;0.674550885;Uncertain;Uncertain;Uncertain;Uncertain;Uncertain;Uncertain;Uncertain;Uncertain;Benign;Uncertain;Uncertain;;;;;False;False;False;False;False;False;False;False;False;False;;;False;False;False;False
V;48;G;;;;;;;9.804962;0.834829885;0.44814452;Uncertain;Uncertain;Uncertain;Pathogenic;Pathogenic;Pathogenic;Pathogenic;Pathogenic;Pathogenic;Uncertain;Pathogenic;;;;;False;False;False;False;False;False;True;False;False;False;;;False;False;False;False
V;48;H;;;;;;;9.760101;0.831711077;0.453162681;Uncertain;Uncertain;Uncertain;Pathogenic;Pathogenic;Pathogenic;Pathogenic;Pathogenic;Pathogenic;Uncertain;Pathogenic;;;;;False;False;False;False;False;False;True;False;False;False;;;False;False;False;False
V;48;I;;;;;;;0.39160156;0.096960315;0.318352302;Uncertain;Benign;Benign;Benign;Benign;Benign;Benign;Benign;Benign;Benign;Benign;;;;;False;False;False;False;False;True;False;False;False;False;;;False;False;False;False
V;48;K;;;;;;;9.805511;0.834867589;0.448083424;Uncertain;Uncertain;Uncertain;Pathogenic;Pathogenic;Pathogenic;Pathogenic;Pathogenic;Pathogenic;Uncertain;Pathogenic;;;;;False;False;False;False;False;False;True;False;False;False;;;False;False;False;False
V;48;L;;;;;;;5.756073;0.329304799;0.633685212;Uncertain;Uncertain;Uncertain;Uncertain;Uncertain;Uncertain;Benign;Benign;Benign;Uncertain;Benign;;;;;False;False;False;False;False;True;False;False;False;False;;;False;False;False;False
V;48;M;;;;;;;9.837433;0.837041091;0.444544016;Uncertain;Uncertain;Uncertain;Pathogenic;Pathogenic;Pathogenic;Pathogenic;Pathogenic;Pathogenic;Uncertain;Pathogenic;;;;;False;False;False;False;False;False;True;False;False;False;;;False;False;False;False
V;48;N;;;;;;;9.2435;0.789530392;0.514578201;Uncertain;Uncertain;Uncertain;Uncertain;Pathogenic;Pathogenic;Pathogenic;Pathogenic;Pathogenic;Uncertain;Pathogenic;;;;;False;False;False;False;False;False;True;False;False;False;;;False;False;False;False
V;48;P;;;;;;;9.823669;0.836108455;0.446066974;Uncertain;Uncertain;Uncertain;Pathogenic;Pathogenic;Pathogenic;Pathogenic;Pathogenic;Pathogenic;Uncertain;Pathogenic;;;;;False;False;False;False;False;False;True;False;False;False;;;False;False;False;False
V;48;Q;;;;;;;9.916016;0.84223799;0.435940077;Uncertain;Uncertain;Pathogenic;Pathogenic;Pathogenic;Pathogenic;Pathogenic;Pathogenic;Pathogenic;Uncertain;Pathogenic;;;;;False;False;False;False;False;False;True;False;False;False;;;False;False;False;False
V;48;R;;;;;;;9.876404;0.839645173;0.440257796;Uncertain;Uncertain;Uncertain;Pathogenic;Pathogenic;Pathogenic;Pathogenic;Pathogenic;Pathogenic;Uncertain;Pathogenic;;;;;False;False;False;False;False;False;True;False;False;False;;;False;False;False;False
V;48;S;;;;;;;9.921631;0.842601201;0.435331211;Uncertain;Uncertain;Pathogenic;Pathogenic;Pathogenic;Pathogenic;Pathogenic;Pathogenic;Pathogenic;Uncertain;Pathogenic;;;;;False;False;False;False;False;False;True;False;False;False;;;False;False;False;False
V;48;T;;;;;;;9.722748;0.829056007;0.457379881;Uncertain;Uncertain;Uncertain;Pathogenic;Pathogenic;Pathogenic;Pathogenic;Pathogenic;Pathogenic;Uncertain;Pathogenic;;;;;False;False;False;False;False;False;True;False;False;False;;;False;False;False;False
V;48;V;;;;;;;;;;;;;;;;;;;;;;;;;False;False;False;False;False;False;False;False;False;False;;;False;False;False;False
V;48;W;;;;;;;9.899048;0.841133919;0.437784791;Uncertain;Uncertain;Pathogenic;Pathogenic;Pathogenic;Pathogenic;Pathogenic;Pathogenic;Pathogenic;Uncertain;Pathogenic;;;;;False;False;False;False;False;False;True;False;False;False;;;False;False;False;False
V;48;Y;;;;;;;9.974701;0.845982355;0.429615258;Uncertain;Uncertain;Pathogenic;Pathogenic;Pathogenic;Pathogenic;Pathogenic;Pathogenic;Pathogenic;Uncertain;Pathogenic;;;;;False;False;False;False;False;False;True;False;False;False;;;False;False;False;False
H;49;A;;;;;;;11.3350525;0.908555373;0.305867483;Uncertain;Pathogenic;Pathogenic;Pathogenic;Pathogenic;Pathogenic;Pathogenic;Pathogenic;Pathogenic;Pathogenic;Pathogenic;;;;;False;False;True;False;False;False;True;False;False;True;pathogenic;Likely Pathogenic;False;False;False;False
H;49;C;;;;;;;7.5558167;0.538684384;0.690151224;Uncertain;Uncertain;Uncertain;Uncertain;Uncertain;Uncertain;Uncertain;Uncertain;Uncertain;Uncertain;Uncertain;;;;;False;False;True;False;False;False;False;False;False;False;;;False;False;False;False
H;49;D;;;;;;;11.275726;0.906589742;0.310357708;Uncertain;Pathogenic;Pathogenic;Pathogenic;Pathogenic;Pathogenic;Pathogenic;Pathogenic;Pathogenic;Pathogenic;Pathogenic;;;;;False;False;True;False;False;False;True;False;False;True;pathogenic;Likely Pathogenic;False;False;False;False
H;49;E;;;;;;;11.273926;0.906529196;0.310495288;Uncertain;Pathogenic;Pathogenic;Pathogenic;Pathogenic;Pathogenic;Pathogenic;Pathogenic;Pathogenic;Pathogenic;Pathogenic;;;;;False;False;True;False;False;False;True;False;False;True;pathogenic;Likely Pathogenic;False;False;False;False
H;49;F;;;;;;;11.173981;0.903082227;0.318257361;Uncertain;Pathogenic;Pathogenic;Pathogenic;Pathogenic;Pathogenic;Pathogenic;Pathogenic;Pathogenic;Pathogenic;Pathogenic;;;;;False;False;True;False;False;False;True;False;False;True;pathogenic;Likely Pathogenic;False;False;False;False
H;49;G;;;;;;;11.331024;0.908423727;0.306169655;Uncertain;Pathogenic;Pathogenic;Pathogenic;Pathogenic;Pathogenic;Pathogenic;Pathogenic;Pathogenic;Pathogenic;Pathogenic;;;;;False;False;True;False;False;False;True;False;False;True;pathogenic;Likely Pathogenic;False;False;False;False
H;49;H;;;;;;;;;;;;;;;;;;;;;;;;;False;False;True;False;False;False;False;False;False;False;;;False;False;False;False
H;49;I;;;;;;;11.3396;0.908703661;0.305526862;Uncertain;Pathogenic;Pathogenic;Pathogenic;Pathogenic;Pathogenic;Pathogenic;Pathogenic;Pathogenic;Pathogenic;Pathogenic;;;;;False;False;True;False;False;False;True;False;False;True;pathogenic;Likely Pathogenic;False;False;False;False
H;49;K;;;;;;;11.2413025;0.905422512;0.313002445;Uncertain;Pathogenic;Pathogenic;Pathogenic;Pathogenic;Pathogenic;Pathogenic;Pathogenic;Pathogenic;Pathogenic;Pathogenic;;;;;False;False;True;False;False;False;True;False;False;True;pathogenic;Likely Pathogenic;False;False;False;False
H;49;L;;;;;;;7.697693;0.564198793;0.684881411;Uncertain;Uncertain;Uncertain;Uncertain;Uncertain;Uncertain;Uncertain;Uncertain;Pathogenic;Uncertain;Uncertain;;;;;False;False;True;False;False;False;False;False;False;False;;;False;False;False;False
H;49;M;;;;;;;11.252563;0.905806506;0.312134145;Uncertain;Pathogenic;Pathogenic;Pathogenic;Pathogenic;Pathogenic;Pathogenic;Pathogenic;Pathogenic;Pathogenic;Pathogenic;;;;;False;False;True;False;False;False;True;False;False;True;pathogenic;Likely Pathogenic;False;False;False;False
H;49;N;;;;;;;8.006165;0.61998963;0.664069203;Uncertain;Uncertain;Uncertain;Uncertain;Uncertain;Uncertain;Uncertain;Pathogenic;Pathogenic;Uncertain;Uncertain;;;;;False;False;True;False;False;False;False;False;False;False;;;False;False;False;False
H;49;P;;;;;;;11.297577;0.907320457;0.308693859;Uncertain;Pathogenic;Pathogenic;Pathogenic;Pathogenic;Pathogenic;Pathogenic;Pathogenic;Pathogenic;Pathogenic;Pathogenic;;;;;False;False;True;False;False;False;True;False;False;True;pathogenic;Likely Pathogenic;False;False;False;False
H;49;Q;;;;;;;11.115326;0.900980095;0.322924133;Uncertain;Pathogenic;Pathogenic;Pathogenic;Pathogenic;Pathogenic;Pathogenic;Pathogenic;Pathogenic;Pathogenic;Pathogenic;;;;;False;False;True;False;False;False;True;False;False;True;pathogenic;Likely Pathogenic;False;False;False;False
H;49;R;Likely pathogenic;1;1;pathogenic;;;9.748352;0.83088174;0.454485344;Uncertain;Uncertain;Uncertain;Pathogenic;Pathogenic;Pathogenic;Pathogenic;Pathogenic;Pathogenic;Uncertain;Pathogenic;9.802551;0.834664169;0.448412922;Pathogenic;False;False;True;True;False;False;True;False;False;True;pathogenic;Likely Pathogenic;False;False;False;False
H;49;S;;;;;;;10.329193;0.866388185;0.393195394;Uncertain;Uncertain;Pathogenic;Pathogenic;Pathogenic;Pathogenic;Pathogenic;Pathogenic;Pathogenic;Pathogenic;Pathogenic;;;;;False;False;True;False;False;False;True;False;False;True;pathogenic;Likely Pathogenic;False;False;False;False
H;49;T;;;;;;;11.121765;0.901213771;0.322407833;Uncertain;Pathogenic;Pathogenic;Pathogenic;Pathogenic;Pathogenic;Pathogenic;Pathogenic;Pathogenic;Pathogenic;Pathogenic;;;;;False;False;True;False;False;False;True;False;False;True;pathogenic;Likely Pathogenic;False;False;False;False
H;49;V;;;;;;;10.31134;0.865443423;0.394957679;Uncertain;Uncertain;Pathogenic;Pathogenic;Pathogenic;Pathogenic;Pathogenic;Pathogenic;Pathogenic;Pathogenic;Pathogenic;;;;;False;False;True;False;False;False;True;False;False;True;pathogenic;Likely Pathogenic;False;False;False;False
H;49;W;;;;;;;11.263306;0.906170881;0.311308614;Uncertain;Pathogenic;Pathogenic;Pathogenic;Pathogenic;Pathogenic;Pathogenic;Pathogenic;Pathogenic;Pathogenic;Pathogenic;;;;;False;False;True;False;False;False;True;False;False;True;pathogenic;Likely Pathogenic;False;False;False;False
H;49;Y;;;;;;;7.4295654;0.516620365;0.692594606;Uncertain;Uncertain;Uncertain;Uncertain;Uncertain;Uncertain;Uncertain;Uncertain;Uncertain;Uncertain;Uncertain;;;;;False;False;True;False;False;False;False;False;False;False;;;False;False;False;False
E;50;A;;;;;;;2.1679688;0.147655774;0.418621147;Uncertain;Uncertain;Benign;Benign;Benign;Benign;Benign;Benign;Benign;Uncertain;Benign;;;;;False;False;False;False;False;True;False;False;False;False;;;False;False;False;False
E;50;C;;;;;;;8.312378;0.672006861;0.632748289;Uncertain;Uncertain;Uncertain;Uncertain;Uncertain;Uncertain;Pathogenic;Pathogenic;Pathogenic;Uncertain;Pathogenic;;;;;False;False;False;False;False;False;True;False;False;False;;;False;False;False;False
E;50;D;;;;;;;4.934326;0.276952737;0.590052213;Uncertain;Uncertain;Uncertain;Uncertain;Uncertain;Benign;Benign;Benign;Benign;Uncertain;Benign;;;;;False;False;False;False;False;True;False;False;False;False;;;False;False;False;False
E;50;E;;;;;;;;;;;;;;;;;;;;;;;;;False;False;False;False;False;False;False;False;False;False;;;False;False;False;False
E;50;F;;;;;;;8.602234;0.715445088;0.59720397;Uncertain;Uncertain;Uncertain;Uncertain;Uncertain;Pathogenic;Pathogenic;Pathogenic;Pathogenic;Uncertain;Pathogenic;;;;;False;False;False;False;False;False;True;False;False;False;;;False;False;False;False
E;50;G;;;;;;;6.9968567;0.449208129;0.687978641;Uncertain;Uncertain;Uncertain;Uncertain;Uncertain;Uncertain;Uncertain;Uncertain;Uncertain;Uncertain;Uncertain;;;;;False;False;False;False;False;False;False;False;False;False;;;False;False;False;False
E;50;H;;;;;;;6.355591;0.376860178;0.662506088;Uncertain;Uncertain;Uncertain;Uncertain;Uncertain;Uncertain;Uncertain;Benign;Benign;Uncertain;Uncertain;;;;;False;False;False;False;False;False;False;False;False;False;;;False;False;False;False
E;50;I;;;;;;;7.816284;0.585768169;0.678361809;Uncertain;Uncertain;Uncertain;Uncertain;Uncertain;Uncertain;Uncertain;Uncertain;Pathogenic;Uncertain;Uncertain;;;;;False;False;False;False;False;False;False;False;False;False;;;False;False;False;False
E;50;K;Uncertain significance;1;1;uncertain;3.98E-06;3.98E-06;5.5806274;0.317291812;0.624811224;Uncertain;Uncertain;Uncertain;Uncertain;Uncertain;Uncertain;Benign;Benign;Benign;Uncertain;Benign;5.5673523;0.316406117;0.624130752;Benign;False;False;False;False;False;True;False;False;False;False;uncertain;Uncertain significance;False;False;False;False
E;50;L;;;;;;;6.349182;0.376275166;0.662211158;Uncertain;Uncertain;Uncertain;Uncertain;Uncertain;Uncertain;Uncertain;Benign;Benign;Uncertain;Uncertain;;;;;False;False;False;False;False;False;False;False;False;False;;;False;False;False;False
E;50;M;;;;;;;6.1796265;0.36152081;0.654288198;Uncertain;Uncertain;Uncertain;Uncertain;Uncertain;Uncertain;Uncertain;Benign;Benign;Uncertain;Uncertain;;;;;False;False;False;False;False;False;False;False;False;False;;;False;False;False;False
E;50;N;;;;;;;6.900879;0.436354087;0.685023554;Uncertain;Uncertain;Uncertain;Uncertain;Uncertain;Uncertain;Uncertain;Uncertain;Benign;Uncertain;Uncertain;;;;;False;False;False;False;False;False;False;False;False;False;;;False;False;False;False
E;50;P;;;;;;;8.540344;0.706705801;0.605074962;Uncertain;Uncertain;Uncertain;Uncertain;Uncertain;Uncertain;Pathogenic;Pathogenic;Pathogenic;Uncertain;Pathogenic;;;;;False;False;False;False;False;False;True;False;False;False;;;False;False;False;False
E;50;Q;;;;;;;1.6527405;0.130646213;0.387613287;Uncertain;Uncertain;Benign;Benign;Benign;Benign;Benign;Benign;Benign;Benign;Benign;;;;;False;False;False;False;False;True;False;False;False;False;;;False;False;False;False
E;50;R;;;;;;;5.901245;0.339752374;0.640871093;Uncertain;Uncertain;Uncertain;Uncertain;Uncertain;Uncertain;Uncertain;Benign;Benign;Uncertain;Benign;;;;;False;False;False;False;False;True;False;False;False;False;;;False;False;False;False
E;50;S;;;;;;;4.4979553;0.252166824;0.564703148;Uncertain;Uncertain;Uncertain;Uncertain;Uncertain;Benign;Benign;Benign;Benign;Uncertain;Benign;;;;;False;False;False;False;False;True;False;False;False;False;;;False;False;False;False
E;50;T;;;;;;;3.712494;0.211717324;0.516223127;Uncertain;Uncertain;Uncertain;Uncertain;Benign;Benign;Benign;Benign;Benign;Uncertain;Benign;;;;;False;False;False;False;False;True;False;False;False;False;;;False;False;False;False
E;50;V;;;;;;;3.7984009;0.215882558;0.521647033;Uncertain;Uncertain;Uncertain;Uncertain;Benign;Benign;Benign;Benign;Benign;Uncertain;Benign;;;;;False;False;False;False;False;True;False;False;False;False;;;False;False;False;False
E;50;W;;;;;;;8.689087;0.727210801;0.586013348;Uncertain;Uncertain;Uncertain;Uncertain;Uncertain;Pathogenic;Pathogenic;Pathogenic;Pathogenic;Uncertain;Pathogenic;;;;;False;False;False;False;False;False;True;False;False;False;;;False;False;False;False
E;50;Y;;;;;;;8.626892;0.718844507;0.594041328;Uncertain;Uncertain;Uncertain;Uncertain;Uncertain;Pathogenic;Pathogenic;Pathogenic;Pathogenic;Uncertain;Pathogenic;;;;;False;False;False;False;False;False;True;False;False;False;;;False;False;False;False
F;51;A;;;;;;;5.726715;0.327251752;0.632215263;Uncertain;Uncertain;Uncertain;Uncertain;Uncertain;Uncertain;Benign;Benign;Benign;Uncertain;Benign;;;;;False;False;False;False;False;True;False;False;False;False;;;False;False;False;False
F;51;C;;;;uncertain;1.19E-05;1.19E-05;6.6804504;0.409730081;0.676760155;Uncertain;Uncertain;Uncertain;Uncertain;Uncertain;Uncertain;Uncertain;Uncertain;Benign;Uncertain;Uncertain;6.62677;0.403817004;0.674529008;Uncertain;False;False;False;False;False;False;False;False;False;False;uncertain;uncertain;False;False;False;False
F;51;D;;;;;;;6.73349;0.415783402;0.678894467;Uncertain;Uncertain;Uncertain;Uncertain;Uncertain;Uncertain;Uncertain;Uncertain;Benign;Uncertain;Uncertain;;;;;False;False;False;False;False;False;False;False;False;False;;;False;False;False;False
F;51;E;;;;;;;7.105377;0.464697198;0.69065253;Uncertain;Uncertain;Uncertain;Uncertain;Uncertain;Uncertain;Uncertain;Uncertain;Uncertain;Uncertain;Uncertain;;;;;False;False;False;False;False;False;False;False;False;False;;;False;False;False;False
F;51;F;;;;;;;;;;;;;;;;;;;;;;;;;False;False;False;False;False;False;False;False;False;False;;;False;False;False;False
F;51;G;;;;;;;8.23645;0.659622335;0.641285663;Uncertain;Uncertain;Uncertain;Uncertain;Uncertain;Uncertain;Uncertain;Pathogenic;Pathogenic;Uncertain;Pathogenic;;;;;False;False;False;False;False;False;True;False;False;False;;;False;False;False;False
F;51;H;;;;;;;6.1952515;0.362826323;0.655027044;Uncertain;Uncertain;Uncertain;Uncertain;Uncertain;Uncertain;Uncertain;Benign;Benign;Uncertain;Uncertain;;;;;False;False;False;False;False;False;False;False;False;False;;;False;False;False;False
F;51;I;;;;;;;6.474243;0.388098909;0.667890105;Uncertain;Uncertain;Uncertain;Uncertain;Uncertain;Uncertain;Uncertain;Uncertain;Benign;Uncertain;Uncertain;;;;;False;False;False;False;False;False;False;False;False;False;;;False;False;False;False
F;51;K;;;;;;;4.056427;0.22877637;0.537793584;Uncertain;Uncertain;Uncertain;Uncertain;Benign;Benign;Benign;Benign;Benign;Uncertain;Benign;;;;;False;False;False;False;False;True;False;False;False;False;;;False;False;False;False
F;51;L;;;;;;;2.846283;0.173292464;0.461068615;Uncertain;Uncertain;Uncertain;Benign;Benign;Benign;Benign;Benign;Benign;Uncertain;Benign;;;;;False;False;False;False;False;True;False;False;False;False;;;False;False;False;False
F;51;M;;;;;;;7.116577;0.466353174;0.690881251;Uncertain;Uncertain;Uncertain;Uncertain;Uncertain;Uncertain;Uncertain;Uncertain;Uncertain;Uncertain;Uncertain;;;;;False;False;False;False;False;False;False;False;False;False;;;False;False;False;False
F;51;N;;;;;;;6.1772766;0.361325345;0.654176941;Uncertain;Uncertain;Uncertain;Uncertain;Uncertain;Uncertain;Uncertain;Benign;Benign;Uncertain;Uncertain;;;;;False;False;False;False;False;False;False;False;False;False;;;False;False;False;False
F;51;P;;;;;;;9.124481;0.777861319;0.529601521;Uncertain;Uncertain;Uncertain;Uncertain;Pathogenic;Pathogenic;Pathogenic;Pathogenic;Pathogenic;Uncertain;Pathogenic;;;;;False;False;False;False;False;False;True;False;False;False;;;False;False;False;False
F;51;Q;;;;;;;8.204407;0.654283268;0.644754729;Uncertain;Uncertain;Uncertain;Uncertain;Uncertain;Uncertain;Uncertain;Pathogenic;Pathogenic;Uncertain;Pathogenic;;;;;False;False;False;False;False;False;True;False;False;False;;;False;False;False;False
F;51;R;;;;;;;6.3122253;0.372942899;0.660503384;Uncertain;Uncertain;Uncertain;Uncertain;Uncertain;Uncertain;Uncertain;Benign;Benign;Uncertain;Uncertain;;;;;False;False;False;False;False;False;False;False;False;False;;;False;False;False;False
F;51;S;;;;;;;4.99115;0.280309343;0.593245242;Uncertain;Uncertain;Uncertain;Uncertain;Uncertain;Benign;Benign;Benign;Benign;Uncertain;Benign;;;;;False;False;False;False;False;True;False;False;False;False;;;False;False;False;False
F;51;T;;;;;;;5.2576294;0.296495136;0.607865325;Uncertain;Uncertain;Uncertain;Uncertain;Uncertain;Uncertain;Benign;Benign;Benign;Uncertain;Benign;;;;;False;False;False;False;False;True;False;False;False;False;;;False;False;False;False
F;51;V;;;;;;;6.9935913;0.448757785;0.68788642;Uncertain;Uncertain;Uncertain;Uncertain;Uncertain;Uncertain;Uncertain;Uncertain;Uncertain;Uncertain;Uncertain;;;;;False;False;False;False;False;False;False;False;False;False;;;False;False;False;False
F;51;W;;;;;;;4.9867554;0.280048627;0.592999238;Uncertain;Uncertain;Uncertain;Uncertain;Uncertain;Benign;Benign;Benign;Benign;Uncertain;Benign;;;;;False;False;False;False;False;True;False;False;False;False;;;False;False;False;False
F;51;Y;;;;;;;2.086853;0.144841118;0.413655114;Uncertain;Uncertain;Benign;Benign;Benign;Benign;Benign;Benign;Benign;Uncertain;Benign;;;;;False;False;False;False;False;True;False;False;False;False;;;False;False;False;False
G;52;A;;;;;;;7.4907837;0.527221637;0.691664413;Uncertain;Uncertain;Uncertain;Uncertain;Uncertain;Uncertain;Uncertain;Uncertain;Uncertain;Uncertain;Uncertain;;;;;False;False;False;False;False;False;False;False;False;False;;;False;False;False;False
G;52;C;;;;;;;9.900391;0.841221662;0.437638522;Uncertain;Uncertain;Pathogenic;Pathogenic;Pathogenic;Pathogenic;Pathogenic;Pathogenic;Pathogenic;Uncertain;Pathogenic;;;;;False;False;False;False;False;False;True;False;False;False;;;False;False;False;False
G;52;D;;;;;;;11.151001;0.902265719;0.320075967;Uncertain;Pathogenic;Pathogenic;Pathogenic;Pathogenic;Pathogenic;Pathogenic;Pathogenic;Pathogenic;Pathogenic;Pathogenic;;;;;False;False;False;False;False;False;True;False;False;False;;;False;False;False;False
G;52;E;;;;;;;10.333252;0.866601849;0.392795774;Uncertain;Uncertain;Pathogenic;Pathogenic;Pathogenic;Pathogenic;Pathogenic;Pathogenic;Pathogenic;Pathogenic;Pathogenic;;;;;False;False;False;False;False;False;True;False;False;False;;;False;False;False;False
G;52;F;;;;;;;11.122742;0.901249164;0.322329579;Uncertain;Pathogenic;Pathogenic;Pathogenic;Pathogenic;Pathogenic;Pathogenic;Pathogenic;Pathogenic;Pathogenic;Pathogenic;;;;;False;False;False;False;False;False;True;False;False;False;;;False;False;False;False
G;52;G;;;;;;;;;;;;;;;;;;;;;;;;;False;False;False;False;False;False;False;False;False;False;;;False;False;False;False
G;52;H;;;;;;;11.172516;0.903030444;0.318372923;Uncertain;Pathogenic;Pathogenic;Pathogenic;Pathogenic;Pathogenic;Pathogenic;Pathogenic;Pathogenic;Pathogenic;Pathogenic;;;;;False;False;False;False;False;False;True;False;False;False;;;False;False;False;False
G;52;I;;;;;;;11.263702;0.906184276;0.311278237;Uncertain;Pathogenic;Pathogenic;Pathogenic;Pathogenic;Pathogenic;Pathogenic;Pathogenic;Pathogenic;Pathogenic;Pathogenic;;;;;False;False;False;False;False;False;True;False;False;False;;;False;False;False;False
G;52;K;;;;;;;11.085388;0.899884105;0.325337546;Uncertain;Pathogenic;Pathogenic;Pathogenic;Pathogenic;Pathogenic;Pathogenic;Pathogenic;Pathogenic;Pathogenic;Pathogenic;;;;;False;False;False;False;False;False;True;False;False;False;;;False;False;False;False
G;52;L;;;;;;;11.080627;0.899708361;0.325723298;Uncertain;Pathogenic;Pathogenic;Pathogenic;Pathogenic;Pathogenic;Pathogenic;Pathogenic;Pathogenic;Pathogenic;Pathogenic;;;;;False;False;False;False;False;False;True;False;False;False;;;False;False;False;False
G;52;M;;;;;;;11.184448;0.903451135;0.317433197;Uncertain;Pathogenic;Pathogenic;Pathogenic;Pathogenic;Pathogenic;Pathogenic;Pathogenic;Pathogenic;Pathogenic;Pathogenic;;;;;False;False;False;False;False;False;True;False;False;False;;;False;False;False;False
G;52;N;;;;;;;8.677246;0.725640874;0.587546483;Uncertain;Uncertain;Uncertain;Uncertain;Uncertain;Pathogenic;Pathogenic;Pathogenic;Pathogenic;Uncertain;Pathogenic;;;;;False;False;False;False;False;False;True;False;False;False;;;False;False;False;False
G;52;P;;;;;;;7.5330505;0.534650601;0.690743926;Uncertain;Uncertain;Uncertain;Uncertain;Uncertain;Uncertain;Uncertain;Uncertain;Uncertain;Uncertain;Uncertain;;;;;False;False;False;False;False;False;False;False;False;False;;;False;False;False;False
G;52;Q;;;;;;;10.1409;0.855997652;0.412162906;Uncertain;Uncertain;Pathogenic;Pathogenic;Pathogenic;Pathogenic;Pathogenic;Pathogenic;Pathogenic;Uncertain;Pathogenic;;;;;False;False;False;False;False;False;True;False;False;False;;;False;False;False;False
G;52;R;;;;;;;9.181244;0.783531459;0.522401833;Uncertain;Uncertain;Uncertain;Uncertain;Pathogenic;Pathogenic;Pathogenic;Pathogenic;Pathogenic;Uncertain;Pathogenic;;;;;False;False;False;False;False;False;True;False;False;False;;;False;False;False;False
G;52;S;;;;;;;7.6211853;0.550371951;0.688063895;Uncertain;Uncertain;Uncertain;Uncertain;Uncertain;Uncertain;Uncertain;Uncertain;Uncertain;Uncertain;Uncertain;;;;;False;False;False;False;False;False;False;False;False;False;;;False;False;False;False
G;52;T;;;;;;;10.156494;0.856895167;0.410559869;Uncertain;Uncertain;Pathogenic;Pathogenic;Pathogenic;Pathogenic;Pathogenic;Pathogenic;Pathogenic;Uncertain;Pathogenic;;;;;False;False;False;False;False;False;True;False;False;False;;;False;False;False;False
G;52;V;;;;;;;11.121094;0.901189453;0.32246159;Uncertain;Pathogenic;Pathogenic;Pathogenic;Pathogenic;Pathogenic;Pathogenic;Pathogenic;Pathogenic;Pathogenic;Pathogenic;;;;;False;False;False;False;False;False;True;False;False;False;;;False;False;False;False
G;52;W;;;;;;;11.16153;0.902640952;0.319241153;Uncertain;Pathogenic;Pathogenic;Pathogenic;Pathogenic;Pathogenic;Pathogenic;Pathogenic;Pathogenic;Pathogenic;Pathogenic;;;;;False;False;False;False;False;False;True;False;False;False;;;False;False;False;False
G;52;Y;;;;;;;11.143524;0.901998094;0.3206704;Uncertain;Pathogenic;Pathogenic;Pathogenic;Pathogenic;Pathogenic;Pathogenic;Pathogenic;Pathogenic;Pathogenic;Pathogenic;;;;;False;False;False;False;False;False;True;False;False;False;;;False;False;False;False
D;53;A;;;;;;;7.198242;0.478745016;0.69224336;Uncertain;Uncertain;Uncertain;Uncertain;Uncertain;Uncertain;Uncertain;Uncertain;Uncertain;Uncertain;Uncertain;;;;;False;False;False;False;False;False;False;False;False;False;;;False;False;False;False
D;53;C;;;;;;;10.596527;0.879612413;0.367696521;Uncertain;Pathogenic;Pathogenic;Pathogenic;Pathogenic;Pathogenic;Pathogenic;Pathogenic;Pathogenic;Pathogenic;Pathogenic;;;;;False;False;False;False;False;False;True;False;False;False;;;False;False;False;False
D;53;D;;;;;;;;;;;;;;;;;;;;;;;;;False;False;False;False;False;False;False;False;False;False;;;False;False;False;False
D;53;E;;;;;;;8.97583;0.762048834;0.54870675;Uncertain;Uncertain;Uncertain;Uncertain;Pathogenic;Pathogenic;Pathogenic;Pathogenic;Pathogenic;Uncertain;Pathogenic;;;;;False;False;False;False;False;False;True;False;False;False;;;False;False;False;False
D;53;F;;;;;;;9.003082;0.76505618;0.545181353;Uncertain;Uncertain;Uncertain;Uncertain;Pathogenic;Pathogenic;Pathogenic;Pathogenic;Pathogenic;Uncertain;Pathogenic;;;;;False;False;False;False;False;False;True;False;False;False;;;False;False;False;False
D;53;G;;;;;;;8.7152405;0.730640391;0.582620852;Uncertain;Uncertain;Uncertain;Uncertain;Uncertain;Pathogenic;Pathogenic;Pathogenic;Pathogenic;Uncertain;Pathogenic;;;;;False;False;False;False;False;False;True;False;False;False;;;False;False;False;False
D;53;H;;;;;;;8.375488;0.681997593;0.625354549;Uncertain;Uncertain;Uncertain;Uncertain;Uncertain;Uncertain;Pathogenic;Pathogenic;Pathogenic;Uncertain;Pathogenic;;;;;False;False;False;False;False;False;True;False;False;False;;;False;False;False;False
D;53;I;;;;;;;9.011169;0.765939018;0.544136902;Uncertain;Uncertain;Uncertain;Uncertain;Pathogenic;Pathogenic;Pathogenic;Pathogenic;Pathogenic;Uncertain;Pathogenic;;;;;False;False;False;False;False;False;True;False;False;False;;;False;False;False;False
D;53;K;;;;;;;8.409882;0.687321103;0.621227353;Uncertain;Uncertain;Uncertain;Uncertain;Uncertain;Uncertain;Pathogenic;Pathogenic;Pathogenic;Uncertain;Pathogenic;;;;;False;False;False;False;False;False;True;False;False;False;;;False;False;False;False
D;53;L;;;;;;;8.917999;0.755498923;0.556212926;Uncertain;Uncertain;Uncertain;Uncertain;Uncertain;Pathogenic;Pathogenic;Pathogenic;Pathogenic;Uncertain;Pathogenic;;;;;False;False;False;False;False;False;True;False;False;False;;;False;False;False;False
D;53;M;;;;;;;10.337677;0.866834304;0.392360562;Uncertain;Uncertain;Pathogenic;Pathogenic;Pathogenic;Pathogenic;Pathogenic;Pathogenic;Pathogenic;Pathogenic;Pathogenic;;;;;False;False;False;False;False;False;True;False;False;False;;;False;False;False;False
D;53;N;;;;;;;4.4943542;0.251969278;0.564488294;Uncertain;Uncertain;Uncertain;Uncertain;Uncertain;Benign;Benign;Benign;Benign;Uncertain;Benign;;;;;False;False;False;False;False;True;False;False;False;False;;;False;False;False;False
D;53;P;;;;;;;10.638214;0.881528017;0.363869428;Uncertain;Pathogenic;Pathogenic;Pathogenic;Pathogenic;Pathogenic;Pathogenic;Pathogenic;Pathogenic;Pathogenic;Pathogenic;;;;;False;False;False;False;False;False;True;False;False;False;;;False;False;False;False
D;53;Q;;;;;;;9.35965;0.800141583;0.500206086;Uncertain;Uncertain;Uncertain;Uncertain;Pathogenic;Pathogenic;Pathogenic;Pathogenic;Pathogenic;Uncertain;Pathogenic;;;;;False;False;False;False;False;False;True;False;False;False;;;False;False;False;False
D;53;R;;;;;;;10.52182;0.876084069;0.374655274;Uncertain;Pathogenic;Pathogenic;Pathogenic;Pathogenic;Pathogenic;Pathogenic;Pathogenic;Pathogenic;Pathogenic;Pathogenic;;;;;False;False;False;False;False;False;True;False;False;False;;;False;False;False;False
D;53;S;;;;;;;7.164154;0.473505336;0.691742588;Uncertain;Uncertain;Uncertain;Uncertain;Uncertain;Uncertain;Uncertain;Uncertain;Uncertain;Uncertain;Uncertain;;;;;False;False;False;False;False;False;False;False;False;False;;;False;False;False;False
D;53;T;;;;;;;9.342438;0.79861498;0.502316484;Uncertain;Uncertain;Uncertain;Uncertain;Pathogenic;Pathogenic;Pathogenic;Pathogenic;Pathogenic;Uncertain;Pathogenic;;;;;False;False;False;False;False;False;True;False;False;False;;;False;False;False;False
D;53;V;;;;;;;7.1707153;0.474506474;0.691846777;Uncertain;Uncertain;Uncertain;Uncertain;Uncertain;Uncertain;Uncertain;Uncertain;Uncertain;Uncertain;Uncertain;;;;;False;False;False;False;False;False;False;False;False;False;;;False;False;False;False
D;53;W;;;;;;;10.574341;0.878577517;0.369749641;Uncertain;Pathogenic;Pathogenic;Pathogenic;Pathogenic;Pathogenic;Pathogenic;Pathogenic;Pathogenic;Pathogenic;Pathogenic;;;;;False;False;False;False;False;False;True;False;False;False;;;False;False;False;False
D;53;Y;;;;;;;8.441498;0.692137218;0.617379945;Uncertain;Uncertain;Uncertain;Uncertain;Uncertain;Uncertain;Pathogenic;Pathogenic;Pathogenic;Uncertain;Pathogenic;;;;;False;False;False;False;False;False;True;False;False;False;;;False;False;False;False
N;54;A;;;;;;;4.4210205;0.247970729;0.560094762;Uncertain;Uncertain;Uncertain;Uncertain;Uncertain;Benign;Benign;Benign;Benign;Uncertain;Benign;;;;;False;False;False;False;False;True;False;False;False;False;;;False;False;False;False
N;54;C;;;;;;;5.131531;0.288740634;0.601020211;Uncertain;Uncertain;Uncertain;Uncertain;Uncertain;Uncertain;Benign;Benign;Benign;Uncertain;Benign;;;;;False;False;False;False;False;True;False;False;False;False;;;False;False;False;False
N;54;D;;;;;;;6.4678955;0.387477088;0.667606169;Uncertain;Uncertain;Uncertain;Uncertain;Uncertain;Uncertain;Uncertain;Uncertain;Benign;Uncertain;Uncertain;;;;;False;False;False;False;False;False;False;False;False;False;;;False;False;False;False
N;54;E;;;;;;;5.958679;0.344037982;0.643677586;Uncertain;Uncertain;Uncertain;Uncertain;Uncertain;Uncertain;Uncertain;Benign;Benign;Uncertain;Benign;;;;;False;False;False;False;False;True;False;False;False;False;;;False;False;False;False
N;54;F;;;;;;;3.9476929;0.223272849;0.531019196;Uncertain;Uncertain;Uncertain;Uncertain;Benign;Benign;Benign;Benign;Benign;Uncertain;Benign;;;;;False;False;False;False;False;True;False;False;False;False;;;False;False;False;False
N;54;G;;;;;;;5.158539;0.290386497;0.602497383;Uncertain;Uncertain;Uncertain;Uncertain;Uncertain;Uncertain;Benign;Benign;Benign;Uncertain;Benign;;;;;False;False;False;False;False;True;False;False;False;False;;;False;False;False;False
N;54;H;;;;;;;5.5468445;0.315043713;0.623076947;Uncertain;Uncertain;Uncertain;Uncertain;Uncertain;Uncertain;Benign;Benign;Benign;Uncertain;Benign;;;;;False;False;False;False;False;True;False;False;False;False;;;False;False;False;False
N;54;I;;;;;;;2.774353;0.170392025;0.456507274;Uncertain;Uncertain;Uncertain;Benign;Benign;Benign;Benign;Benign;Benign;Uncertain;Benign;;;;;False;False;False;False;False;True;False;False;False;False;;;False;False;False;False
N;54;K;;;;;;;6.8989563;0.436104632;0.684959574;Uncertain;Uncertain;Uncertain;Uncertain;Uncertain;Uncertain;Uncertain;Uncertain;Benign;Uncertain;Uncertain;;;;;False;False;False;False;False;False;False;False;False;False;;;False;False;False;False
N;54;L;;;;;;;1.5198975;0.126585778;0.379844489;Uncertain;Uncertain;Benign;Benign;Benign;Benign;Benign;Benign;Benign;Benign;Benign;;;;;False;False;False;False;False;True;False;False;False;False;;;False;False;False;False
N;54;M;;;;;;;3.9139404;0.221585193;0.528906978;Uncertain;Uncertain;Uncertain;Uncertain;Benign;Benign;Benign;Benign;Benign;Uncertain;Benign;;;;;False;False;False;False;False;True;False;False;False;False;;;False;False;False;False
N;54;N;;;;;;;;;;;;;;;;;;;;;;;;;False;False;False;False;False;False;False;False;False;False;;;False;False;False;False
N;54;P;;;;;;;6.64032;0.405289854;0.675098306;Uncertain;Uncertain;Uncertain;Uncertain;Uncertain;Uncertain;Uncertain;Uncertain;Benign;Uncertain;Uncertain;;;;;False;False;False;False;False;False;False;False;False;False;;;False;False;False;False
N;54;Q;;;;;;;5.286133;0.298273604;0.609394426;Uncertain;Uncertain;Uncertain;Uncertain;Uncertain;Uncertain;Benign;Benign;Benign;Uncertain;Benign;;;;;False;False;False;False;False;True;False;False;False;False;;;False;False;False;False
N;54;R;;;;;;;4.770752;0.26746101;0.580717118;Uncertain;Uncertain;Uncertain;Uncertain;Uncertain;Benign;Benign;Benign;Benign;Uncertain;Benign;;;;;False;False;False;False;False;True;False;False;False;False;;;False;False;False;False
N;54;S;;;;;;;3.7957764;0.215754362;0.521481634;Uncertain;Uncertain;Uncertain;Uncertain;Benign;Benign;Benign;Benign;Benign;Uncertain;Benign;;;;;False;False;False;False;False;True;False;False;False;False;;;False;False;False;False
N;54;T;;;;;;;1.1051025;0.114717537;0.356266216;Uncertain;Benign;Benign;Benign;Benign;Benign;Benign;Benign;Benign;Benign;Benign;;;;;False;False;False;False;False;True;False;False;False;False;;;False;False;False;False
N;54;V;;;;;;;3.0361023;0.181158431;0.473145533;Uncertain;Uncertain;Uncertain;Benign;Benign;Benign;Benign;Benign;Benign;Uncertain;Benign;;;;;False;False;False;False;False;True;False;False;False;False;;;False;False;False;False
N;54;W;;;;;;;5.8182983;0.333720038;0.636781875;Uncertain;Uncertain;Uncertain;Uncertain;Uncertain;Uncertain;Benign;Benign;Benign;Uncertain;Benign;;;;;False;False;False;False;False;True;False;False;False;False;;;False;False;False;False
N;54;Y;;;;;;;2.783905;0.170774664;0.457112417;Uncertain;Uncertain;Uncertain;Benign;Benign;Benign;Benign;Benign;Benign;Uncertain;Benign;;;;;False;False;False;False;False;True;False;False;False;False;;;False;False;False;False
T;55;A;;;;;;;6.570099;0.397796619;0.672108152;Uncertain;Uncertain;Uncertain;Uncertain;Uncertain;Uncertain;Uncertain;Uncertain;Benign;Uncertain;Uncertain;;;;;False;False;False;False;False;False;False;False;False;False;;;False;False;False;False
T;55;C;;;;;;;9.217804;0.787081613;0.517797733;Uncertain;Uncertain;Uncertain;Uncertain;Pathogenic;Pathogenic;Pathogenic;Pathogenic;Pathogenic;Uncertain;Pathogenic;;;;;False;False;False;False;False;False;True;False;False;False;;;False;False;False;False
T;55;D;;;;;;;7.1515503;0.47159223;0.691532308;Uncertain;Uncertain;Uncertain;Uncertain;Uncertain;Uncertain;Uncertain;Uncertain;Uncertain;Uncertain;Uncertain;;;;;False;False;False;False;False;False;False;False;False;False;;;False;False;False;False
T;55;E;;;;;;;7.548279;0.537346502;0.690355059;Uncertain;Uncertain;Uncertain;Uncertain;Uncertain;Uncertain;Uncertain;Uncertain;Uncertain;Uncertain;Uncertain;;;;;False;False;False;False;False;False;False;False;False;False;;;False;False;False;False
T;55;F;;;;;;;7.558655;0.539188737;0.690072514;Uncertain;Uncertain;Uncertain;Uncertain;Uncertain;Uncertain;Uncertain;Uncertain;Uncertain;Uncertain;Uncertain;;;;;False;False;False;False;False;False;False;False;False;False;;;False;False;False;False
T;55;G;;;;;;;5.2798157;0.297878588;0.609056105;Uncertain;Uncertain;Uncertain;Uncertain;Uncertain;Uncertain;Benign;Benign;Benign;Uncertain;Benign;;;;;False;False;False;False;False;True;False;False;False;False;;;False;False;False;False
T;55;H;;;;;;;9.095795;0.774920534;0.533262104;Uncertain;Uncertain;Uncertain;Uncertain;Pathogenic;Pathogenic;Pathogenic;Pathogenic;Pathogenic;Uncertain;Pathogenic;;;;;False;False;False;False;False;False;True;False;False;False;;;False;False;False;False
T;55;I;;;;;;;6.7757263;0.420759527;0.680535971;Uncertain;Uncertain;Uncertain;Uncertain;Uncertain;Uncertain;Uncertain;Uncertain;Benign;Uncertain;Uncertain;;;;;False;False;False;False;False;False;False;False;False;False;;;False;False;False;False
T;55;K;;;;;;;7.848236;0.591575594;0.676279952;Uncertain;Uncertain;Uncertain;Uncertain;Uncertain;Uncertain;Uncertain;Uncertain;Pathogenic;Uncertain;Uncertain;;;;;False;False;False;False;False;False;False;False;False;False;;;False;False;False;False
T;55;L;;;;;;;7.9352417;0.607309225;0.669936499;Uncertain;Uncertain;Uncertain;Uncertain;Uncertain;Uncertain;Uncertain;Uncertain;Pathogenic;Uncertain;Uncertain;;;;;False;False;False;False;False;False;False;False;False;False;;;False;False;False;False
T;55;M;;;;;;;9.120056;0.777411028;0.530165261;Uncertain;Uncertain;Uncertain;Uncertain;Pathogenic;Pathogenic;Pathogenic;Pathogenic;Pathogenic;Uncertain;Pathogenic;;;;;False;False;False;False;False;False;True;False;False;False;;;False;False;False;False
T;55;N;;;;;;;7.991394;0.617362558;0.665340532;Uncertain;Uncertain;Uncertain;Uncertain;Uncertain;Uncertain;Uncertain;Pathogenic;Pathogenic;Uncertain;Uncertain;;;;;False;False;False;False;False;False;False;False;False;False;;;False;False;False;False
T;55;P;;;;;;;9.933258;0.843349939;0.434072928;Uncertain;Uncertain;Pathogenic;Pathogenic;Pathogenic;Pathogenic;Pathogenic;Pathogenic;Pathogenic;Uncertain;Pathogenic;;;;;False;False;False;False;False;False;True;False;False;False;;;False;False;False;False
T;55;Q;;;;;;;8.264465;0.664236548;0.638185327;Uncertain;Uncertain;Uncertain;Uncertain;Uncertain;Uncertain;Uncertain;Pathogenic;Pathogenic;Uncertain;Pathogenic;;;;;False;False;False;False;False;False;True;False;False;False;;;False;False;False;False
T;55;R;;;;uncertain;;;5.2075806;0.29339572;0.605164219;Uncertain;Uncertain;Uncertain;Uncertain;Uncertain;Uncertain;Benign;Benign;Benign;Uncertain;Benign;5.254364;0.296292018;0.607689723;Benign;False;False;False;False;False;True;False;False;False;False;uncertain;uncertain;False;False;False;False
T;55;S;;;;;;;2.3898315;0.155623749;0.432341276;Uncertain;Uncertain;Benign;Benign;Benign;Benign;Benign;Benign;Benign;Uncertain;Benign;;;;;False;False;False;False;False;True;False;False;False;False;;;False;False;False;False
T;55;T;;;;;;;;;;;;;;;;;;;;;;;;;False;False;False;False;False;False;False;False;False;False;;;False;False;False;False
T;55;V;;;;;;;8.713318;0.730390061;0.58287049;Uncertain;Uncertain;Uncertain;Uncertain;Uncertain;Pathogenic;Pathogenic;Pathogenic;Pathogenic;Uncertain;Pathogenic;;;;;False;False;False;False;False;False;True;False;False;False;;;False;False;False;False
T;55;W;;;;;;;8.973633;0.761804201;0.548991324;Uncertain;Uncertain;Uncertain;Uncertain;Pathogenic;Pathogenic;Pathogenic;Pathogenic;Pathogenic;Uncertain;Pathogenic;;;;;False;False;False;False;False;False;True;False;False;False;;;False;False;False;False
T;55;Y;;;;;;;8.250671;0.661970991;0.639719467;Uncertain;Uncertain;Uncertain;Uncertain;Uncertain;Uncertain;Uncertain;Pathogenic;Pathogenic;Uncertain;Pathogenic;;;;;False;False;False;False;False;False;True;False;False;False;;;False;False;False;False
A;56;A;;;;;;;;;;;;;;;;;;;;;;;;;False;False;False;False;False;False;False;False;False;False;;;False;False;False;False
A;56;C;;;;;;;2.7879028;0.170935039;0.457365743;Uncertain;Uncertain;Uncertain;Benign;Benign;Benign;Benign;Benign;Benign;Uncertain;Benign;;;;;False;False;False;False;False;True;False;False;False;False;;;False;False;False;False
A;56;D;;;;;;;-2.539734;0.050471562;0.199901395;Benign;Benign;Benign;Benign;Benign;Benign;Benign;Benign;Benign;Benign;Benign;;;;;False;False;False;False;False;True;False;False;False;False;;;False;False;False;False
A;56;E;;;;;;;-1.2816162;0.066155414;0.243578696;Benign;Benign;Benign;Benign;Benign;Benign;Benign;Benign;Benign;Benign;Benign;;;;;False;False;False;False;False;True;False;False;False;False;;;False;False;False;False
A;56;F;;;;;;;3.5645447;0.204693913;0.506841116;Uncertain;Uncertain;Uncertain;Uncertain;Benign;Benign;Benign;Benign;Benign;Uncertain;Benign;;;;;False;False;False;False;False;True;False;False;False;False;;;False;False;False;False
A;56;G;;;;;;;-1.8995667;0.057799716;0.220869945;Benign;Benign;Benign;Benign;Benign;Benign;Benign;Benign;Benign;Benign;Benign;;;;;False;False;False;False;False;True;False;False;False;False;;;False;False;False;False
A;56;H;;;;;;;1.421875;0.123671847;0.374177605;Uncertain;Benign;Benign;Benign;Benign;Benign;Benign;Benign;Benign;Benign;Benign;;;;;False;False;False;False;False;True;False;False;False;False;;;False;False;False;False
A;56;I;;;;;;;2.313507;0.152837695;0.42759994;Uncertain;Uncertain;Benign;Benign;Benign;Benign;Benign;Benign;Benign;Uncertain;Benign;;;;;False;False;False;False;False;True;False;False;False;False;;;False;False;False;False
A;56;K;;;;;;;-1.1754761;0.067733304;0.247735846;Benign;Benign;Benign;Benign;Benign;Benign;Benign;Benign;Benign;Benign;Benign;;;;;False;False;False;False;False;True;False;False;False;False;;;False;False;False;False
A;56;L;;;;;;;2.022583;0.142647897;0.409741221;Uncertain;Uncertain;Benign;Benign;Benign;Benign;Benign;Benign;Benign;Uncertain;Benign;;;;;False;False;False;False;False;True;False;False;False;False;;;False;False;False;False
A;56;M;;;;;;;0.37023926;0.096476627;0.317271631;Uncertain;Benign;Benign;Benign;Benign;Benign;Benign;Benign;Benign;Benign;Benign;;;;;False;False;False;False;False;True;False;False;False;False;;;False;False;False;False
A;56;N;;;;;;;-6.1773376;0.025788281;0.119782149;Benign;Benign;Benign;Benign;Benign;Benign;Benign;Benign;Benign;Benign;Benign;;;;;False;False;False;False;False;True;False;False;False;False;;;False;False;False;False
A;56;P;;;;;;;0.021575928;0.088946595;0.300093829;Benign;Benign;Benign;Benign;Benign;Benign;Benign;Benign;Benign;Benign;Benign;;;;;False;False;False;False;False;True;False;False;False;False;;;False;False;False;False
A;56;Q;;;;;;;-2.063324;0.055805355;0.215266296;Benign;Benign;Benign;Benign;Benign;Benign;Benign;Benign;Benign;Benign;Benign;;;;;False;False;False;False;False;True;False;False;False;False;;;False;False;False;False
A;56;R;;;;;;;0.16912842;0.092050826;0.307257183;Uncertain;Benign;Benign;Benign;Benign;Benign;Benign;Benign;Benign;Benign;Benign;;;;;False;False;False;False;False;True;False;False;False;False;;;False;False;False;False
A;56;S;;;;;;;-1.2883911;0.066056194;0.243315951;Benign;Benign;Benign;Benign;Benign;Benign;Benign;Benign;Benign;Benign;Benign;;;;;False;False;False;False;False;True;False;False;False;False;;;False;False;False;False
A;56;T;;;;;;;-0.15991211;0.085287752;0.291497648;Benign;Benign;Benign;Benign;Benign;Benign;Benign;Benign;Benign;Benign;Benign;;;;;False;False;False;False;False;True;False;False;False;False;;;False;False;False;False
A;56;V;;;;;;;2.1047058;0.145456121;0.414745618;Uncertain;Uncertain;Benign;Benign;Benign;Benign;Benign;Benign;Benign;Uncertain;Benign;;;;;False;False;False;False;False;True;False;False;False;False;;;False;False;False;False
A;56;W;;;;;;;3.520813;0.202654276;0.504060087;Uncertain;Uncertain;Uncertain;Uncertain;Benign;Benign;Benign;Benign;Benign;Uncertain;Benign;;;;;False;False;False;False;False;True;False;False;False;False;;;False;False;False;False
A;56;Y;;;;;;;2.9369507;0.177011206;0.466831044;Uncertain;Uncertain;Uncertain;Benign;Benign;Benign;Benign;Benign;Benign;Uncertain;Benign;;;;;False;False;False;False;False;True;False;False;False;False;;;False;False;False;False
G;57;A;;;;;;;7.223938;0.482756937;0.692552416;Uncertain;Uncertain;Uncertain;Uncertain;Uncertain;Uncertain;Uncertain;Uncertain;Uncertain;Uncertain;Uncertain;;;;;False;False;False;False;False;False;False;False;False;False;;;False;False;False;False
G;57;C;;;;;;;9.589264;0.819110392;0.472739764;Uncertain;Uncertain;Uncertain;Pathogenic;Pathogenic;Pathogenic;Pathogenic;Pathogenic;Pathogenic;Uncertain;Pathogenic;;;;;False;False;False;False;False;False;True;False;False;False;;;False;False;False;False
G;57;D;;;;;;;6.1720276;0.360889551;0.653928294;Uncertain;Uncertain;Uncertain;Uncertain;Uncertain;Uncertain;Uncertain;Benign;Benign;Uncertain;Uncertain;;;;;False;False;False;False;False;False;False;False;False;False;;;False;False;False;False
G;57;E;;;;;;;7.928833;0.606155932;0.670436565;Uncertain;Uncertain;Uncertain;Uncertain;Uncertain;Uncertain;Uncertain;Uncertain;Pathogenic;Uncertain;Uncertain;;;;;False;False;False;False;False;False;False;False;False;False;;;False;False;False;False
G;57;F;;;;;;;9.584564;0.818746563;0.47328882;Uncertain;Uncertain;Uncertain;Pathogenic;Pathogenic;Pathogenic;Pathogenic;Pathogenic;Pathogenic;Uncertain;Pathogenic;;;;;False;False;False;False;False;False;True;False;False;False;;;False;False;False;False
G;57;G;;;;;;;;;;;;;;;;;;;;;;;;;False;False;False;False;False;False;False;False;False;False;;;False;False;False;False
G;57;H;;;;;;;10.136444;0.855739906;0.412622053;Uncertain;Uncertain;Pathogenic;Pathogenic;Pathogenic;Pathogenic;Pathogenic;Pathogenic;Pathogenic;Uncertain;Pathogenic;;;;;False;False;False;False;False;False;True;False;False;False;;;False;False;False;False
G;57;I;;;;;;;10.890045;0.892337312;0.341600547;Uncertain;Pathogenic;Pathogenic;Pathogenic;Pathogenic;Pathogenic;Pathogenic;Pathogenic;Pathogenic;Pathogenic;Pathogenic;;;;;False;False;False;False;False;False;True;False;False;False;;;False;False;False;False
G;57;K;;;;;;;7.2141113;0.48121646;0.692441372;Uncertain;Uncertain;Uncertain;Uncertain;Uncertain;Uncertain;Uncertain;Uncertain;Uncertain;Uncertain;Uncertain;;;;;False;False;False;False;False;False;False;False;False;False;;;False;False;False;False
G;57;L;;;;;;;10.297546;0.864707854;0.396324444;Uncertain;Uncertain;Pathogenic;Pathogenic;Pathogenic;Pathogenic;Pathogenic;Pathogenic;Pathogenic;Pathogenic;Pathogenic;;;;;False;False;False;False;False;False;True;False;False;False;;;False;False;False;False
G;57;M;;;;;;;9.1328125;0.778705855;0.528541044;Uncertain;Uncertain;Uncertain;Uncertain;Pathogenic;Pathogenic;Pathogenic;Pathogenic;Pathogenic;Uncertain;Pathogenic;;;;;False;False;False;False;False;False;True;False;False;False;;;False;False;False;False
G;57;N;;;;;;;6.1566467;0.359619004;0.653198668;Uncertain;Uncertain;Uncertain;Uncertain;Uncertain;Uncertain;Uncertain;Benign;Benign;Uncertain;Uncertain;;;;;False;False;False;False;False;False;False;False;False;False;;;False;False;False;False
G;57;P;;;;;;;9.479889;0.810387285;0.485660909;Uncertain;Uncertain;Uncertain;Pathogenic;Pathogenic;Pathogenic;Pathogenic;Pathogenic;Pathogenic;Uncertain;Pathogenic;;;;;False;False;False;False;False;False;True;False;False;False;;;False;False;False;False
G;57;Q;;;;;;;8.971191;0.761531902;0.549307693;Uncertain;Uncertain;Uncertain;Uncertain;Pathogenic;Pathogenic;Pathogenic;Pathogenic;Pathogenic;Uncertain;Pathogenic;;;;;False;False;False;False;False;False;True;False;False;False;;;False;False;False;False
G;57;R;;;;;;;8.620636;0.717986482;0.594844967;Uncertain;Uncertain;Uncertain;Uncertain;Uncertain;Pathogenic;Pathogenic;Pathogenic;Pathogenic;Uncertain;Pathogenic;;;;;False;False;False;False;False;False;True;False;False;False;;;False;False;False;False
G;57;S;;;;;;;6.7049255;0.412496791;0.677754415;Uncertain;Uncertain;Uncertain;Uncertain;Uncertain;Uncertain;Uncertain;Uncertain;Benign;Uncertain;Uncertain;;;;;False;False;False;False;False;False;False;False;False;False;;;False;False;False;False
G;57;T;;;;;;;7.5829773;0.54352302;0.689353875;Uncertain;Uncertain;Uncertain;Uncertain;Uncertain;Uncertain;Uncertain;Uncertain;Uncertain;Uncertain;Uncertain;;;;;False;False;False;False;False;False;False;False;False;False;;;False;False;False;False
G;57;V;;;;;;;10.127533;0.855222754;0.413541683;Uncertain;Uncertain;Pathogenic;Pathogenic;Pathogenic;Pathogenic;Pathogenic;Pathogenic;Pathogenic;Uncertain;Pathogenic;;;;;False;False;False;False;False;False;True;False;False;False;;;False;False;False;False
G;57;W;;;;;;;10.917633;0.893445786;0.339249885;Uncertain;Pathogenic;Pathogenic;Pathogenic;Pathogenic;Pathogenic;Pathogenic;Pathogenic;Pathogenic;Pathogenic;Pathogenic;;;;;False;False;False;False;False;False;True;False;False;False;;;False;False;False;False
G;57;Y;;;;;;;10.930115;0.893942603;0.338192139;Uncertain;Pathogenic;Pathogenic;Pathogenic;Pathogenic;Pathogenic;Pathogenic;Pathogenic;Pathogenic;Pathogenic;Pathogenic;;;;;False;False;False;False;False;False;True;False;False;False;;;False;False;False;False
C;58;A;;;;;;;7.3078003;0.496207106;0.693118408;Uncertain;Uncertain;Uncertain;Uncertain;Uncertain;Uncertain;Uncertain;Uncertain;Uncertain;Uncertain;Uncertain;;;;;False;False;False;False;False;False;False;False;False;False;;;False;False;False;False
C;58;C;;;;;;;;;;;;;;;;;;;;;;;;;False;False;False;False;False;False;False;False;False;False;;;False;False;False;False
C;58;D;;;;;;;9.813446;0.835411322;0.447201217;Uncertain;Uncertain;Uncertain;Pathogenic;Pathogenic;Pathogenic;Pathogenic;Pathogenic;Pathogenic;Uncertain;Pathogenic;;;;;False;False;False;False;False;False;True;False;False;False;;;False;False;False;False
C;58;E;;;;;;;10.880463;0.891948938;0.342421111;Uncertain;Pathogenic;Pathogenic;Pathogenic;Pathogenic;Pathogenic;Pathogenic;Pathogenic;Pathogenic;Pathogenic;Pathogenic;;;;;False;False;False;False;False;False;True;False;False;False;;;False;False;False;False
C;58;F;;;;;;;8.049652;0.627674586;0.660181716;Uncertain;Uncertain;Uncertain;Uncertain;Uncertain;Uncertain;Uncertain;Pathogenic;Pathogenic;Uncertain;Uncertain;;;;;False;False;False;False;False;False;False;False;False;False;;;False;False;False;False
C;58;G;;;;;;;6.246063;0.367144124;0.657418222;Uncertain;Uncertain;Uncertain;Uncertain;Uncertain;Uncertain;Uncertain;Benign;Benign;Uncertain;Uncertain;;;;;False;False;False;False;False;False;False;False;False;False;;;False;False;False;False
C;58;H;;;;;;;10.039795;0.850005625;0.42269933;Uncertain;Uncertain;Pathogenic;Pathogenic;Pathogenic;Pathogenic;Pathogenic;Pathogenic;Pathogenic;Uncertain;Pathogenic;;;;;False;False;False;False;False;False;True;False;False;False;;;False;False;False;False
C;58;I;;;;;;;10.928192;0.893866253;0.338354862;Uncertain;Pathogenic;Pathogenic;Pathogenic;Pathogenic;Pathogenic;Pathogenic;Pathogenic;Pathogenic;Pathogenic;Pathogenic;;;;;False;False;False;False;False;False;True;False;False;False;;;False;False;False;False
C;58;K;;;;;;;10.940399;0.894349747;0.337323371;Uncertain;Pathogenic;Pathogenic;Pathogenic;Pathogenic;Pathogenic;Pathogenic;Pathogenic;Pathogenic;Pathogenic;Pathogenic;;;;;False;False;False;False;False;False;True;False;False;False;;;False;False;False;False
C;58;L;;;;;;;8.1362915;0.642729125;0.651831773;Uncertain;Uncertain;Uncertain;Uncertain;Uncertain;Uncertain;Uncertain;Pathogenic;Pathogenic;Uncertain;Pathogenic;;;;;False;False;False;False;False;False;True;False;False;False;;;False;False;False;False
C;58;M;;;;;;;10.864929;0.891315598;0.343755892;Uncertain;Pathogenic;Pathogenic;Pathogenic;Pathogenic;Pathogenic;Pathogenic;Pathogenic;Pathogenic;Pathogenic;Pathogenic;;;;;False;False;False;False;False;False;True;False;False;False;;;False;False;False;False
C;58;N;;;;;;;10.8585205;0.891052968;0.344308176;Uncertain;Pathogenic;Pathogenic;Pathogenic;Pathogenic;Pathogenic;Pathogenic;Pathogenic;Pathogenic;Pathogenic;Pathogenic;;;;;False;False;False;False;False;False;True;False;False;False;;;False;False;False;False
C;58;P;;;;;;;9.475067;0.809990021;0.486237435;Uncertain;Uncertain;Uncertain;Pathogenic;Pathogenic;Pathogenic;Pathogenic;Pathogenic;Pathogenic;Uncertain;Pathogenic;;;;;False;False;False;False;False;False;True;False;False;False;;;False;False;False;False
C;58;Q;;;;;;;10.905365;0.892954637;0.340293016;Uncertain;Pathogenic;Pathogenic;Pathogenic;Pathogenic;Pathogenic;Pathogenic;Pathogenic;Pathogenic;Pathogenic;Pathogenic;;;;;False;False;False;False;False;False;True;False;False;False;;;False;False;False;False
C;58;R;;;;;;;10.859009;0.891073015;0.344266043;Uncertain;Pathogenic;Pathogenic;Pathogenic;Pathogenic;Pathogenic;Pathogenic;Pathogenic;Pathogenic;Pathogenic;Pathogenic;;;;;False;False;False;False;False;False;True;False;False;False;;;False;False;False;False
C;58;S;;;;;;;8.709351;0.729872629;0.583385485;Uncertain;Uncertain;Uncertain;Uncertain;Uncertain;Pathogenic;Pathogenic;Pathogenic;Pathogenic;Uncertain;Pathogenic;;;;;False;False;False;False;False;False;True;False;False;False;;;False;False;False;False
C;58;T;;;;;;;10.083099;0.852609361;0.418156057;Uncertain;Uncertain;Pathogenic;Pathogenic;Pathogenic;Pathogenic;Pathogenic;Pathogenic;Pathogenic;Uncertain;Pathogenic;;;;;False;False;False;False;False;False;True;False;False;False;;;False;False;False;False
C;58;V;;;;;;;10.154327;0.85677086;0.410782283;Uncertain;Uncertain;Pathogenic;Pathogenic;Pathogenic;Pathogenic;Pathogenic;Pathogenic;Pathogenic;Uncertain;Pathogenic;;;;;False;False;False;False;False;False;True;False;False;False;;;False;False;False;False
C;58;W;;;;;;;8.803925;0.741885246;0.571075758;Uncertain;Uncertain;Uncertain;Uncertain;Uncertain;Pathogenic;Pathogenic;Pathogenic;Pathogenic;Uncertain;Pathogenic;;;;;False;False;False;False;False;False;True;False;False;False;;;False;False;False;False
C;58;Y;;;;;;;8.6996765;0.728605718;0.584640698;Uncertain;Uncertain;Uncertain;Uncertain;Uncertain;Pathogenic;Pathogenic;Pathogenic;Pathogenic;Uncertain;Pathogenic;;;;;False;False;False;False;False;False;True;False;False;False;;;False;False;False;False
T;59;A;;;;;;;2.8746338;0.174447739;0.462869048;Uncertain;Uncertain;Uncertain;Benign;Benign;Benign;Benign;Benign;Benign;Uncertain;Benign;;;;;False;False;False;False;False;True;False;False;False;False;;;False;False;False;False
T;59;C;;;;;;;7.881378;0.597585902;0.673978366;Uncertain;Uncertain;Uncertain;Uncertain;Uncertain;Uncertain;Uncertain;Uncertain;Pathogenic;Uncertain;Uncertain;;;;;False;False;False;False;False;False;False;False;False;False;;;False;False;False;False
T;59;D;;;;;;;4.6494446;0.26057912;0.573661787;Uncertain;Uncertain;Uncertain;Uncertain;Uncertain;Benign;Benign;Benign;Benign;Uncertain;Benign;;;;;False;False;False;False;False;True;False;False;False;False;;;False;False;False;False
T;59;E;;;;;;;4.9472046;0.277710732;0.590778172;Uncertain;Uncertain;Uncertain;Uncertain;Uncertain;Benign;Benign;Benign;Benign;Uncertain;Benign;;;;;False;False;False;False;False;True;False;False;False;False;;;False;False;False;False
T;59;F;;;;;;;6.344269;0.375828156;0.661984819;Uncertain;Uncertain;Uncertain;Uncertain;Uncertain;Uncertain;Uncertain;Benign;Benign;Uncertain;Uncertain;;;;;False;False;False;False;False;False;False;False;False;False;;;False;False;False;False
T;59;G;;;;;;;4.379669;0.245736426;0.557602469;Uncertain;Uncertain;Uncertain;Uncertain;Uncertain;Benign;Benign;Benign;Benign;Uncertain;Benign;;;;;False;False;False;False;False;True;False;False;False;False;;;False;False;False;False
T;59;H;;;;;;;6.135132;0.357857553;0.652175538;Uncertain;Uncertain;Uncertain;Uncertain;Uncertain;Uncertain;Uncertain;Benign;Benign;Uncertain;Benign;;;;;False;False;False;False;False;True;False;False;False;False;;;False;False;False;False
T;59;I;;;;;;;1.118103;0.115071459;0.356988816;Uncertain;Benign;Benign;Benign;Benign;Benign;Benign;Benign;Benign;Benign;Benign;;;;;False;False;False;False;False;True;False;False;False;False;;;False;False;False;False
T;59;K;;;;;;;3.6174316;0.207182733;0.510200002;Uncertain;Uncertain;Uncertain;Uncertain;Benign;Benign;Benign;Benign;Benign;Uncertain;Benign;;;;;False;False;False;False;False;True;False;False;False;False;;;False;False;False;False
T;59;L;;;;;;;2.4402466;0.157490151;0.435484442;Uncertain;Uncertain;Benign;Benign;Benign;Benign;Benign;Benign;Benign;Uncertain;Benign;;;;;False;False;False;False;False;True;False;False;False;False;;;False;False;False;False
T;59;M;;;;;;;2.2019043;0.148848845;0.420707085;Uncertain;Uncertain;Benign;Benign;Benign;Benign;Benign;Benign;Benign;Uncertain;Benign;;;;;False;False;False;False;False;True;False;False;False;False;;;False;False;False;False
T;59;N;;;;;;;3.2891235;0.192125406;0.48929019;Uncertain;Uncertain;Uncertain;Benign;Benign;Benign;Benign;Benign;Benign;Uncertain;Benign;;;;;False;False;False;False;False;True;False;False;False;False;;;False;False;False;False
T;59;P;;;;;;;7.3599854;0.504836057;0.693100405;Uncertain;Uncertain;Uncertain;Uncertain;Uncertain;Uncertain;Uncertain;Uncertain;Uncertain;Uncertain;Uncertain;;;;;False;False;False;False;False;False;False;False;False;False;;;False;False;False;False
T;59;Q;;;;;;;4.8855896;0.274098599;0.587292919;Uncertain;Uncertain;Uncertain;Uncertain;Uncertain;Benign;Benign;Benign;Benign;Uncertain;Benign;;;;;False;False;False;False;False;True;False;False;False;False;;;False;False;False;False
T;59;R;;;;;;;6.288025;0.370797711;0.659378871;Uncertain;Uncertain;Uncertain;Uncertain;Uncertain;Uncertain;Uncertain;Benign;Benign;Uncertain;Uncertain;;;;;False;False;False;False;False;False;False;False;False;False;;;False;False;False;False
T;59;S;;;;;;;4.20343;0.236378352;0.546869249;Uncertain;Uncertain;Uncertain;Uncertain;Benign;Benign;Benign;Benign;Benign;Uncertain;Benign;;;;;False;False;False;False;False;True;False;False;False;False;;;False;False;False;False
T;59;T;;;;;;;;;;;;;;;;;;;;;;;;;False;False;False;False;False;False;False;False;False;False;;;False;False;False;False
T;59;V;;;;;;;1.6625977;0.130952682;0.388193711;Uncertain;Uncertain;Benign;Benign;Benign;Benign;Benign;Benign;Benign;Benign;Benign;;;;;False;False;False;False;False;True;False;False;False;False;;;False;False;False;False
T;59;W;;;;;;;7.973755;0.61421531;0.666825133;Uncertain;Uncertain;Uncertain;Uncertain;Uncertain;Uncertain;Uncertain;Uncertain;Pathogenic;Uncertain;Uncertain;;;;;False;False;False;False;False;False;False;False;False;False;;;False;False;False;False
T;59;Y;;;;;;;7.2039795;0.479636224;0.692317584;Uncertain;Uncertain;Uncertain;Uncertain;Uncertain;Uncertain;Uncertain;Uncertain;Uncertain;Uncertain;Uncertain;;;;;False;False;False;False;False;False;False;False;False;False;;;False;False;False;False
S;60;A;;;;;;;5.2008667;0.29298215;0.604800299;Uncertain;Uncertain;Uncertain;Uncertain;Uncertain;Uncertain;Benign;Benign;Benign;Uncertain;Benign;;;;;False;False;False;False;False;True;False;False;False;False;;;False;False;False;False
S;60;C;;;;;;;9.297577;0.794562137;0.507849113;Uncertain;Uncertain;Uncertain;Uncertain;Pathogenic;Pathogenic;Pathogenic;Pathogenic;Pathogenic;Uncertain;Pathogenic;;;;;False;False;False;False;False;False;True;False;False;False;;;False;False;False;False
S;60;D;;;;;;;6.5622864;0.396983889;0.671769771;Uncertain;Uncertain;Uncertain;Uncertain;Uncertain;Uncertain;Uncertain;Uncertain;Benign;Uncertain;Uncertain;;;;;False;False;False;False;False;False;False;False;False;False;;;False;False;False;False
S;60;E;;;;;;;7.977783;0.614934937;0.666489366;Uncertain;Uncertain;Uncertain;Uncertain;Uncertain;Uncertain;Uncertain;Uncertain;Pathogenic;Uncertain;Uncertain;;;;;False;False;False;False;False;False;False;False;False;False;;;False;False;False;False
S;60;F;;;;;;;10.637146;0.881479407;0.363966977;Uncertain;Pathogenic;Pathogenic;Pathogenic;Pathogenic;Pathogenic;Pathogenic;Pathogenic;Pathogenic;Pathogenic;Pathogenic;;;;;False;False;False;False;False;False;True;False;False;False;;;False;False;False;False
S;60;G;;;;;;;5.890259;0.338943118;0.640331964;Uncertain;Uncertain;Uncertain;Uncertain;Uncertain;Uncertain;Uncertain;Benign;Benign;Uncertain;Benign;;;;;False;False;False;False;False;True;False;False;False;False;;;False;False;False;False
S;60;H;;;;;;;9.804169;0.834775403;0.448232784;Uncertain;Uncertain;Uncertain;Pathogenic;Pathogenic;Pathogenic;Pathogenic;Pathogenic;Pathogenic;Uncertain;Pathogenic;;;;;False;False;False;False;False;False;True;False;False;False;;;False;False;False;False
S;60;I;;;;;;;10.641083;0.88165848;0.36360751;Uncertain;Pathogenic;Pathogenic;Pathogenic;Pathogenic;Pathogenic;Pathogenic;Pathogenic;Pathogenic;Pathogenic;Pathogenic;;;;;False;False;False;False;False;False;True;False;False;False;;;False;False;False;False
S;60;K;;;;;;;7.549347;0.537535926;0.690326636;Uncertain;Uncertain;Uncertain;Uncertain;Uncertain;Uncertain;Uncertain;Uncertain;Uncertain;Uncertain;Uncertain;;;;;False;False;False;False;False;False;False;False;False;False;;;False;False;False;False
S;60;L;;;;;;;8.851471;0.747673586;0.564876568;Uncertain;Uncertain;Uncertain;Uncertain;Uncertain;Pathogenic;Pathogenic;Pathogenic;Pathogenic;Uncertain;Pathogenic;;;;;False;False;False;False;False;False;True;False;False;False;;;False;False;False;False
S;60;M;;;;;;;10.601654;0.879850037;0.367223676;Uncertain;Pathogenic;Pathogenic;Pathogenic;Pathogenic;Pathogenic;Pathogenic;Pathogenic;Pathogenic;Pathogenic;Pathogenic;;;;;False;False;False;False;False;False;True;False;False;False;;;False;False;False;False
S;60;N;;;;;;;6.458191;0.386531088;0.667171082;Uncertain;Uncertain;Uncertain;Uncertain;Uncertain;Uncertain;Uncertain;Uncertain;Benign;Uncertain;Uncertain;;;;;False;False;False;False;False;False;False;False;False;False;;;False;False;False;False
S;60;P;;;;;;;10.608459;0.880164549;0.36659701;Uncertain;Pathogenic;Pathogenic;Pathogenic;Pathogenic;Pathogenic;Pathogenic;Pathogenic;Pathogenic;Pathogenic;Pathogenic;;;;;False;False;False;False;False;False;True;False;False;False;;;False;False;False;False
S;60;Q;;;;;;;9.391388;0.802916285;0.496332919;Uncertain;Uncertain;Uncertain;Pathogenic;Pathogenic;Pathogenic;Pathogenic;Pathogenic;Pathogenic;Uncertain;Pathogenic;;;;;False;False;False;False;False;False;True;False;False;False;;;False;False;False;False
S;60;R;;;;;;;8.664368;0.723921262;0.589211591;Uncertain;Uncertain;Uncertain;Uncertain;Uncertain;Pathogenic;Pathogenic;Pathogenic;Pathogenic;Uncertain;Pathogenic;;;;;False;False;False;False;False;False;True;False;False;False;;;False;False;False;False
S;60;S;;;;;;;;;;;;;;;;;;;;;;;;;False;False;False;False;False;False;False;False;False;False;;;False;False;False;False
S;60;T;;;;;;;4.5877075;0.257126674;0.570030001;Uncertain;Uncertain;Uncertain;Uncertain;Uncertain;Benign;Benign;Benign;Benign;Uncertain;Benign;;;;;False;False;False;False;False;True;False;False;False;False;;;False;False;False;False
S;60;V;;;;;;;9.394928;0.803222577;0.495902399;Uncertain;Uncertain;Uncertain;Pathogenic;Pathogenic;Pathogenic;Pathogenic;Pathogenic;Pathogenic;Uncertain;Pathogenic;;;;;False;False;False;False;False;False;True;False;False;False;;;False;False;False;False
S;60;W;;;;;;;10.258636;0.862606238;0.400204051;Uncertain;Uncertain;Pathogenic;Pathogenic;Pathogenic;Pathogenic;Pathogenic;Pathogenic;Pathogenic;Pathogenic;Pathogenic;;;;;False;False;False;False;False;False;True;False;False;False;;;False;False;False;False
S;60;Y;;;;;;;10.551941;0.877521618;0.371834083;Uncertain;Pathogenic;Pathogenic;Pathogenic;Pathogenic;Pathogenic;Pathogenic;Pathogenic;Pathogenic;Pathogenic;Pathogenic;;;;;False;False;False;False;False;False;True;False;False;False;;;False;False;False;False
A;61;A;;;;;;;;;;;;;;;;;;;;;;;;;False;False;False;False;False;False;False;False;False;False;;;False;False;False;False
A;61;C;;;;;;;6.73053;0.415439907;0.678777399;Uncertain;Uncertain;Uncertain;Uncertain;Uncertain;Uncertain;Uncertain;Uncertain;Benign;Uncertain;Uncertain;;;;;False;False;False;False;False;False;False;False;False;False;;;False;False;False;False
A;61;D;;;;;;;9.840576;0.837253103;0.444196918;Uncertain;Uncertain;Uncertain;Pathogenic;Pathogenic;Pathogenic;Pathogenic;Pathogenic;Pathogenic;Uncertain;Pathogenic;;;;;False;False;False;False;False;False;True;False;False;False;;;False;False;False;False
A;61;E;;;;uncertain;3.99E-06;3.99E-06;8.900818;0.753508155;0.55844812;Uncertain;Uncertain;Uncertain;Uncertain;Uncertain;Pathogenic;Pathogenic;Pathogenic;Pathogenic;Uncertain;Pathogenic;8.8602295;0.748721909;0.56373492;Pathogenic;False;False;False;False;False;False;True;False;False;False;uncertain;uncertain;False;False;False;False
A;61;F;;;;;;;7.4993896;0.52872749;0.691495734;Uncertain;Uncertain;Uncertain;Uncertain;Uncertain;Uncertain;Uncertain;Uncertain;Uncertain;Uncertain;Uncertain;;;;;False;False;False;False;False;False;False;False;False;False;;;False;False;False;False
A;61;G;;;;;;;8.196625;0.652977026;0.645584239;Uncertain;Uncertain;Uncertain;Uncertain;Uncertain;Uncertain;Uncertain;Pathogenic;Pathogenic;Uncertain;Pathogenic;;;;;False;False;False;False;False;False;True;False;False;False;;;False;False;False;False
A;61;H;;;;;;;9.833221;0.836756413;0.445009558;Uncertain;Uncertain;Uncertain;Pathogenic;Pathogenic;Pathogenic;Pathogenic;Pathogenic;Pathogenic;Uncertain;Pathogenic;;;;;False;False;False;False;False;False;True;False;False;False;;;False;False;False;False
A;61;I;;;;;;;7.076233;0.460438146;0.690013625;Uncertain;Uncertain;Uncertain;Uncertain;Uncertain;Uncertain;Uncertain;Uncertain;Uncertain;Uncertain;Uncertain;;;;;False;False;False;False;False;False;False;False;False;False;;;False;False;False;False
A;61;K;;;;;;;9.156128;0.781046664;0.525580038;Uncertain;Uncertain;Uncertain;Uncertain;Pathogenic;Pathogenic;Pathogenic;Pathogenic;Pathogenic;Uncertain;Pathogenic;;;;;False;False;False;False;False;False;True;False;False;False;;;False;False;False;False
A;61;L;;;;;;;5.7210083;0.326854808;0.631928851;Uncertain;Uncertain;Uncertain;Uncertain;Uncertain;Uncertain;Benign;Benign;Benign;Uncertain;Benign;;;;;False;False;False;False;False;True;False;False;False;False;;;False;False;False;False
A;61;M;;;;;;;5.716614;0.326549616;0.631708155;Uncertain;Uncertain;Uncertain;Uncertain;Uncertain;Uncertain;Benign;Benign;Benign;Uncertain;Benign;;;;;False;False;False;False;False;True;False;False;False;False;;;False;False;False;False
A;61;N;;;;;;;9.0425415;0.769322894;0.540093203;Uncertain;Uncertain;Uncertain;Uncertain;Pathogenic;Pathogenic;Pathogenic;Pathogenic;Pathogenic;Uncertain;Pathogenic;;;;;False;False;False;False;False;False;True;False;False;False;;;False;False;False;False
A;61;P;;;;;;;9.906433;0.841615647;0.436981031;Uncertain;Uncertain;Pathogenic;Pathogenic;Pathogenic;Pathogenic;Pathogenic;Pathogenic;Pathogenic;Uncertain;Pathogenic;;;;;False;False;False;False;False;False;True;False;False;False;;;False;False;False;False
A;61;Q;;;;;;;10.682526;0.883523586;0.359845201;Uncertain;Pathogenic;Pathogenic;Pathogenic;Pathogenic;Pathogenic;Pathogenic;Pathogenic;Pathogenic;Pathogenic;Pathogenic;;;;;False;False;False;False;False;False;True;False;False;False;;;False;False;False;False
A;61;R;;;;;;;9.922394;0.842650475;0.435248536;Uncertain;Uncertain;Pathogenic;Pathogenic;Pathogenic;Pathogenic;Pathogenic;Pathogenic;Pathogenic;Uncertain;Pathogenic;;;;;False;False;False;False;False;False;True;False;False;False;;;False;False;False;False
A;61;S;;;;;;;4.3159485;0.242322216;0.553741948;Uncertain;Uncertain;Uncertain;Uncertain;Uncertain;Benign;Benign;Benign;Benign;Uncertain;Benign;;;;;False;False;False;False;False;True;False;False;False;False;;;False;False;False;False
A;61;T;;;;;;;2.2328796;0.149945893;0.422615223;Uncertain;Uncertain;Benign;Benign;Benign;Benign;Benign;Benign;Benign;Uncertain;Benign;;;;;False;False;False;False;False;True;False;False;False;False;;;False;False;False;False
A;61;V;;;;uncertain;;;6.009186;0.347887539;0.646129126;Uncertain;Uncertain;Uncertain;Uncertain;Uncertain;Uncertain;Uncertain;Benign;Benign;Uncertain;Benign;6.0048523;0.347554108;0.645919374;Benign;False;False;False;False;False;True;False;False;False;False;uncertain;uncertain;False;False;False;False
A;61;W;;;;;;;9.163971;0.78182666;0.524586277;Uncertain;Uncertain;Uncertain;Uncertain;Pathogenic;Pathogenic;Pathogenic;Pathogenic;Pathogenic;Uncertain;Pathogenic;;;;;False;False;False;False;False;False;True;False;False;False;;;False;False;False;False
A;61;Y;;;;;;;9.772003;0.832545866;0.451826358;Uncertain;Uncertain;Uncertain;Pathogenic;Pathogenic;Pathogenic;Pathogenic;Pathogenic;Pathogenic;Uncertain;Pathogenic;;;;;False;False;False;False;False;False;True;False;False;False;;;False;False;False;False
G;62;A;;;;;;;5.647644;0.321810545;0.62822667;Uncertain;Uncertain;Uncertain;Uncertain;Uncertain;Uncertain;Benign;Benign;Benign;Uncertain;Benign;;;;;False;False;False;False;False;True;False;False;False;False;;;False;False;False;False
G;62;C;;;;;;;7.4688416;0.523398937;0.69205176;Uncertain;Uncertain;Uncertain;Uncertain;Uncertain;Uncertain;Uncertain;Uncertain;Uncertain;Uncertain;Uncertain;;;;;False;False;False;False;False;False;False;False;False;False;;;False;False;False;False
G;62;D;;;;;;;10.92453;0.893720666;0.338664975;Uncertain;Pathogenic;Pathogenic;Pathogenic;Pathogenic;Pathogenic;Pathogenic;Pathogenic;Pathogenic;Pathogenic;Pathogenic;;;;;False;False;False;False;False;False;True;False;False;False;;;False;False;False;False
G;62;E;;;;;;;9.400848;0.803733377;0.495183103;Uncertain;Uncertain;Uncertain;Pathogenic;Pathogenic;Pathogenic;Pathogenic;Pathogenic;Pathogenic;Uncertain;Pathogenic;;;;;False;False;False;False;False;False;True;False;False;False;;;False;False;False;False
G;62;F;;;;;;;10.966858;0.895388238;0.33509947;Uncertain;Pathogenic;Pathogenic;Pathogenic;Pathogenic;Pathogenic;Pathogenic;Pathogenic;Pathogenic;Pathogenic;Pathogenic;;;;;False;False;False;False;False;False;True;False;False;False;;;False;False;False;False
G;62;G;;;;;;;;;;;;;;;;;;;;;;;;;False;False;False;False;False;False;False;False;False;False;;;False;False;False;False
G;62;H;;;;;;;10.977386;0.895797861;0.334219113;Uncertain;Pathogenic;Pathogenic;Pathogenic;Pathogenic;Pathogenic;Pathogenic;Pathogenic;Pathogenic;Pathogenic;Pathogenic;;;;;False;False;False;False;False;False;True;False;False;False;;;False;False;False;False
G;62;I;;;;;;;10.945801;0.894562824;0.336868007;Uncertain;Pathogenic;Pathogenic;Pathogenic;Pathogenic;Pathogenic;Pathogenic;Pathogenic;Pathogenic;Pathogenic;Pathogenic;;;;;False;False;False;False;False;False;True;False;False;False;;;False;False;False;False
G;62;K;;;;;;;7.632141;0.552343736;0.687657394;Uncertain;Uncertain;Uncertain;Uncertain;Uncertain;Uncertain;Uncertain;Uncertain;Uncertain;Uncertain;Uncertain;;;;;False;False;False;False;False;False;False;False;False;False;;;False;False;False;False
G;62;L;;;;;;;6.7005615;0.412000166;0.677578273;Uncertain;Uncertain;Uncertain;Uncertain;Uncertain;Uncertain;Uncertain;Uncertain;Benign;Uncertain;Uncertain;;;;;False;False;False;False;False;False;False;False;False;False;;;False;False;False;False
G;62;M;;;;;;;10.3888855;0.869488714;0.387357485;Uncertain;Uncertain;Pathogenic;Pathogenic;Pathogenic;Pathogenic;Pathogenic;Pathogenic;Pathogenic;Pathogenic;Pathogenic;;;;;False;False;False;False;False;False;True;False;False;False;;;False;False;False;False
G;62;N;;;;;;;10.954742;0.894914304;0.33611581;Uncertain;Pathogenic;Pathogenic;Pathogenic;Pathogenic;Pathogenic;Pathogenic;Pathogenic;Pathogenic;Pathogenic;Pathogenic;;;;;False;False;False;False;False;False;True;False;False;False;;;False;False;False;False
G;62;P;;;;;;;10.896027;0.892578888;0.341089349;Uncertain;Pathogenic;Pathogenic;Pathogenic;Pathogenic;Pathogenic;Pathogenic;Pathogenic;Pathogenic;Pathogenic;Pathogenic;;;;;False;False;False;False;False;False;True;False;False;False;;;False;False;False;False
G;62;Q;;;;;;;9.559631;0.816800293;0.476210831;Uncertain;Uncertain;Uncertain;Pathogenic;Pathogenic;Pathogenic;Pathogenic;Pathogenic;Pathogenic;Uncertain;Pathogenic;;;;;False;False;False;False;False;False;True;False;False;False;;;False;False;False;False
G;62;R;;;;;;;9.254791;0.790594498;0.513167939;Uncertain;Uncertain;Uncertain;Uncertain;Pathogenic;Pathogenic;Pathogenic;Pathogenic;Pathogenic;Uncertain;Pathogenic;;;;;False;False;False;False;False;False;True;False;False;False;;;False;False;False;False
G;62;S;;;;;;;8.829742;0.745048769;0.567709539;Uncertain;Uncertain;Uncertain;Uncertain;Uncertain;Pathogenic;Pathogenic;Pathogenic;Pathogenic;Uncertain;Pathogenic;;;;;False;False;False;False;False;False;True;False;False;False;;;False;False;False;False
G;62;T;;;;;;;9.993591;0.84716371;0.427597534;Uncertain;Uncertain;Pathogenic;Pathogenic;Pathogenic;Pathogenic;Pathogenic;Pathogenic;Pathogenic;Uncertain;Pathogenic;;;;;False;False;False;False;False;False;True;False;False;False;;;False;False;False;False
G;62;V;;;;;;;10.96283;0.895230978;0.335436977;Uncertain;Pathogenic;Pathogenic;Pathogenic;Pathogenic;Pathogenic;Pathogenic;Pathogenic;Pathogenic;Pathogenic;Pathogenic;;;;;False;False;False;False;False;False;True;False;False;False;;;False;False;False;False
G;62;W;;;;;;;10.972504;0.895608165;0.334627028;Uncertain;Pathogenic;Pathogenic;Pathogenic;Pathogenic;Pathogenic;Pathogenic;Pathogenic;Pathogenic;Pathogenic;Pathogenic;;;;;False;False;False;False;False;False;True;False;False;False;;;False;False;False;False
G;62;Y;;;;;;;10.963776;0.895267938;0.335357677;Uncertain;Pathogenic;Pathogenic;Pathogenic;Pathogenic;Pathogenic;Pathogenic;Pathogenic;Pathogenic;Pathogenic;Pathogenic;;;;;False;False;False;False;False;False;True;False;False;False;;;False;False;False;False
P;63;A;;;;;;;0.7276001;0.104925196;0.335771891;Uncertain;Benign;Benign;Benign;Benign;Benign;Benign;Benign;Benign;Benign;Benign;;;;;False;False;False;False;False;True;False;False;False;False;;;False;False;False;False
P;63;C;;;;;;;8.35495;0.678777525;0.627787493;Uncertain;Uncertain;Uncertain;Uncertain;Uncertain;Uncertain;Pathogenic;Pathogenic;Pathogenic;Uncertain;Pathogenic;;;;;False;False;False;False;False;False;True;False;False;False;;;False;False;False;False
P;63;D;;;;;;;4.198578;0.236124482;0.546571373;Uncertain;Uncertain;Uncertain;Uncertain;Benign;Benign;Benign;Benign;Benign;Uncertain;Benign;;;;;False;False;False;False;False;True;False;False;False;False;;;False;False;False;False
P;63;E;;;;;;;3.6634827;0.209369638;0.513120289;Uncertain;Uncertain;Uncertain;Uncertain;Benign;Benign;Benign;Benign;Benign;Uncertain;Benign;;;;;False;False;False;False;False;True;False;False;False;False;;;False;False;False;False
P;63;F;;;;;;;7.299225;0.494807572;0.693093257;Uncertain;Uncertain;Uncertain;Uncertain;Uncertain;Uncertain;Uncertain;Uncertain;Uncertain;Uncertain;Uncertain;;;;;False;False;False;False;False;False;False;False;False;False;;;False;False;False;False
P;63;G;;;;;;;1.1810303;0.116800746;0.360501862;Uncertain;Benign;Benign;Benign;Benign;Benign;Benign;Benign;Benign;Benign;Benign;;;;;False;False;False;False;False;True;False;False;False;False;;;False;False;False;False
P;63;H;;;;;;;7.096161;0.463342556;0.690457231;Uncertain;Uncertain;Uncertain;Uncertain;Uncertain;Uncertain;Uncertain;Uncertain;Uncertain;Uncertain;Uncertain;;;;;False;False;False;False;False;False;False;False;False;False;;;False;False;False;False
P;63;I;;;;;;;7.7392883;0.571756478;0.682813552;Uncertain;Uncertain;Uncertain;Uncertain;Uncertain;Uncertain;Uncertain;Uncertain;Pathogenic;Uncertain;Uncertain;;;;;False;False;False;False;False;False;False;False;False;False;;;False;False;False;False
P;63;K;;;;;;;5.568878;0.316507756;0.624209025;Uncertain;Uncertain;Uncertain;Uncertain;Uncertain;Uncertain;Benign;Benign;Benign;Uncertain;Benign;;;;;False;False;False;False;False;True;False;False;False;False;;;False;False;False;False
P;63;L;;;;;;;6.0321045;0.349660976;0.647236517;Uncertain;Uncertain;Uncertain;Uncertain;Uncertain;Uncertain;Uncertain;Benign;Benign;Uncertain;Benign;;;;;False;False;False;False;False;True;False;False;False;False;;;False;False;False;False
P;63;M;;;;;;;6.4461365;0.385363809;0.666629022;Uncertain;Uncertain;Uncertain;Uncertain;Uncertain;Uncertain;Uncertain;Uncertain;Benign;Uncertain;Uncertain;;;;;False;False;False;False;False;False;False;False;False;False;;;False;False;False;False
P;63;N;;;;;;;5.509735;0.312595901;0.621161967;Uncertain;Uncertain;Uncertain;Uncertain;Uncertain;Uncertain;Benign;Benign;Benign;Uncertain;Benign;;;;;False;False;False;False;False;True;False;False;False;False;;;False;False;False;False
P;63;P;;;;;;;;;;;;;;;;;;;;;;;;;False;False;False;False;False;False;False;False;False;False;;;False;False;False;False
P;63;Q;;;;;;;6.3053284;0.372328621;0.660183391;Uncertain;Uncertain;Uncertain;Uncertain;Uncertain;Uncertain;Uncertain;Benign;Benign;Uncertain;Uncertain;;;;;False;False;False;False;False;False;False;False;False;False;;;False;False;False;False
P;63;R;;;;;;;7.4636536;0.522498729;0.692134453;Uncertain;Uncertain;Uncertain;Uncertain;Uncertain;Uncertain;Uncertain;Uncertain;Uncertain;Uncertain;Uncertain;;;;;False;False;False;False;False;False;False;False;False;False;;;False;False;False;False
P;63;S;;;;;;;2.0331726;0.143007037;0.4103848;Uncertain;Uncertain;Benign;Benign;Benign;Benign;Benign;Benign;Benign;Uncertain;Benign;;;;;False;False;False;False;False;True;False;False;False;False;;;False;False;False;False
P;63;T;;;;;;;5.1213074;0.288119669;0.600459467;Uncertain;Uncertain;Uncertain;Uncertain;Uncertain;Uncertain;Benign;Benign;Benign;Uncertain;Benign;;;;;False;False;False;False;False;True;False;False;False;False;;;False;False;False;False
P;63;V;;;;;;;6.840149;0.428625147;0.682923553;Uncertain;Uncertain;Uncertain;Uncertain;Uncertain;Uncertain;Uncertain;Uncertain;Benign;Uncertain;Uncertain;;;;;False;False;False;False;False;False;False;False;False;False;;;False;False;False;False
P;63;W;;;;;;;8.302246;0.670376751;0.633911505;Uncertain;Uncertain;Uncertain;Uncertain;Uncertain;Uncertain;Pathogenic;Pathogenic;Pathogenic;Uncertain;Pathogenic;;;;;False;False;False;False;False;False;True;False;False;False;;;False;False;False;False
P;63;Y;;;;;;;8.16864;0.648249697;0.648523417;Uncertain;Uncertain;Uncertain;Uncertain;Uncertain;Uncertain;Uncertain;Pathogenic;Pathogenic;Uncertain;Pathogenic;;;;;False;False;False;False;False;False;True;False;False;False;;;False;False;False;False
H;64;A;;;;;;;11.599823;0.916638908;0.286902541;Pathogenic;Pathogenic;Pathogenic;Pathogenic;Pathogenic;Pathogenic;Pathogenic;Pathogenic;Pathogenic;Pathogenic;Pathogenic;;;;;False;False;False;False;False;False;True;False;False;False;;;False;False;False;False
H;64;C;;;;;;;11.581268;0.916108283;0.288172892;Pathogenic;Pathogenic;Pathogenic;Pathogenic;Pathogenic;Pathogenic;Pathogenic;Pathogenic;Pathogenic;Pathogenic;Pathogenic;;;;;False;False;False;False;False;False;True;False;False;False;;;False;False;False;False
H;64;D;;;;;;;11.742126;0.920532936;0.277465824;Pathogenic;Pathogenic;Pathogenic;Pathogenic;Pathogenic;Pathogenic;Pathogenic;Pathogenic;Pathogenic;Pathogenic;Pathogenic;;;;;False;False;False;False;False;False;True;False;False;False;;;False;False;False;False
H;64;E;;;;;;;11.664154;0.918437581;0.282568854;Pathogenic;Pathogenic;Pathogenic;Pathogenic;Pathogenic;Pathogenic;Pathogenic;Pathogenic;Pathogenic;Pathogenic;Pathogenic;;;;;False;False;False;False;False;False;True;False;False;False;;;False;False;False;False
H;64;F;;;;;;;11.609253;0.916906545;0.286260403;Pathogenic;Pathogenic;Pathogenic;Pathogenic;Pathogenic;Pathogenic;Pathogenic;Pathogenic;Pathogenic;Pathogenic;Pathogenic;;;;;False;False;False;False;False;False;True;False;False;False;;;False;False;False;False
H;64;G;;;;;;;11.597626;0.916576357;0.287052484;Pathogenic;Pathogenic;Pathogenic;Pathogenic;Pathogenic;Pathogenic;Pathogenic;Pathogenic;Pathogenic;Pathogenic;Pathogenic;;;;;False;False;False;False;False;False;True;False;False;False;;;False;False;False;False
H;64;H;;;;;;;;;;;;;;;;;;;;;;;;;False;False;False;False;False;False;False;False;False;False;;;False;False;False;False
H;64;I;;;;;;;7.7106934;0.566558845;0.684260666;Uncertain;Uncertain;Uncertain;Uncertain;Uncertain;Uncertain;Uncertain;Uncertain;Pathogenic;Uncertain;Uncertain;;;;;False;False;False;False;False;False;False;False;False;False;;;False;False;False;False
H;64;K;;;;;;;11.631134;0.917522287;0.284779488;Pathogenic;Pathogenic;Pathogenic;Pathogenic;Pathogenic;Pathogenic;Pathogenic;Pathogenic;Pathogenic;Pathogenic;Pathogenic;;;;;False;False;False;False;False;False;True;False;False;False;;;False;False;False;False
H;64;L;;;;;;;11.609375;0.916909998;0.286252111;Pathogenic;Pathogenic;Pathogenic;Pathogenic;Pathogenic;Pathogenic;Pathogenic;Pathogenic;Pathogenic;Pathogenic;Pathogenic;;;;;False;False;False;False;False;False;True;False;False;False;;;False;False;False;False
H;64;M;;;;;;;11.599609;0.916632818;0.286917141;Pathogenic;Pathogenic;Pathogenic;Pathogenic;Pathogenic;Pathogenic;Pathogenic;Pathogenic;Pathogenic;Pathogenic;Pathogenic;;;;;False;False;False;False;False;False;True;False;False;False;;;False;False;False;False
H;64;N;;;;;;;11.600006;0.916644115;0.286890057;Pathogenic;Pathogenic;Pathogenic;Pathogenic;Pathogenic;Pathogenic;Pathogenic;Pathogenic;Pathogenic;Pathogenic;Pathogenic;;;;;False;False;False;False;False;False;True;False;False;False;;;False;False;False;False
H;64;P;;;;;;;9.552002;0.816199274;0.477108039;Uncertain;Uncertain;Uncertain;Pathogenic;Pathogenic;Pathogenic;Pathogenic;Pathogenic;Pathogenic;Uncertain;Pathogenic;;;;;False;False;False;False;False;False;True;False;False;False;;;False;False;False;False
H;64;Q;;;;;;;11.647949;0.917990475;0.283650103;Pathogenic;Pathogenic;Pathogenic;Pathogenic;Pathogenic;Pathogenic;Pathogenic;Pathogenic;Pathogenic;Pathogenic;Pathogenic;;;;;False;False;False;False;False;False;True;False;False;False;;;False;False;False;False
H;64;R;;;;;;;11.683838;0.91897528;0.281264987;Pathogenic;Pathogenic;Pathogenic;Pathogenic;Pathogenic;Pathogenic;Pathogenic;Pathogenic;Pathogenic;Pathogenic;Pathogenic;;;;;False;False;False;False;False;False;True;False;False;False;;;False;False;False;False
H;64;S;;;;;;;11.636597;0.917674871;0.284411736;Pathogenic;Pathogenic;Pathogenic;Pathogenic;Pathogenic;Pathogenic;Pathogenic;Pathogenic;Pathogenic;Pathogenic;Pathogenic;;;;;False;False;False;False;False;False;True;False;False;False;;;False;False;False;False
H;64;T;;;;;;;11.561523;0.915537777;0.289534635;Pathogenic;Pathogenic;Pathogenic;Pathogenic;Pathogenic;Pathogenic;Pathogenic;Pathogenic;Pathogenic;Pathogenic;Pathogenic;;;;;False;False;False;False;False;False;True;False;False;False;;;False;False;False;False
H;64;V;;;;;;;8.971069;0.761518288;0.5493235;Uncertain;Uncertain;Uncertain;Uncertain;Pathogenic;Pathogenic;Pathogenic;Pathogenic;Pathogenic;Uncertain;Pathogenic;;;;;False;False;False;False;False;False;True;False;False;False;;;False;False;False;False
H;64;W;;;;;;;11.534332;0.914742217;0.291426539;Pathogenic;Pathogenic;Pathogenic;Pathogenic;Pathogenic;Pathogenic;Pathogenic;Pathogenic;Pathogenic;Pathogenic;Pathogenic;;;;;False;False;False;False;False;False;True;False;False;False;;;False;False;False;False
H;64;Y;;;;;;;9.726257;0.829307726;0.456982205;Uncertain;Uncertain;Uncertain;Pathogenic;Pathogenic;Pathogenic;Pathogenic;Pathogenic;Pathogenic;Uncertain;Pathogenic;;;;;False;False;False;False;False;False;True;False;False;False;;;False;False;False;False
F;65;A;;;;;;;10.154114;0.856758635;0.41080415;Uncertain;Uncertain;Pathogenic;Pathogenic;Pathogenic;Pathogenic;Pathogenic;Pathogenic;Pathogenic;Uncertain;Pathogenic;;;;;False;False;False;False;False;False;True;False;False;False;;;False;False;False;False
F;65;C;;;;;;;10.261658;0.862770892;0.399901451;Uncertain;Uncertain;Pathogenic;Pathogenic;Pathogenic;Pathogenic;Pathogenic;Pathogenic;Pathogenic;Pathogenic;Pathogenic;;;;;False;False;False;False;False;False;True;False;False;False;;;False;False;False;False
F;65;D;;;;;;;10.1128845;0.854367613;0.415057606;Uncertain;Uncertain;Pathogenic;Pathogenic;Pathogenic;Pathogenic;Pathogenic;Pathogenic;Pathogenic;Uncertain;Pathogenic;;;;;False;False;False;False;False;False;True;False;False;False;;;False;False;False;False
F;65;E;;;;;;;10.201477;0.859445683;0.405968457;Uncertain;Uncertain;Pathogenic;Pathogenic;Pathogenic;Pathogenic;Pathogenic;Pathogenic;Pathogenic;Pathogenic;Pathogenic;;;;;False;False;False;False;False;False;True;False;False;False;;;False;False;False;False
F;65;F;;;;;;;;;;;;;;;;;;;;;;;;;False;False;False;False;False;False;False;False;False;False;;;False;False;False;False
F;65;G;;;;;;;10.131989;0.855481646;0.413081577;Uncertain;Uncertain;Pathogenic;Pathogenic;Pathogenic;Pathogenic;Pathogenic;Pathogenic;Pathogenic;Uncertain;Pathogenic;;;;;False;False;False;False;False;False;True;False;False;False;;;False;False;False;False
F;65;H;;;;;;;8.426941;0.689929015;0.619157449;Uncertain;Uncertain;Uncertain;Uncertain;Uncertain;Uncertain;Pathogenic;Pathogenic;Pathogenic;Uncertain;Pathogenic;;;;;False;False;False;False;False;False;True;False;False;False;;;False;False;False;False
F;65;I;;;;;;;10.210876;0.859971495;0.405015227;Uncertain;Uncertain;Pathogenic;Pathogenic;Pathogenic;Pathogenic;Pathogenic;Pathogenic;Pathogenic;Pathogenic;Pathogenic;;;;;False;False;False;False;False;False;True;False;False;False;;;False;False;False;False
F;65;K;;;;;;;10.187653;0.858667888;0.407374304;Uncertain;Uncertain;Pathogenic;Pathogenic;Pathogenic;Pathogenic;Pathogenic;Pathogenic;Pathogenic;Pathogenic;Pathogenic;;;;;False;False;False;False;False;False;True;False;False;False;;;False;False;False;False
F;65;L;;;;;;;5.09375;0.286451426;0.598943693;Uncertain;Uncertain;Uncertain;Uncertain;Uncertain;Uncertain;Benign;Benign;Benign;Uncertain;Benign;;;;;False;False;False;False;False;True;False;False;False;False;;;False;False;False;False
F;65;M;;;;;;;9.493195;0.811477812;0.484073013;Uncertain;Uncertain;Uncertain;Pathogenic;Pathogenic;Pathogenic;Pathogenic;Pathogenic;Pathogenic;Uncertain;Pathogenic;;;;;False;False;False;False;False;False;True;False;False;False;;;False;False;False;False
F;65;N;;;;;;;10.205627;0.859678148;0.405547311;Uncertain;Uncertain;Pathogenic;Pathogenic;Pathogenic;Pathogenic;Pathogenic;Pathogenic;Pathogenic;Pathogenic;Pathogenic;;;;;False;False;False;False;False;False;True;False;False;False;;;False;False;False;False
F;65;P;;;;;;;10.230194;0.861044621;0.403062654;Uncertain;Uncertain;Pathogenic;Pathogenic;Pathogenic;Pathogenic;Pathogenic;Pathogenic;Pathogenic;Pathogenic;Pathogenic;;;;;False;False;False;False;False;False;True;False;False;False;;;False;False;False;False
F;65;Q;;;;;;;10.240051;0.861588282;0.402069783;Uncertain;Uncertain;Pathogenic;Pathogenic;Pathogenic;Pathogenic;Pathogenic;Pathogenic;Pathogenic;Pathogenic;Pathogenic;;;;;False;False;False;False;False;False;True;False;False;False;;;False;False;False;False
F;65;R;;;;;;;10.214111;0.860151911;0.404687627;Uncertain;Uncertain;Pathogenic;Pathogenic;Pathogenic;Pathogenic;Pathogenic;Pathogenic;Pathogenic;Pathogenic;Pathogenic;;;;;False;False;False;False;False;False;True;False;False;False;;;False;False;False;False
F;65;S;;;;;;;9.086151;0.773920263;0.53449588;Uncertain;Uncertain;Uncertain;Uncertain;Pathogenic;Pathogenic;Pathogenic;Pathogenic;Pathogenic;Uncertain;Pathogenic;;;;;False;False;False;False;False;False;True;False;False;False;;;False;False;False;False
F;65;T;;;;;;;10.149445;0.856490322;0.411283769;Uncertain;Uncertain;Pathogenic;Pathogenic;Pathogenic;Pathogenic;Pathogenic;Pathogenic;Pathogenic;Uncertain;Pathogenic;;;;;False;False;False;False;False;False;True;False;False;False;;;False;False;False;False
F;65;V;;;;;;;9.771362;0.832501044;0.451898237;Uncertain;Uncertain;Uncertain;Pathogenic;Pathogenic;Pathogenic;Pathogenic;Pathogenic;Pathogenic;Uncertain;Pathogenic;;;;;False;False;False;False;False;False;True;False;False;False;;;False;False;False;False
F;65;W;;;;;;;6.308319;0.372594693;0.660322193;Uncertain;Uncertain;Uncertain;Uncertain;Uncertain;Uncertain;Uncertain;Benign;Benign;Uncertain;Uncertain;;;;;False;False;False;False;False;False;False;False;False;False;;;False;False;False;False
F;65;Y;;;;;;;1.8404541;0.136607358;0.39875673;Uncertain;Uncertain;Benign;Benign;Benign;Benign;Benign;Benign;Benign;Benign;Benign;;;;;False;False;False;False;False;True;False;False;False;False;;;False;False;False;False
N;66;A;;;;;;;10.743652;0.886209266;0.354368117;Uncertain;Pathogenic;Pathogenic;Pathogenic;Pathogenic;Pathogenic;Pathogenic;Pathogenic;Pathogenic;Pathogenic;Pathogenic;;;;;False;False;False;False;False;False;True;False;False;False;;;False;False;False;False
N;66;C;;;;;;;11.784668;0.921637325;0.274752129;Pathogenic;Pathogenic;Pathogenic;Pathogenic;Pathogenic;Pathogenic;Pathogenic;Pathogenic;Pathogenic;Pathogenic;Pathogenic;;;;;False;False;False;False;False;False;True;False;False;False;;;False;False;False;False
N;66;D;;;;;;;6.112213;0.3560008;0.651082434;Uncertain;Uncertain;Uncertain;Uncertain;Uncertain;Uncertain;Uncertain;Benign;Benign;Uncertain;Benign;;;;;False;False;False;False;False;True;False;False;False;False;;;False;False;False;False
N;66;E;;;;;;;11.87204;0.923820051;0.269338868;Pathogenic;Pathogenic;Pathogenic;Pathogenic;Pathogenic;Pathogenic;Pathogenic;Pathogenic;Pathogenic;Pathogenic;Pathogenic;;;;;False;False;False;False;False;False;True;False;False;False;;;False;False;False;False
N;66;F;;;;;;;11.702576;0.919481652;0.280033535;Pathogenic;Pathogenic;Pathogenic;Pathogenic;Pathogenic;Pathogenic;Pathogenic;Pathogenic;Pathogenic;Pathogenic;Pathogenic;;;;;False;False;False;False;False;False;True;False;False;False;;;False;False;False;False
N;66;G;;;;;;;11.9021;0.924544534;0.26752724;Pathogenic;Pathogenic;Pathogenic;Pathogenic;Pathogenic;Pathogenic;Pathogenic;Pathogenic;Pathogenic;Pathogenic;Pathogenic;;;;;False;False;False;False;False;False;True;False;False;False;;;False;False;False;False
N;66;H;;;;;;;11.795898;0.921924301;0.27404422;Pathogenic;Pathogenic;Pathogenic;Pathogenic;Pathogenic;Pathogenic;Pathogenic;Pathogenic;Pathogenic;Pathogenic;Pathogenic;;;;;False;False;False;False;False;False;True;False;False;False;;;False;False;False;False
N;66;I;;;;;;;9.860779;0.838607522;0.441971729;Uncertain;Uncertain;Uncertain;Pathogenic;Pathogenic;Pathogenic;Pathogenic;Pathogenic;Pathogenic;Uncertain;Pathogenic;;;;;False;False;False;False;False;False;True;False;False;False;;;False;False;False;False
N;66;K;;;;;;;11.924713;0.925080623;0.266181867;Pathogenic;Pathogenic;Pathogenic;Pathogenic;Pathogenic;Pathogenic;Pathogenic;Pathogenic;Pathogenic;Pathogenic;Pathogenic;;;;;False;False;False;False;False;False;True;False;False;False;;;False;False;False;False
N;66;L;;;;;;;11.714752;0.919807832;0.279238461;Pathogenic;Pathogenic;Pathogenic;Pathogenic;Pathogenic;Pathogenic;Pathogenic;Pathogenic;Pathogenic;Pathogenic;Pathogenic;;;;;False;False;False;False;False;False;True;False;False;False;;;False;False;False;False
N;66;M;;;;;;;11.8927;0.924319437;0.268090918;Pathogenic;Pathogenic;Pathogenic;Pathogenic;Pathogenic;Pathogenic;Pathogenic;Pathogenic;Pathogenic;Pathogenic;Pathogenic;;;;;False;False;False;False;False;False;True;False;False;False;;;False;False;False;False
N;66;N;;;;;;;;;;;;;;;;;;;;;;;;;False;False;False;False;False;False;False;False;False;False;;;False;False;False;False
N;66;P;;;;;;;11.758179;0.920952883;0.27643591;Pathogenic;Pathogenic;Pathogenic;Pathogenic;Pathogenic;Pathogenic;Pathogenic;Pathogenic;Pathogenic;Pathogenic;Pathogenic;;;;;False;False;False;False;False;False;True;False;False;False;;;False;False;False;False
N;66;Q;;;;;;;11.849457;0.923266868;0.270717123;Pathogenic;Pathogenic;Pathogenic;Pathogenic;Pathogenic;Pathogenic;Pathogenic;Pathogenic;Pathogenic;Pathogenic;Pathogenic;;;;;False;False;False;False;False;False;True;False;False;False;;;False;False;False;False
N;66;R;;;;;;;11.837097;0.922960864;0.271477674;Pathogenic;Pathogenic;Pathogenic;Pathogenic;Pathogenic;Pathogenic;Pathogenic;Pathogenic;Pathogenic;Pathogenic;Pathogenic;;;;;False;False;False;False;False;False;True;False;False;False;;;False;False;False;False
N;66;S;;;;;;;8.758728;0.736228163;0.576965284;Uncertain;Uncertain;Uncertain;Uncertain;Uncertain;Pathogenic;Pathogenic;Pathogenic;Pathogenic;Uncertain;Pathogenic;;;;;False;False;False;False;False;False;True;False;False;False;;;False;False;False;False
N;66;T;;;;;;;11.797943;0.921976355;0.27391569;Pathogenic;Pathogenic;Pathogenic;Pathogenic;Pathogenic;Pathogenic;Pathogenic;Pathogenic;Pathogenic;Pathogenic;Pathogenic;;;;;False;False;False;False;False;False;True;False;False;False;;;False;False;False;False
N;66;V;;;;;;;11.806549;0.922194725;0.273376091;Pathogenic;Pathogenic;Pathogenic;Pathogenic;Pathogenic;Pathogenic;Pathogenic;Pathogenic;Pathogenic;Pathogenic;Pathogenic;;;;;False;False;False;False;False;False;True;False;False;False;;;False;False;False;False
N;66;W;;;;;;;11.751678;0.920783286;0.276852135;Pathogenic;Pathogenic;Pathogenic;Pathogenic;Pathogenic;Pathogenic;Pathogenic;Pathogenic;Pathogenic;Pathogenic;Pathogenic;;;;;False;False;False;False;False;False;True;False;False;False;;;False;False;False;False
N;66;Y;;;;;;;11.783783;0.921614629;0.274808067;Pathogenic;Pathogenic;Pathogenic;Pathogenic;Pathogenic;Pathogenic;Pathogenic;Pathogenic;Pathogenic;Pathogenic;Pathogenic;;;;;False;False;False;False;False;False;True;False;False;False;;;False;False;False;False
P;67;A;;;;;;;8.552063;0.708383313;0.603592898;Uncertain;Uncertain;Uncertain;Uncertain;Uncertain;Uncertain;Pathogenic;Pathogenic;Pathogenic;Uncertain;Pathogenic;;;;;False;False;False;False;False;False;True;False;False;False;;;False;False;False;False
P;67;C;;;;;;;11.278748;0.906691271;0.310126903;Uncertain;Pathogenic;Pathogenic;Pathogenic;Pathogenic;Pathogenic;Pathogenic;Pathogenic;Pathogenic;Pathogenic;Pathogenic;;;;;False;False;False;False;False;False;True;False;False;False;;;False;False;False;False
P;67;D;;;;;;;11.269257;0.906371897;0.310852523;Uncertain;Pathogenic;Pathogenic;Pathogenic;Pathogenic;Pathogenic;Pathogenic;Pathogenic;Pathogenic;Pathogenic;Pathogenic;;;;;False;False;False;False;False;False;True;False;False;False;;;False;False;False;False
P;67;E;;;;;;;11.265533;0.906246175;0.311137833;Uncertain;Pathogenic;Pathogenic;Pathogenic;Pathogenic;Pathogenic;Pathogenic;Pathogenic;Pathogenic;Pathogenic;Pathogenic;;;;;False;False;False;False;False;False;True;False;False;False;;;False;False;False;False
P;67;F;;;;;;;10.258789;0.86261458;0.400188726;Uncertain;Uncertain;Pathogenic;Pathogenic;Pathogenic;Pathogenic;Pathogenic;Pathogenic;Pathogenic;Pathogenic;Pathogenic;;;;;False;False;False;False;False;False;True;False;False;False;;;False;False;False;False
P;67;G;;;;;;;11.186005;0.903505852;0.317310823;Uncertain;Pathogenic;Pathogenic;Pathogenic;Pathogenic;Pathogenic;Pathogenic;Pathogenic;Pathogenic;Pathogenic;Pathogenic;;;;;False;False;False;False;False;False;True;False;False;False;;;False;False;False;False
P;67;H;;;;;;;11.272186;0.906470618;0.310628357;Uncertain;Pathogenic;Pathogenic;Pathogenic;Pathogenic;Pathogenic;Pathogenic;Pathogenic;Pathogenic;Pathogenic;Pathogenic;;;;;False;False;False;False;False;False;True;False;False;False;;;False;False;False;False
P;67;I;;;;;;;9.637482;0.822788173;0.467139206;Uncertain;Uncertain;Uncertain;Pathogenic;Pathogenic;Pathogenic;Pathogenic;Pathogenic;Pathogenic;Uncertain;Pathogenic;;;;;False;False;False;False;False;False;True;False;False;False;;;False;False;False;False
P;67;K;;;;;;;11.193115;0.90375519;0.316752748;Uncertain;Pathogenic;Pathogenic;Pathogenic;Pathogenic;Pathogenic;Pathogenic;Pathogenic;Pathogenic;Pathogenic;Pathogenic;;;;;False;False;False;False;False;False;True;False;False;False;;;False;False;False;False
P;67;L;;;;;;;7.290222;0.493344011;0.693058574;Uncertain;Uncertain;Uncertain;Uncertain;Uncertain;Uncertain;Uncertain;Uncertain;Uncertain;Uncertain;Uncertain;;;;;False;False;False;False;False;False;False;False;False;False;;;False;False;False;False
P;67;M;;;;;;;9.661255;0.824565416;0.464399651;Uncertain;Uncertain;Uncertain;Pathogenic;Pathogenic;Pathogenic;Pathogenic;Pathogenic;Pathogenic;Uncertain;Pathogenic;;;;;False;False;False;False;False;False;True;False;False;False;;;False;False;False;False
P;67;N;;;;;;;11.321594;0.908114529;0.306878546;Uncertain;Pathogenic;Pathogenic;Pathogenic;Pathogenic;Pathogenic;Pathogenic;Pathogenic;Pathogenic;Pathogenic;Pathogenic;;;;;False;False;False;False;False;False;True;False;False;False;;;False;False;False;False
P;67;P;;;;;;;;;;;;;;;;;;;;;;;;;False;False;False;False;False;False;False;False;False;False;;;False;False;False;False
P;67;Q;;;;;;;11.345825;0.908906105;0.305061419;Uncertain;Pathogenic;Pathogenic;Pathogenic;Pathogenic;Pathogenic;Pathogenic;Pathogenic;Pathogenic;Pathogenic;Pathogenic;;;;;False;False;False;False;False;False;True;False;False;False;;;False;False;False;False
P;67;R;;;;;;;11.371216;0.909725326;0.303172859;Uncertain;Pathogenic;Pathogenic;Pathogenic;Pathogenic;Pathogenic;Pathogenic;Pathogenic;Pathogenic;Pathogenic;Pathogenic;;;;;False;False;False;False;False;False;True;False;False;False;;;False;False;False;False
P;67;S;;;;uncertain;3.98E-06;3.98E-06;10.9096985;0.893128452;0.339924146;Uncertain;Pathogenic;Pathogenic;Pathogenic;Pathogenic;Pathogenic;Pathogenic;Pathogenic;Pathogenic;Pathogenic;Pathogenic;10.989716;0.896275014;0.333191354;Pathogenic;False;False;False;False;False;False;True;False;False;False;uncertain;uncertain;False;False;False;False
P;67;T;;;;;;;9.098297;0.77517908;0.532942269;Uncertain;Uncertain;Uncertain;Uncertain;Pathogenic;Pathogenic;Pathogenic;Pathogenic;Pathogenic;Uncertain;Pathogenic;;;;;False;False;False;False;False;False;True;False;False;False;;;False;False;False;False
P;67;V;;;;;;;7.758667;0.57528237;0.68176909;Uncertain;Uncertain;Uncertain;Uncertain;Uncertain;Uncertain;Uncertain;Uncertain;Pathogenic;Uncertain;Uncertain;;;;;False;False;False;False;False;False;False;False;False;False;;;False;False;False;False
P;67;W;;;;;;;11.33609;0.908589234;0.305789726;Uncertain;Pathogenic;Pathogenic;Pathogenic;Pathogenic;Pathogenic;Pathogenic;Pathogenic;Pathogenic;Pathogenic;Pathogenic;;;;;False;False;False;False;False;False;True;False;False;False;;;False;False;False;False
P;67;Y;;;;;;;11.240997;0.905412064;0.313026045;Uncertain;Pathogenic;Pathogenic;Pathogenic;Pathogenic;Pathogenic;Pathogenic;Pathogenic;Pathogenic;Pathogenic;Pathogenic;;;;;False;False;False;False;False;False;True;False;False;False;;;False;False;False;False
L;68;A;;;;;;;0.8184204;0.107197125;0.340614825;Uncertain;Benign;Benign;Benign;Benign;Benign;Benign;Benign;Benign;Benign;Benign;;;;;False;False;False;False;False;True;False;False;False;False;;;False;False;False;False
L;68;C;;;;;;;2.054718;0.14374045;0.411695811;Uncertain;Uncertain;Benign;Benign;Benign;Benign;Benign;Benign;Benign;Uncertain;Benign;;;;;False;False;False;False;False;True;False;False;False;False;;;False;False;False;False
L;68;D;;;;;;;0.5070801;0.099621255;0.324249987;Uncertain;Benign;Benign;Benign;Benign;Benign;Benign;Benign;Benign;Benign;Benign;;;;;False;False;False;False;False;True;False;False;False;False;;;False;False;False;False
L;68;E;;;;;;;-0.38354492;0.081010798;0.281231176;Benign;Benign;Benign;Benign;Benign;Benign;Benign;Benign;Benign;Benign;Benign;;;;;False;False;False;False;False;True;False;False;False;False;;;False;False;False;False
L;68;F;;;;;;;-1.655304;0.060940068;0.229546355;Benign;Benign;Benign;Benign;Benign;Benign;Benign;Benign;Benign;Benign;Benign;;;;;False;False;False;False;False;True;False;False;False;False;;;False;False;False;False
L;68;G;;;;;;;2.0622253;0.143996857;0.41215312;Uncertain;Uncertain;Benign;Benign;Benign;Benign;Benign;Benign;Benign;Uncertain;Benign;;;;;False;False;False;False;False;True;False;False;False;False;;;False;False;False;False
L;68;H;;;;;;;-1.045227;0.069731114;0.252942867;Benign;Benign;Benign;Benign;Benign;Benign;Benign;Benign;Benign;Benign;Benign;;;;;False;False;False;False;False;True;False;False;False;False;;;False;False;False;False
L;68;I;;;;;;;3.2794495;0.191695914;0.488672734;Uncertain;Uncertain;Uncertain;Benign;Benign;Benign;Benign;Benign;Benign;Uncertain;Benign;;;;;False;False;False;False;False;True;False;False;False;False;;;False;False;False;False
L;68;K;;;;;;;1.1479797;0.115889141;0.358653573;Uncertain;Benign;Benign;Benign;Benign;Benign;Benign;Benign;Benign;Benign;Benign;;;;;False;False;False;False;False;True;False;False;False;False;;;False;False;False;False
L;68;L;;;;;;;;;;;;;;;;;;;;;;;;;False;False;False;False;False;False;False;False;False;False;;;False;False;False;False
L;68;M;;;;;;;2.2798157;0.151622928;0.425513922;Uncertain;Uncertain;Benign;Benign;Benign;Benign;Benign;Benign;Benign;Uncertain;Benign;;;;;False;False;False;False;False;True;False;False;False;False;;;False;False;False;False
L;68;N;;;;;;;0.91848755;0.109761181;0.346015737;Uncertain;Benign;Benign;Benign;Benign;Benign;Benign;Benign;Benign;Benign;Benign;;;;;False;False;False;False;False;True;False;False;False;False;;;False;False;False;False
L;68;P;;;;;;;5.249695;0.296001813;0.607438488;Uncertain;Uncertain;Uncertain;Uncertain;Uncertain;Uncertain;Benign;Benign;Benign;Uncertain;Benign;;;;;False;False;False;False;False;True;False;False;False;False;;;False;False;False;False
L;68;Q;;;;;;;1.2809753;0.119603008;0.366133266;Uncertain;Benign;Benign;Benign;Benign;Benign;Benign;Benign;Benign;Benign;Benign;;;;;False;False;False;False;False;True;False;False;False;False;;;False;False;False;False
L;68;R;;;;;;;1.9560547;0.140411653;0.405710051;Uncertain;Uncertain;Benign;Benign;Benign;Benign;Benign;Benign;Benign;Benign;Benign;;;;;False;False;False;False;False;True;False;False;False;False;;;False;False;False;False
L;68;S;;;;;;;1.5686035;0.128059505;0.382681187;Uncertain;Uncertain;Benign;Benign;Benign;Benign;Benign;Benign;Benign;Benign;Benign;;;;;False;False;False;False;False;True;False;False;False;False;;;False;False;False;False
L;68;T;;;;;;;-0.30447388;0.082494558;0.284820069;Benign;Benign;Benign;Benign;Benign;Benign;Benign;Benign;Benign;Benign;Benign;;;;;False;False;False;False;False;True;False;False;False;False;;;False;False;False;False
L;68;V;;;;;;;3.7561035;0.213823764;0.518979001;Uncertain;Uncertain;Uncertain;Uncertain;Benign;Benign;Benign;Benign;Benign;Uncertain;Benign;;;;;False;False;False;False;False;True;False;False;False;False;;;False;False;False;False
L;68;W;;;;;;;3.6299133;0.207773654;0.510991951;Uncertain;Uncertain;Uncertain;Uncertain;Benign;Benign;Benign;Benign;Benign;Uncertain;Benign;;;;;False;False;False;False;False;True;False;False;False;False;;;False;False;False;False
L;68;Y;;;;;;;0.25305176;0.093869909;0.311401106;Uncertain;Benign;Benign;Benign;Benign;Benign;Benign;Benign;Benign;Benign;Benign;;;;;False;False;False;False;False;True;False;False;False;False;;;False;False;False;False
S;69;A;;;;;;;1.5441895;0.127318637;0.381257574;Uncertain;Uncertain;Benign;Benign;Benign;Benign;Benign;Benign;Benign;Benign;Benign;;;;;False;False;True;False;False;True;False;False;False;False;;;False;False;False;False
S;69;C;;;;;;;3.9106445;0.221420922;0.5287005;Uncertain;Uncertain;Uncertain;Uncertain;Benign;Benign;Benign;Benign;Benign;Uncertain;Benign;;;;;False;False;True;False;False;True;False;False;False;False;;;False;False;False;False
S;69;D;;;;;;;1.6856079;0.131670897;0.389550714;Uncertain;Uncertain;Benign;Benign;Benign;Benign;Benign;Benign;Benign;Benign;Benign;;;;;False;False;True;False;False;True;False;False;False;False;;;False;False;False;False
S;69;E;;;;;;;1.4580994;0.124740653;0.376265189;Uncertain;Benign;Benign;Benign;Benign;Benign;Benign;Benign;Benign;Benign;Benign;;;;;False;False;True;False;False;True;False;False;False;False;;;False;False;False;False
S;69;F;;;;uncertain;7.97E-06;7.97E-06;3.732788;0.212695522;0.517506206;Uncertain;Uncertain;Uncertain;Uncertain;Benign;Benign;Benign;Benign;Benign;Uncertain;Benign;3.72937;0.21253052;0.517290178;Benign;False;False;True;False;False;True;False;False;False;False;uncertain;uncertain;False;False;False;False
S;69;G;;;;;;;-2.4205322;0.051743747;0.20361794;Benign;Benign;Benign;Benign;Benign;Benign;Benign;Benign;Benign;Benign;Benign;;;;;False;False;True;False;False;True;False;False;False;False;;;False;False;False;False
S;69;H;;;;;;;1.0974121;0.114508711;0.35583928;Uncertain;Benign;Benign;Benign;Benign;Benign;Benign;Benign;Benign;Benign;Benign;;;;;False;False;True;False;False;True;False;False;False;False;;;False;False;False;False
S;69;I;;;;;;;5.502533;0.312123384;0.620789099;Uncertain;Uncertain;Uncertain;Uncertain;Uncertain;Uncertain;Benign;Benign;Benign;Uncertain;Benign;;;;;False;False;True;False;False;True;False;False;False;False;;;False;False;False;False
S;69;K;;;;;;;-1.5566406;0.062267297;0.233161024;Benign;Benign;Benign;Benign;Benign;Benign;Benign;Benign;Benign;Benign;Benign;;;;;False;False;True;False;False;True;False;False;False;False;;;False;False;False;False
S;69;L;;;;;;;2.1139832;0.145776709;0.415312868;Uncertain;Uncertain;Benign;Benign;Benign;Benign;Benign;Benign;Benign;Uncertain;Benign;;;;;False;False;True;False;False;True;False;False;False;False;;;False;False;False;False
S;69;M;;;;;;;2.087494;0.144863156;0.413694243;Uncertain;Uncertain;Benign;Benign;Benign;Benign;Benign;Benign;Benign;Uncertain;Benign;;;;;False;False;True;False;False;True;False;False;False;False;;;False;False;False;False
S;69;N;;;;;;;-1.882721;0.058009827;0.221456009;Benign;Benign;Benign;Benign;Benign;Benign;Benign;Benign;Benign;Benign;Benign;;;;;False;False;True;False;False;True;False;False;False;False;;;False;False;False;False
S;69;P;Likely pathogenic;1;1;pathogenic;;;4.9212036;0.27618203;0.589311137;Uncertain;Uncertain;Uncertain;Uncertain;Uncertain;Benign;Benign;Benign;Benign;Uncertain;Benign;4.8901367;0.274363938;0.587551163;Benign;False;False;True;True;False;True;False;False;False;False;uncertain;Conflicting interpretations of pathogenicity;True;False;True;False
S;69;Q;;;;;;;1.5404968;0.127206957;0.381042546;Uncertain;Uncertain;Benign;Benign;Benign;Benign;Benign;Benign;Benign;Benign;Benign;;;;;False;False;True;False;False;True;False;False;False;False;;;False;False;False;False
S;69;R;;;;;;;1.8513489;0.136961518;0.399409183;Uncertain;Uncertain;Benign;Benign;Benign;Benign;Benign;Benign;Benign;Benign;Benign;;;;;False;False;True;False;False;True;False;False;False;False;;;False;False;False;False
S;69;S;;;;;;;;;;;;;;;;;;;;;;;;;False;False;True;False;False;False;False;False;False;False;;;False;False;False;False
S;69;T;;;;;;;3.2659912;0.191099761;0.487813705;Uncertain;Uncertain;Uncertain;Benign;Benign;Benign;Benign;Benign;Benign;Uncertain;Benign;;;;;False;False;True;False;False;True;False;False;False;False;;;False;False;False;False
S;69;V;;;;;;;5.017334;0.281866711;0.594707723;Uncertain;Uncertain;Uncertain;Uncertain;Uncertain;Benign;Benign;Benign;Benign;Uncertain;Benign;;;;;False;False;True;False;False;True;False;False;False;False;;;False;False;False;False
S;69;W;;;;;;;5.53006;0.313933828;0.622212106;Uncertain;Uncertain;Uncertain;Uncertain;Uncertain;Uncertain;Benign;Benign;Benign;Uncertain;Benign;;;;;False;False;True;False;False;True;False;False;False;False;;;False;False;False;False
S;69;Y;;;;uncertain;3.98E-06;3.98E-06;2.980133;0.178807032;0.469579704;Uncertain;Uncertain;Uncertain;Benign;Benign;Benign;Benign;Benign;Benign;Uncertain;Benign;3.0850525;0.183237019;0.476266601;Benign;False;False;True;False;False;True;False;False;False;False;uncertain;uncertain;False;False;False;False
R;70;A;;;;;;;0.8273926;0.107424403;0.341096316;Uncertain;Benign;Benign;Benign;Benign;Benign;Benign;Benign;Benign;Benign;Benign;;;;;False;False;False;False;False;True;False;False;False;False;;;False;False;False;False
R;70;C;;;;;;;0.74282837;0.10530252;0.336579987;Uncertain;Benign;Benign;Benign;Benign;Benign;Benign;Benign;Benign;Benign;Benign;;;;;False;False;False;False;False;True;False;False;False;False;;;False;False;False;False
R;70;D;;;;;;;2.8587036;0.173797752;0.461857223;Uncertain;Uncertain;Uncertain;Benign;Benign;Benign;Benign;Benign;Benign;Uncertain;Benign;;;;;False;False;False;False;False;True;False;False;False;False;;;False;False;False;False
R;70;E;;;;;;;1.2612;0.119043075;0.365014039;Uncertain;Benign;Benign;Benign;Benign;Benign;Benign;Benign;Benign;Benign;Benign;;;;;False;False;False;False;False;True;False;False;False;False;;;False;False;False;False
R;70;F;;;;;;;2.3113403;0.152759296;0.427465657;Uncertain;Uncertain;Benign;Benign;Benign;Benign;Benign;Benign;Benign;Uncertain;Benign;;;;;False;False;False;False;False;True;False;False;False;False;;;False;False;False;False
R;70;G;;;;uncertain;3.98E-06;3.98E-06;2.9335327;0.176869743;0.466613585;Uncertain;Uncertain;Uncertain;Benign;Benign;Benign;Benign;Benign;Benign;Uncertain;Benign;2.9719849;0.178466954;0.469060877;Benign;False;False;False;False;False;True;False;False;False;False;uncertain;uncertain;False;False;False;False
R;70;H;;;;;;;0.9720154;0.11115935;0.348932395;Uncertain;Benign;Benign;Benign;Benign;Benign;Benign;Benign;Benign;Benign;Benign;;;;;False;False;False;False;False;True;False;False;False;False;;;False;False;False;False
R;70;I;;;;;;;3.7226562;0.21220671;0.516865758;Uncertain;Uncertain;Uncertain;Uncertain;Benign;Benign;Benign;Benign;Benign;Uncertain;Benign;;;;;False;False;False;False;False;True;False;False;False;False;;;False;False;False;False
R;70;K;;;;;;;-3.8243713;0.039020555;0.164818827;Benign;Benign;Benign;Benign;Benign;Benign;Benign;Benign;Benign;Benign;Benign;;;;;False;False;False;False;False;True;False;False;False;False;;;False;False;False;False
R;70;L;;;;;;;0.32369995;0.095432006;0.314928533;Uncertain;Benign;Benign;Benign;Benign;Benign;Benign;Benign;Benign;Benign;Benign;;;;;False;False;False;False;False;True;False;False;False;False;;;False;False;False;False
R;70;M;;;;;;;0.3146057;0.09522933;0.314472468;Uncertain;Benign;Benign;Benign;Benign;Benign;Benign;Benign;Benign;Benign;Benign;;;;;False;False;False;False;False;True;False;False;False;False;;;False;False;False;False
R;70;N;;;;;;;0.4230652;0.097677555;0.319949865;Uncertain;Benign;Benign;Benign;Benign;Benign;Benign;Benign;Benign;Benign;Benign;;;;;False;False;False;False;False;True;False;False;False;False;;;False;False;False;False
R;70;P;;;;;;;4.9638977;0.278695622;0.591717159;Uncertain;Uncertain;Uncertain;Uncertain;Uncertain;Benign;Benign;Benign;Benign;Uncertain;Benign;;;;;False;False;False;False;False;True;False;False;False;False;;;False;False;False;False
R;70;Q;;;;;;;-0.7792969;0.074029775;0.263940151;Benign;Benign;Benign;Benign;Benign;Benign;Benign;Benign;Benign;Benign;Benign;;;;;False;False;False;False;False;True;False;False;False;False;;;False;False;False;False
R;70;R;;;;;;;;;;;;;;;;;;;;;;;;;False;False;False;False;False;False;False;False;False;False;;;False;False;False;False
R;70;S;;;;;;;1.1261292;0.115290531;0.357435478;Uncertain;Benign;Benign;Benign;Benign;Benign;Benign;Benign;Benign;Benign;Benign;;;;;False;False;False;False;False;True;False;False;False;False;;;False;False;False;False
R;70;T;;;;;;;0.9477539;0.110523313;0.347608052;Uncertain;Benign;Benign;Benign;Benign;Benign;Benign;Benign;Benign;Benign;Benign;;;;;False;False;False;False;False;True;False;False;False;False;;;False;False;False;False
R;70;V;;;;;;;-0.92736816;0.071599094;0.257755804;Benign;Benign;Benign;Benign;Benign;Benign;Benign;Benign;Benign;Benign;Benign;;;;;False;False;False;False;False;True;False;False;False;False;;;False;False;False;False
R;70;W;;;;;;;4.498596;0.252201983;0.564741366;Uncertain;Uncertain;Uncertain;Uncertain;Uncertain;Benign;Benign;Benign;Benign;Uncertain;Benign;;;;;False;False;False;False;False;True;False;False;False;False;;;False;False;False;False
R;70;Y;;;;;;;2.68161;0.166716961;0.450642145;Uncertain;Uncertain;Uncertain;Benign;Benign;Benign;Benign;Benign;Benign;Uncertain;Benign;;;;;False;False;False;False;False;True;False;False;False;False;;;False;False;False;False
K;71;A;;;;;;;1.1095886;0.114839536;0.356515441;Uncertain;Benign;Benign;Benign;Benign;Benign;Benign;Benign;Benign;Benign;Benign;;;;;False;False;False;False;False;True;False;False;False;False;;;False;False;False;False
K;71;C;;;;;;;3.5795898;0.205399454;0.507797155;Uncertain;Uncertain;Uncertain;Uncertain;Benign;Benign;Benign;Benign;Benign;Uncertain;Benign;;;;;False;False;False;False;False;True;False;False;False;False;;;False;False;False;False
K;71;D;;;;;;;-1.2600403;0.066472585;0.244417531;Benign;Benign;Benign;Benign;Benign;Benign;Benign;Benign;Benign;Benign;Benign;;;;;False;False;False;False;False;True;False;False;False;False;;;False;False;False;False
K;71;E;;;;;;;-1.4337463;0.063969747;0.237753508;Benign;Benign;Benign;Benign;Benign;Benign;Benign;Benign;Benign;Benign;Benign;;;;;False;False;False;False;False;True;False;False;False;False;;;False;False;False;False
K;71;F;;;;;;;3.7647095;0.2142414;0.519522256;Uncertain;Uncertain;Uncertain;Uncertain;Benign;Benign;Benign;Benign;Benign;Uncertain;Benign;;;;;False;False;False;False;False;True;False;False;False;False;;;False;False;False;False
K;71;G;;;;;;;5.009308;0.281388616;0.594260035;Uncertain;Uncertain;Uncertain;Uncertain;Uncertain;Benign;Benign;Benign;Benign;Uncertain;Benign;;;;;False;False;False;False;False;True;False;False;False;False;;;False;False;False;False
K;71;H;;;;;;;1.264801;0.119144834;0.365217663;Uncertain;Benign;Benign;Benign;Benign;Benign;Benign;Benign;Benign;Benign;Benign;;;;;False;False;False;False;False;True;False;False;False;False;;;False;False;False;False
K;71;I;;;;;;;2.3182983;0.153011196;0.427896947;Uncertain;Uncertain;Benign;Benign;Benign;Benign;Benign;Benign;Benign;Uncertain;Benign;;;;;False;False;False;False;False;True;False;False;False;False;;;False;False;False;False
K;71;K;;;;;;;;;;;;;;;;;;;;;;;;;False;False;False;False;False;False;False;False;False;False;;;False;False;False;False
K;71;L;;;;;;;1.2633362;0.11910343;0.365134824;Uncertain;Benign;Benign;Benign;Benign;Benign;Benign;Benign;Benign;Benign;Benign;;;;;False;False;False;False;False;True;False;False;False;False;;;False;False;False;False
K;71;M;;;;;;;2.5988464;0.163498418;0.445425788;Uncertain;Uncertain;Uncertain;Benign;Benign;Benign;Benign;Benign;Benign;Uncertain;Benign;;;;;False;False;False;False;False;True;False;False;False;False;;;False;False;False;False
K;71;N;;;;;;;-1.2614441;0.066451894;0.244362858;Benign;Benign;Benign;Benign;Benign;Benign;Benign;Benign;Benign;Benign;Benign;;;;;False;False;False;False;False;True;False;False;False;False;;;False;False;False;False
K;71;P;;;;;;;1.151825;0.11599482;0.358868254;Uncertain;Benign;Benign;Benign;Benign;Benign;Benign;Benign;Benign;Benign;Benign;;;;;False;False;False;False;False;True;False;False;False;False;;;False;False;False;False
K;71;Q;;;;;;;0.15390015;0.091724944;0.306510653;Uncertain;Benign;Benign;Benign;Benign;Benign;Benign;Benign;Benign;Benign;Benign;;;;;False;False;False;False;False;True;False;False;False;False;;;False;False;False;False
K;71;R;;;;;;;2.050232;0.143587444;0.411422668;Uncertain;Uncertain;Benign;Benign;Benign;Benign;Benign;Benign;Benign;Uncertain;Benign;;;;;False;False;False;False;False;True;False;False;False;False;;;False;False;False;False
K;71;S;;;;;;;-0.30929565;0.082403197;0.284599932;Benign;Benign;Benign;Benign;Benign;Benign;Benign;Benign;Benign;Benign;Benign;;;;;False;False;False;False;False;True;False;False;False;False;;;False;False;False;False
K;71;T;;;;;;;-2.4033203;0.051930776;0.204161525;Benign;Benign;Benign;Benign;Benign;Benign;Benign;Benign;Benign;Benign;Benign;;;;;False;False;False;False;False;True;False;False;False;False;;;False;False;False;False
K;71;V;;;;;;;0.66503906;0.103390218;0.332468821;Uncertain;Benign;Benign;Benign;Benign;Benign;Benign;Benign;Benign;Benign;Benign;;;;;False;False;False;False;False;True;False;False;False;False;;;False;False;False;False
K;71;W;;;;;;;4.134796;0.232805999;0.542644696;Uncertain;Uncertain;Uncertain;Uncertain;Benign;Benign;Benign;Benign;Benign;Uncertain;Benign;;;;;False;False;False;False;False;True;False;False;False;False;;;False;False;False;False
K;71;Y;;;;;;;4.289215;0.240900174;0.552115321;Uncertain;Uncertain;Uncertain;Uncertain;Uncertain;Benign;Benign;Benign;Benign;Uncertain;Benign;;;;;False;False;False;False;False;True;False;False;False;False;;;False;False;False;False
H;72;A;;;;;;;12.28714;0.932627225;0.246789493;Pathogenic;Pathogenic;Pathogenic;Pathogenic;Pathogenic;Pathogenic;Pathogenic;Pathogenic;Pathogenic;Pathogenic;Pathogenic;;;;;False;False;True;False;False;False;True;False;False;True;pathogenic;Likely Pathogenic;False;False;False;False
H;72;C;;;;;;;12.285736;0.932601817;0.246856255;Pathogenic;Pathogenic;Pathogenic;Pathogenic;Pathogenic;Pathogenic;Pathogenic;Pathogenic;Pathogenic;Pathogenic;Pathogenic;;;;;False;False;True;False;False;False;True;False;False;True;pathogenic;Likely Pathogenic;False;False;False;False
H;72;D;;;;;;;11.864166;0.923628041;0.269817752;Pathogenic;Pathogenic;Pathogenic;Pathogenic;Pathogenic;Pathogenic;Pathogenic;Pathogenic;Pathogenic;Pathogenic;Pathogenic;;;;;False;False;True;False;False;False;True;False;False;True;pathogenic;Likely Pathogenic;False;False;False;False
H;72;E;;;;;;;12.2569275;0.932073819;0.248241283;Pathogenic;Pathogenic;Pathogenic;Pathogenic;Pathogenic;Pathogenic;Pathogenic;Pathogenic;Pathogenic;Pathogenic;Pathogenic;;;;;False;False;True;False;False;False;True;False;False;True;pathogenic;Likely Pathogenic;False;False;False;False
H;72;F;;;;;;;12.243469;0.93182282;0.248898152;Pathogenic;Pathogenic;Pathogenic;Pathogenic;Pathogenic;Pathogenic;Pathogenic;Pathogenic;Pathogenic;Pathogenic;Pathogenic;;;;;False;False;True;False;False;False;True;False;False;True;pathogenic;Likely Pathogenic;False;False;False;False
H;72;G;;;;;;;12.288239;0.932647093;0.246737282;Pathogenic;Pathogenic;Pathogenic;Pathogenic;Pathogenic;Pathogenic;Pathogenic;Pathogenic;Pathogenic;Pathogenic;Pathogenic;;;;;False;False;True;False;False;False;True;False;False;True;pathogenic;Likely Pathogenic;False;False;False;False
H;72;H;;;;;;;;;;;;;;;;;;;;;;;;;False;False;True;False;False;False;False;False;False;False;;;False;False;False;False
H;72;I;;;;;;;12.226746;0.931507102;0.249722981;Pathogenic;Pathogenic;Pathogenic;Pathogenic;Pathogenic;Pathogenic;Pathogenic;Pathogenic;Pathogenic;Pathogenic;Pathogenic;;;;;False;False;True;False;False;False;True;False;False;True;pathogenic;Likely Pathogenic;False;False;False;False
H;72;K;;;;;;;12.2413025;0.931782157;0.249004472;Pathogenic;Pathogenic;Pathogenic;Pathogenic;Pathogenic;Pathogenic;Pathogenic;Pathogenic;Pathogenic;Pathogenic;Pathogenic;;;;;False;False;True;False;False;False;True;False;False;True;pathogenic;Likely Pathogenic;False;False;False;False
H;72;L;;;;;;;12.205444;0.931098794;0.25078739;Pathogenic;Pathogenic;Pathogenic;Pathogenic;Pathogenic;Pathogenic;Pathogenic;Pathogenic;Pathogenic;Pathogenic;Pathogenic;;;;;False;False;True;False;False;False;True;False;False;True;pathogenic;Likely Pathogenic;False;False;False;False
H;72;M;;;;;;;12.300476;0.932867064;0.246158794;Pathogenic;Pathogenic;Pathogenic;Pathogenic;Pathogenic;Pathogenic;Pathogenic;Pathogenic;Pathogenic;Pathogenic;Pathogenic;;;;;False;False;True;False;False;False;True;False;False;True;pathogenic;Likely Pathogenic;False;False;False;False
H;72;N;;;;;;;12.24292;0.931812522;0.248925079;Pathogenic;Pathogenic;Pathogenic;Pathogenic;Pathogenic;Pathogenic;Pathogenic;Pathogenic;Pathogenic;Pathogenic;Pathogenic;;;;;False;False;True;False;False;False;True;False;False;True;pathogenic;Likely Pathogenic;False;False;False;False
H;72;P;;;;;;;12.195404;0.93090397;0.251294357;Pathogenic;Pathogenic;Pathogenic;Pathogenic;Pathogenic;Pathogenic;Pathogenic;Pathogenic;Pathogenic;Pathogenic;Pathogenic;;;;;False;False;True;False;False;False;True;False;False;True;pathogenic;Likely Pathogenic;False;False;False;False
H;72;Q;;;;;;;10.83493;0.890079367;0.34634937;Uncertain;Pathogenic;Pathogenic;Pathogenic;Pathogenic;Pathogenic;Pathogenic;Pathogenic;Pathogenic;Pathogenic;Pathogenic;;;;;False;False;True;False;False;False;True;False;False;True;pathogenic;Likely Pathogenic;False;False;False;False
H;72;R;;;;;;;12.235748;0.93167758;0.249277791;Pathogenic;Pathogenic;Pathogenic;Pathogenic;Pathogenic;Pathogenic;Pathogenic;Pathogenic;Pathogenic;Pathogenic;Pathogenic;;;;;False;False;True;False;False;False;True;False;False;True;pathogenic;Likely Pathogenic;False;False;False;False
H;72;S;;;;;;;12.095001;0.928872113;0.256546719;Pathogenic;Pathogenic;Pathogenic;Pathogenic;Pathogenic;Pathogenic;Pathogenic;Pathogenic;Pathogenic;Pathogenic;Pathogenic;;;;;False;False;True;False;False;False;True;False;False;True;pathogenic;Likely Pathogenic;False;False;False;False
H;72;T;;;;;;;12.307922;0.93299979;0.245809374;Pathogenic;Pathogenic;Pathogenic;Pathogenic;Pathogenic;Pathogenic;Pathogenic;Pathogenic;Pathogenic;Pathogenic;Pathogenic;;;;;False;False;True;False;False;False;True;False;False;True;pathogenic;Likely Pathogenic;False;False;False;False
H;72;V;;;;;;;12.239014;0.931739127;0.249116954;Pathogenic;Pathogenic;Pathogenic;Pathogenic;Pathogenic;Pathogenic;Pathogenic;Pathogenic;Pathogenic;Pathogenic;Pathogenic;;;;;False;False;True;False;False;False;True;False;False;True;pathogenic;Likely Pathogenic;False;False;False;False
H;72;W;;;;;;;12.280029;0.932498226;0.24712834;Pathogenic;Pathogenic;Pathogenic;Pathogenic;Pathogenic;Pathogenic;Pathogenic;Pathogenic;Pathogenic;Pathogenic;Pathogenic;;;;;False;False;True;False;False;False;True;False;False;True;pathogenic;Likely Pathogenic;False;False;False;False
H;72;Y;Likely pathogenic;1;1;pathogenic;;;10.863678;0.891264392;0.343863628;Uncertain;Pathogenic;Pathogenic;Pathogenic;Pathogenic;Pathogenic;Pathogenic;Pathogenic;Pathogenic;Pathogenic;Pathogenic;10.830505;0.889895541;0.346733678;Pathogenic;False;False;True;True;False;False;True;False;False;True;pathogenic;Likely Pathogenic;False;False;False;False
G;73;A;;;;;;;4.0910034;0.230547742;0.539937338;Uncertain;Uncertain;Uncertain;Uncertain;Benign;Benign;Benign;Benign;Benign;Uncertain;Benign;;;;;False;False;False;False;False;True;False;False;False;False;;;False;False;False;False
G;73;C;;;;uncertain;;;10.940155;0.89434011;0.337343956;Uncertain;Pathogenic;Pathogenic;Pathogenic;Pathogenic;Pathogenic;Pathogenic;Pathogenic;Pathogenic;Pathogenic;Pathogenic;10.918396;0.89347624;0.339185124;Pathogenic;False;False;False;False;False;False;True;False;False;False;uncertain;uncertain;False;False;False;False
G;73;D;;;;;;;10.92334;0.893673302;0.338765816;Uncertain;Pathogenic;Pathogenic;Pathogenic;Pathogenic;Pathogenic;Pathogenic;Pathogenic;Pathogenic;Pathogenic;Pathogenic;;;;;False;False;False;False;False;False;True;False;False;False;;;False;False;False;False
G;73;E;;;;;;;10.916931;0.893417758;0.339309481;Uncertain;Pathogenic;Pathogenic;Pathogenic;Pathogenic;Pathogenic;Pathogenic;Pathogenic;Pathogenic;Pathogenic;Pathogenic;;;;;False;False;False;False;False;False;True;False;False;False;;;False;False;False;False
G;73;F;;;;;;;10.853424;0.890843541;0.344748068;Uncertain;Pathogenic;Pathogenic;Pathogenic;Pathogenic;Pathogenic;Pathogenic;Pathogenic;Pathogenic;Pathogenic;Pathogenic;;;;;False;False;False;False;False;False;True;False;False;False;;;False;False;False;False
G;73;G;;;;;;;;;;;;;;;;;;;;;;;;;False;False;False;False;False;False;False;False;False;False;;;False;False;False;False
G;73;H;;;;;;;8.944702;0.758551995;0.552743274;Uncertain;Uncertain;Uncertain;Uncertain;Uncertain;Pathogenic;Pathogenic;Pathogenic;Pathogenic;Uncertain;Pathogenic;;;;;False;False;False;False;False;False;True;False;False;False;;;False;False;False;False
G;73;I;;;;;;;10.967102;0.895397755;0.335079038;Uncertain;Pathogenic;Pathogenic;Pathogenic;Pathogenic;Pathogenic;Pathogenic;Pathogenic;Pathogenic;Pathogenic;Pathogenic;;;;;False;False;False;False;False;False;True;False;False;False;;;False;False;False;False
G;73;K;;;;;;;9.283051;0.793226471;0.509650344;Uncertain;Uncertain;Uncertain;Uncertain;Pathogenic;Pathogenic;Pathogenic;Pathogenic;Pathogenic;Uncertain;Pathogenic;;;;;False;False;False;False;False;False;True;False;False;False;;;False;False;False;False
G;73;L;;;;;;;10.965485;0.895334667;0.335214472;Uncertain;Pathogenic;Pathogenic;Pathogenic;Pathogenic;Pathogenic;Pathogenic;Pathogenic;Pathogenic;Pathogenic;Pathogenic;;;;;False;False;False;False;False;False;True;False;False;False;;;False;False;False;False
G;73;M;;;;;;;10.897614;0.892642863;0.340953869;Uncertain;Pathogenic;Pathogenic;Pathogenic;Pathogenic;Pathogenic;Pathogenic;Pathogenic;Pathogenic;Pathogenic;Pathogenic;;;;;False;False;False;False;False;False;True;False;False;False;;;False;False;False;False
G;73;N;;;;;;;9.914764;0.842156859;0.436075945;Uncertain;Uncertain;Pathogenic;Pathogenic;Pathogenic;Pathogenic;Pathogenic;Pathogenic;Pathogenic;Uncertain;Pathogenic;;;;;False;False;False;False;False;False;True;False;False;False;;;False;False;False;False
G;73;P;;;;;;;9.962677;0.845224394;0.430904191;Uncertain;Uncertain;Pathogenic;Pathogenic;Pathogenic;Pathogenic;Pathogenic;Pathogenic;Pathogenic;Uncertain;Pathogenic;;;;;False;False;False;False;False;False;True;False;False;False;;;False;False;False;False
G;73;Q;;;;;;;10.8367;0.89015279;0.346195773;Uncertain;Pathogenic;Pathogenic;Pathogenic;Pathogenic;Pathogenic;Pathogenic;Pathogenic;Pathogenic;Pathogenic;Pathogenic;;;;;False;False;False;False;False;False;True;False;False;False;;;False;False;False;False
G;73;R;;;;;;;10.891937;0.892413791;0.341438774;Uncertain;Pathogenic;Pathogenic;Pathogenic;Pathogenic;Pathogenic;Pathogenic;Pathogenic;Pathogenic;Pathogenic;Pathogenic;;;;;False;False;False;False;False;False;True;False;False;False;;;False;False;False;False
G;73;S;Pathogenic;0;1;uncertain;3.99E-06;3.99E-06;6.5812073;0.398959275;0.672587432;Uncertain;Uncertain;Uncertain;Uncertain;Uncertain;Uncertain;Uncertain;Uncertain;Benign;Uncertain;Uncertain;6.6833496;0.410055464;0.676878727;Uncertain;False;False;False;True;False;False;False;False;False;False;pathogenic;Pathogenic;False;False;False;False
G;73;T;;;;;;;10.887451;0.892232345;0.341822477;Uncertain;Pathogenic;Pathogenic;Pathogenic;Pathogenic;Pathogenic;Pathogenic;Pathogenic;Pathogenic;Pathogenic;Pathogenic;;;;;False;False;False;False;False;False;True;False;False;False;;;False;False;False;False
G;73;V;;;;;;;10.914886;0.893336056;0.339483156;Uncertain;Pathogenic;Pathogenic;Pathogenic;Pathogenic;Pathogenic;Pathogenic;Pathogenic;Pathogenic;Pathogenic;Pathogenic;;;;;False;False;False;False;False;False;True;False;False;False;;;False;False;False;False
G;73;W;;;;;;;10.931427;0.893994655;0.338081168;Uncertain;Pathogenic;Pathogenic;Pathogenic;Pathogenic;Pathogenic;Pathogenic;Pathogenic;Pathogenic;Pathogenic;Pathogenic;;;;;False;False;False;False;False;False;True;False;False;False;;;False;False;False;False
G;73;Y;;;;;;;10.8463745;0.890553036;0.345357518;Uncertain;Pathogenic;Pathogenic;Pathogenic;Pathogenic;Pathogenic;Pathogenic;Pathogenic;Pathogenic;Pathogenic;Pathogenic;;;;;False;False;False;False;False;False;True;False;False;False;;;False;False;False;False
G;74;A;;;;;;;-0.38046265;0.081068063;0.281370234;Benign;Benign;Benign;Benign;Benign;Benign;Benign;Benign;Benign;Benign;Benign;;;;;False;False;False;False;False;True;False;False;False;False;;;False;False;False;False
G;74;C;;;;;;;7.851776;0.592218332;0.676040974;Uncertain;Uncertain;Uncertain;Uncertain;Uncertain;Uncertain;Uncertain;Uncertain;Pathogenic;Uncertain;Uncertain;;;;;False;False;False;False;False;False;False;False;False;False;;;False;False;False;False
G;74;D;;;;;;;3.2348328;0.189725581;0.48582481;Uncertain;Uncertain;Uncertain;Benign;Benign;Benign;Benign;Benign;Benign;Uncertain;Benign;;;;;False;False;False;False;False;True;False;False;False;False;;;False;False;False;False
G;74;E;;;;;;;7.1951294;0.478262647;0.692201858;Uncertain;Uncertain;Uncertain;Uncertain;Uncertain;Uncertain;Uncertain;Uncertain;Uncertain;Uncertain;Uncertain;;;;;False;False;False;False;False;False;False;False;False;False;;;False;False;False;False
G;74;F;;;;;;;7.8523865;0.592329161;0.675999593;Uncertain;Uncertain;Uncertain;Uncertain;Uncertain;Uncertain;Uncertain;Uncertain;Pathogenic;Uncertain;Uncertain;;;;;False;False;False;False;False;False;False;False;False;False;;;False;False;False;False
G;74;G;;;;;;;;;;;;;;;;;;;;;;;;;False;False;False;False;False;False;False;False;False;False;;;False;False;False;False
G;74;H;;;;;;;4.8114014;0.269796676;0.583056505;Uncertain;Uncertain;Uncertain;Uncertain;Uncertain;Benign;Benign;Benign;Benign;Uncertain;Benign;;;;;False;False;False;False;False;True;False;False;False;False;;;False;False;False;False
G;74;I;;;;;;;7.3328857;0.500331413;0.693146961;Uncertain;Uncertain;Uncertain;Uncertain;Uncertain;Uncertain;Uncertain;Uncertain;Uncertain;Uncertain;Uncertain;;;;;False;False;False;False;False;False;False;False;False;False;;;False;False;False;False
G;74;K;;;;;;;5.823517;0.33409446;0.637040438;Uncertain;Uncertain;Uncertain;Uncertain;Uncertain;Uncertain;Benign;Benign;Benign;Uncertain;Benign;;;;;False;False;False;False;False;True;False;False;False;False;;;False;False;False;False
G;74;L;;;;;;;7.770294;0.577398568;0.681117791;Uncertain;Uncertain;Uncertain;Uncertain;Uncertain;Uncertain;Uncertain;Uncertain;Pathogenic;Uncertain;Uncertain;;;;;False;False;False;False;False;False;False;False;False;False;;;False;False;False;False
G;74;M;;;;;;;8.47406;0.697018779;0.613369163;Uncertain;Uncertain;Uncertain;Uncertain;Uncertain;Uncertain;Pathogenic;Pathogenic;Pathogenic;Uncertain;Pathogenic;;;;;False;False;False;False;False;False;True;False;False;False;;;False;False;False;False
G;74;N;;;;;;;6.9377136;0.441193851;0.68621482;Uncertain;Uncertain;Uncertain;Uncertain;Uncertain;Uncertain;Uncertain;Uncertain;Uncertain;Uncertain;Uncertain;;;;;False;False;False;False;False;False;False;False;False;False;;;False;False;False;False
G;74;P;;;;;;;6.5602417;0.396771858;0.671681038;Uncertain;Uncertain;Uncertain;Uncertain;Uncertain;Uncertain;Uncertain;Uncertain;Benign;Uncertain;Uncertain;;;;;False;False;False;False;False;False;False;False;False;False;;;False;False;False;False
G;74;Q;;;;;;;8.594452;0.714362488;0.598199227;Uncertain;Uncertain;Uncertain;Uncertain;Uncertain;Pathogenic;Pathogenic;Pathogenic;Pathogenic;Uncertain;Pathogenic;;;;;False;False;False;False;False;False;True;False;False;False;;;False;False;False;False
G;74;R;Uncertain significance;1;1;uncertain;;;6.094391;0.35457058;0.650230186;Uncertain;Uncertain;Uncertain;Uncertain;Uncertain;Uncertain;Uncertain;Benign;Benign;Uncertain;Benign;6.097809;0.35484397;0.650393785;Benign;False;False;False;False;False;True;False;False;False;False;uncertain;Uncertain significance;False;False;False;False
G;74;S;;;;;;;2.7595215;0.169799428;0.455568038;Uncertain;Uncertain;Uncertain;Benign;Benign;Benign;Benign;Benign;Benign;Uncertain;Benign;;;;;False;False;False;False;False;True;False;False;False;False;;;False;False;False;False
G;74;T;;;;;;;8.500336;0.70089917;0.610100511;Uncertain;Uncertain;Uncertain;Uncertain;Uncertain;Uncertain;Pathogenic;Pathogenic;Pathogenic;Uncertain;Pathogenic;;;;;False;False;False;False;False;False;True;False;False;False;;;False;False;False;False
G;74;V;;;;;;;8.567383;0.710560298;0.601649238;Uncertain;Uncertain;Uncertain;Uncertain;Uncertain;Uncertain;Pathogenic;Pathogenic;Pathogenic;Uncertain;Pathogenic;;;;;False;False;False;False;False;False;True;False;False;False;;;False;False;False;False
G;74;W;;;;;;;8.626801;0.718832047;0.594053024;Uncertain;Uncertain;Uncertain;Uncertain;Uncertain;Pathogenic;Pathogenic;Pathogenic;Pathogenic;Uncertain;Pathogenic;;;;;False;False;False;False;False;False;True;False;False;False;;;False;False;False;False
G;74;Y;;;;;;;7.843933;0.590794115;0.676568213;Uncertain;Uncertain;Uncertain;Uncertain;Uncertain;Uncertain;Uncertain;Uncertain;Pathogenic;Uncertain;Uncertain;;;;;False;False;False;False;False;False;False;False;False;False;;;False;False;False;False
P;75;A;;;;;;;7.941925;0.60851076;0.669409583;Uncertain;Uncertain;Uncertain;Uncertain;Uncertain;Uncertain;Uncertain;Uncertain;Pathogenic;Uncertain;Uncertain;;;;;False;False;False;False;False;False;False;False;False;False;;;False;False;False;False
P;75;C;;;;;;;10.170837;0.857714574;0.409090603;Uncertain;Uncertain;Pathogenic;Pathogenic;Pathogenic;Pathogenic;Pathogenic;Pathogenic;Pathogenic;Uncertain;Pathogenic;;;;;False;False;False;False;False;False;True;False;False;False;;;False;False;False;False
P;75;D;;;;;;;10.212921;0.860085578;0.404808106;Uncertain;Uncertain;Pathogenic;Pathogenic;Pathogenic;Pathogenic;Pathogenic;Pathogenic;Pathogenic;Pathogenic;Pathogenic;;;;;False;False;False;False;False;False;True;False;False;False;;;False;False;False;False
P;75;E;;;;;;;9.169403;0.782364709;0.523898694;Uncertain;Uncertain;Uncertain;Uncertain;Pathogenic;Pathogenic;Pathogenic;Pathogenic;Pathogenic;Uncertain;Pathogenic;;;;;False;False;False;False;False;False;True;False;False;False;;;False;False;False;False
P;75;F;;;;;;;10.12793;0.855245843;0.413500671;Uncertain;Uncertain;Pathogenic;Pathogenic;Pathogenic;Pathogenic;Pathogenic;Pathogenic;Pathogenic;Uncertain;Pathogenic;;;;;False;False;False;False;False;False;True;False;False;False;;;False;False;False;False
P;75;G;;;;;;;10.110474;0.854226294;0.415307559;Uncertain;Uncertain;Pathogenic;Pathogenic;Pathogenic;Pathogenic;Pathogenic;Pathogenic;Pathogenic;Uncertain;Pathogenic;;;;;False;False;False;False;False;False;True;False;False;False;;;False;False;False;False
P;75;H;;;;;;;8.85968;0.748656301;0.56380654;Uncertain;Uncertain;Uncertain;Uncertain;Uncertain;Pathogenic;Pathogenic;Pathogenic;Pathogenic;Uncertain;Pathogenic;;;;;False;False;False;False;False;False;True;False;False;False;;;False;False;False;False
P;75;I;;;;;;;5.913666;0.340671305;0.641479747;Uncertain;Uncertain;Uncertain;Uncertain;Uncertain;Uncertain;Uncertain;Benign;Benign;Uncertain;Benign;;;;;False;False;False;False;False;True;False;False;False;False;;;False;False;False;False
P;75;K;;;;;;;6.0019226;0.34732904;0.645777512;Uncertain;Uncertain;Uncertain;Uncertain;Uncertain;Uncertain;Uncertain;Benign;Benign;Uncertain;Benign;;;;;False;False;False;False;False;True;False;False;False;False;;;False;False;False;False
P;75;L;;;;;;;5.863983;0.337020602;0.639039453;Uncertain;Uncertain;Uncertain;Uncertain;Uncertain;Uncertain;Uncertain;Benign;Benign;Uncertain;Benign;;;;;False;False;False;False;False;True;False;False;False;False;;;False;False;False;False
P;75;M;;;;;;;8.077789;0.632603643;0.657555423;Uncertain;Uncertain;Uncertain;Uncertain;Uncertain;Uncertain;Uncertain;Pathogenic;Pathogenic;Uncertain;Uncertain;;;;;False;False;False;False;False;False;False;False;False;False;;;False;False;False;False
P;75;N;;;;;;;8.972015;0.761623829;0.549200934;Uncertain;Uncertain;Uncertain;Uncertain;Pathogenic;Pathogenic;Pathogenic;Pathogenic;Pathogenic;Uncertain;Pathogenic;;;;;False;False;False;False;False;False;True;False;False;False;;;False;False;False;False
P;75;P;;;;;;;;;;;;;;;;;;;;;;;;;False;False;False;False;False;False;False;False;False;False;;;False;False;False;False
P;75;Q;;;;;;;5.7503967;0.328906393;0.633401454;Uncertain;Uncertain;Uncertain;Uncertain;Uncertain;Uncertain;Benign;Benign;Benign;Uncertain;Benign;;;;;False;False;False;False;False;True;False;False;False;False;;;False;False;False;False
P;75;R;;;;;;;4.4322815;0.24858173;0.560771645;Uncertain;Uncertain;Uncertain;Uncertain;Uncertain;Benign;Benign;Benign;Benign;Uncertain;Benign;;;;;False;False;False;False;False;True;False;False;False;False;;;False;False;False;False
P;75;S;;;;;;;7.9484253;0.6096782;0.668891814;Uncertain;Uncertain;Uncertain;Uncertain;Uncertain;Uncertain;Uncertain;Uncertain;Pathogenic;Uncertain;Uncertain;;;;;False;False;False;False;False;False;False;False;False;False;;;False;False;False;False
P;75;T;;;;;;;8.369385;0.681043919;0.626080075;Uncertain;Uncertain;Uncertain;Uncertain;Uncertain;Uncertain;Pathogenic;Pathogenic;Pathogenic;Uncertain;Pathogenic;;;;;False;False;False;False;False;False;True;False;False;False;;;False;False;False;False
P;75;V;;;;;;;8.144653;0.644161682;0.650986062;Uncertain;Uncertain;Uncertain;Uncertain;Uncertain;Uncertain;Uncertain;Pathogenic;Pathogenic;Uncertain;Pathogenic;;;;;False;False;False;False;False;False;True;False;False;False;;;False;False;False;False
P;75;W;;;;;;;10.209778;0.859910194;0.405126475;Uncertain;Uncertain;Pathogenic;Pathogenic;Pathogenic;Pathogenic;Pathogenic;Pathogenic;Pathogenic;Pathogenic;Pathogenic;;;;;False;False;False;False;False;False;True;False;False;False;;;False;False;False;False
P;75;Y;;;;;;;10.172791;0.857825755;0.408890823;Uncertain;Uncertain;Pathogenic;Pathogenic;Pathogenic;Pathogenic;Pathogenic;Pathogenic;Pathogenic;Uncertain;Pathogenic;;;;;False;False;False;False;False;False;True;False;False;False;;;False;False;False;False
K;76;A;;;;;;;0.025238037;0.089022213;0.300269724;Benign;Benign;Benign;Benign;Benign;Benign;Benign;Benign;Benign;Benign;Benign;;;;;False;False;False;False;False;True;False;False;False;False;;;False;False;False;False
K;76;C;;;;;;;1.5340881;0.12701337;0.380669552;Uncertain;Uncertain;Benign;Benign;Benign;Benign;Benign;Benign;Benign;Benign;Benign;;;;;False;False;False;False;False;True;False;False;False;False;;;False;False;False;False
K;76;D;;;;;;;-1.8892212;0.057928641;0.221229653;Benign;Benign;Benign;Benign;Benign;Benign;Benign;Benign;Benign;Benign;Benign;;;;;False;False;False;False;False;True;False;False;False;False;;;False;False;False;False
K;76;E;;;;;;;-2.3018494;0.053050861;0.207402173;Benign;Benign;Benign;Benign;Benign;Benign;Benign;Benign;Benign;Benign;Benign;;;;;False;False;False;False;False;True;False;False;False;False;;;False;False;False;False
K;76;F;;;;;;;1.7787476;0.13461849;0.395072899;Uncertain;Uncertain;Benign;Benign;Benign;Benign;Benign;Benign;Benign;Benign;Benign;;;;;False;False;False;False;False;True;False;False;False;False;;;False;False;False;False
K;76;G;;;;;;;-0.5482788;0.078016527;0.273898111;Benign;Benign;Benign;Benign;Benign;Benign;Benign;Benign;Benign;Benign;Benign;;;;;False;False;False;False;False;True;False;False;False;False;;;False;False;False;False
K;76;H;;;;;;;1.0215454;0.112469835;0.35164817;Uncertain;Benign;Benign;Benign;Benign;Benign;Benign;Benign;Benign;Benign;Benign;;;;;False;False;False;False;False;True;False;False;False;False;;;False;False;False;False
K;76;I;;;;;;;3.2748718;0.191492962;0.488380548;Uncertain;Uncertain;Uncertain;Benign;Benign;Benign;Benign;Benign;Benign;Uncertain;Benign;;;;;False;False;False;False;False;True;False;False;False;False;;;False;False;False;False
K;76;K;;;;;;;;;;;;;;;;;;;;;;;;;False;False;False;False;False;False;False;False;False;False;;;False;False;False;False
K;76;L;;;;;;;1.2089233;0.117575895;0.362067146;Uncertain;Benign;Benign;Benign;Benign;Benign;Benign;Benign;Benign;Benign;Benign;;;;;False;False;False;False;False;True;False;False;False;False;;;False;False;False;False
K;76;M;;;;;;;1.6030273;0.129111536;0.384694276;Uncertain;Uncertain;Benign;Benign;Benign;Benign;Benign;Benign;Benign;Benign;Benign;;;;;False;False;False;False;False;True;False;False;False;False;;;False;False;False;False
K;76;N;;;;;;;-1.0874023;0.069076668;0.251244;Benign;Benign;Benign;Benign;Benign;Benign;Benign;Benign;Benign;Benign;Benign;;;;;False;False;False;False;False;True;False;False;False;False;;;False;False;False;False
K;76;P;;;;;;;4.4823914;0.251313837;0.563773944;Uncertain;Uncertain;Uncertain;Uncertain;Uncertain;Benign;Benign;Benign;Benign;Uncertain;Benign;;;;;False;False;False;False;False;True;False;False;False;False;;;False;False;False;False
K;76;Q;;;;;;;-0.72802734;0.074893749;0.266117446;Benign;Benign;Benign;Benign;Benign;Benign;Benign;Benign;Benign;Benign;Benign;;;;;False;False;False;False;False;True;False;False;False;False;;;False;False;False;False
K;76;R;;;;;;;1.7478027;0.133631951;0.393233035;Uncertain;Uncertain;Benign;Benign;Benign;Benign;Benign;Benign;Benign;Benign;Benign;;;;;False;False;False;False;False;True;False;False;False;False;;;False;False;False;False
K;76;S;;;;;;;-1.1871948;0.067556909;0.247273084;Benign;Benign;Benign;Benign;Benign;Benign;Benign;Benign;Benign;Benign;Benign;;;;;False;False;False;False;False;True;False;False;False;False;;;False;False;False;False
K;76;T;;;;;;;-2.1691284;0.054562035;0.211734839;Benign;Benign;Benign;Benign;Benign;Benign;Benign;Benign;Benign;Benign;Benign;;;;;False;False;False;False;False;True;False;False;False;False;;;False;False;False;False
K;76;V;;;;;;;1.0806274;0.114054318;0.354908803;Uncertain;Benign;Benign;Benign;Benign;Benign;Benign;Benign;Benign;Benign;Benign;;;;;False;False;False;False;False;True;False;False;False;False;;;False;False;False;False
K;76;W;;;;;;;2.891693;0.17514619;0.463953048;Uncertain;Uncertain;Uncertain;Benign;Benign;Benign;Benign;Benign;Benign;Uncertain;Benign;;;;;False;False;False;False;False;True;False;False;False;False;;;False;False;False;False
K;76;Y;;;;;;;1.6968689;0.132023821;0.390215879;Uncertain;Uncertain;Benign;Benign;Benign;Benign;Benign;Benign;Benign;Benign;Benign;;;;;False;False;False;False;False;True;False;False;False;False;;;False;False;False;False
D;77;A;;;;;;;2.4968262;0.159609663;0.439022045;Uncertain;Uncertain;Uncertain;Benign;Benign;Benign;Benign;Benign;Benign;Uncertain;Benign;;;;;False;False;True;False;False;True;False;False;False;False;;;False;False;False;False
D;77;C;;;;;;;7.215027;0.481359684;0.692452097;Uncertain;Uncertain;Uncertain;Uncertain;Uncertain;Uncertain;Uncertain;Uncertain;Uncertain;Uncertain;Uncertain;;;;;False;False;True;False;False;False;False;False;False;False;;;False;False;False;False
D;77;D;;;;;;;;;;;;;;;;;;;;;;;;;False;False;True;False;False;False;False;False;False;False;;;False;False;False;False
D;77;E;;;;;;;5.0088806;0.281363175;0.59423618;Uncertain;Uncertain;Uncertain;Uncertain;Uncertain;Benign;Benign;Benign;Benign;Uncertain;Benign;;;;;False;False;True;False;False;True;False;False;False;False;;;False;False;False;False
D;77;F;;;;;;;8.511902;0.702590466;0.608653402;Uncertain;Uncertain;Uncertain;Uncertain;Uncertain;Uncertain;Pathogenic;Pathogenic;Pathogenic;Uncertain;Pathogenic;;;;;False;False;True;False;False;False;True;False;False;True;pathogenic;Likely Pathogenic;False;False;False;False
D;77;G;;;;;;;6.4571533;0.386430265;0.667124489;Uncertain;Uncertain;Uncertain;Uncertain;Uncertain;Uncertain;Uncertain;Uncertain;Benign;Uncertain;Uncertain;;;;;False;False;True;False;False;False;False;False;False;False;;;False;False;False;False
D;77;H;;;;;;;4.635376;0.259789439;0.572836561;Uncertain;Uncertain;Uncertain;Uncertain;Uncertain;Benign;Benign;Benign;Benign;Uncertain;Benign;;;;;False;False;True;False;False;True;False;False;False;False;;;False;False;False;False
D;77;I;;;;;;;8.077454;0.632545172;0.657587189;Uncertain;Uncertain;Uncertain;Uncertain;Uncertain;Uncertain;Uncertain;Pathogenic;Pathogenic;Uncertain;Uncertain;;;;;False;False;True;False;False;False;False;False;False;False;;;False;False;False;False
D;77;K;;;;;;;7.2581177;0.488174182;0.692867455;Uncertain;Uncertain;Uncertain;Uncertain;Uncertain;Uncertain;Uncertain;Uncertain;Uncertain;Uncertain;Uncertain;;;;;False;False;True;False;False;False;False;False;False;False;;;False;False;False;False
D;77;L;;;;;;;8.433563;0.690935502;0.618350105;Uncertain;Uncertain;Uncertain;Uncertain;Uncertain;Uncertain;Pathogenic;Pathogenic;Pathogenic;Uncertain;Pathogenic;;;;;False;False;True;False;False;False;True;False;False;True;pathogenic;Likely Pathogenic;False;False;False;False
D;77;M;;;;;;;8.0589905;0.629314487;0.659319515;Uncertain;Uncertain;Uncertain;Uncertain;Uncertain;Uncertain;Uncertain;Pathogenic;Pathogenic;Uncertain;Uncertain;;;;;False;False;True;False;False;False;False;False;False;False;;;False;False;False;False
D;77;N;;;;;;;4.7600403;0.266848024;0.580098549;Uncertain;Uncertain;Uncertain;Uncertain;Uncertain;Benign;Benign;Benign;Benign;Uncertain;Benign;;;;;False;False;True;False;False;True;False;False;False;False;;;False;False;False;False
D;77;P;;;;;;;9.179016;0.783312562;0.522683274;Uncertain;Uncertain;Uncertain;Uncertain;Pathogenic;Pathogenic;Pathogenic;Pathogenic;Pathogenic;Uncertain;Pathogenic;;;;;False;False;True;False;False;False;True;False;False;True;pathogenic;Likely Pathogenic;False;False;False;False
D;77;Q;;;;;;;7.2627563;0.488916333;0.692901465;Uncertain;Uncertain;Uncertain;Uncertain;Uncertain;Uncertain;Uncertain;Uncertain;Uncertain;Uncertain;Uncertain;;;;;False;False;True;False;False;False;False;False;False;False;;;False;False;False;False
D;77;R;;;;;;;9.19043;0.784430856;0.521242492;Uncertain;Uncertain;Uncertain;Uncertain;Pathogenic;Pathogenic;Pathogenic;Pathogenic;Pathogenic;Uncertain;Pathogenic;;;;;False;False;True;False;False;False;True;False;False;True;pathogenic;Likely Pathogenic;False;False;False;False
D;77;S;;;;;;;3.269928;0.191273984;0.48806499;Uncertain;Uncertain;Uncertain;Benign;Benign;Benign;Benign;Benign;Benign;Uncertain;Benign;;;;;False;False;True;False;False;True;False;False;False;False;;;False;False;False;False
D;77;T;;;;;;;6.743622;0.416964335;0.679293241;Uncertain;Uncertain;Uncertain;Uncertain;Uncertain;Uncertain;Uncertain;Uncertain;Benign;Uncertain;Uncertain;;;;;False;False;True;False;False;False;False;False;False;False;;;False;False;False;False
D;77;V;Likely pathogenic;1;1;pathogenic;;;6.671875;0.40877131;0.676408225;Uncertain;Uncertain;Uncertain;Uncertain;Uncertain;Uncertain;Uncertain;Uncertain;Benign;Uncertain;Uncertain;6.7414246;0.416707538;0.679207015;Uncertain;False;False;True;True;False;False;False;False;False;False;pathogenic;Likely pathogenic;False;False;False;False
D;77;W;;;;;;;9.222351;0.787517697;0.51722702;Uncertain;Uncertain;Uncertain;Uncertain;Pathogenic;Pathogenic;Pathogenic;Pathogenic;Pathogenic;Uncertain;Pathogenic;;;;;False;False;True;False;False;False;True;False;False;True;pathogenic;Likely Pathogenic;False;False;False;False
D;77;Y;Likely pathogenic;1;1;pathogenic;;;7.401703;0.511865369;0.69286558;Uncertain;Uncertain;Uncertain;Uncertain;Uncertain;Uncertain;Uncertain;Uncertain;Uncertain;Uncertain;Uncertain;7.3636475;0.505448592;0.693087805;Uncertain;False;False;True;True;False;False;False;False;False;False;pathogenic;Likely pathogenic;False;False;False;False
E;78;A;;;;;;;1.00531;0.112038489;0.350756181;Uncertain;Benign;Benign;Benign;Benign;Benign;Benign;Benign;Benign;Benign;Benign;;;;;False;False;False;False;False;True;False;False;False;False;;;False;False;False;False
E;78;C;;;;;;;6.451355;0.38586808;0.6668639;Uncertain;Uncertain;Uncertain;Uncertain;Uncertain;Uncertain;Uncertain;Uncertain;Benign;Uncertain;Uncertain;;;;;False;False;False;False;False;False;False;False;False;False;;;False;False;False;False
E;78;D;;;;;;;1.7814636;0.134705422;0.395234624;Uncertain;Uncertain;Benign;Benign;Benign;Benign;Benign;Benign;Benign;Benign;Benign;;;;;False;False;False;False;False;True;False;False;False;False;;;False;False;False;False
E;78;E;;;;;;;;;;;;;;;;;;;;;;;;;False;False;False;False;False;False;False;False;False;False;;;False;False;False;False
E;78;F;;;;;;;5.7061768;0.325826338;0.631183433;Uncertain;Uncertain;Uncertain;Uncertain;Uncertain;Uncertain;Benign;Benign;Benign;Uncertain;Benign;;;;;False;False;False;False;False;True;False;False;False;False;;;False;False;False;False
E;78;G;;;;;;;4.43692;0.248833723;0.561050227;Uncertain;Uncertain;Uncertain;Uncertain;Uncertain;Benign;Benign;Benign;Benign;Uncertain;Benign;;;;;False;False;False;False;False;True;False;False;False;False;;;False;False;False;False
E;78;H;;;;;;;4.4209595;0.247967422;0.560091093;Uncertain;Uncertain;Uncertain;Uncertain;Uncertain;Benign;Benign;Benign;Benign;Uncertain;Benign;;;;;False;False;False;False;False;True;False;False;False;False;;;False;False;False;False
E;78;I;;;;;;;3.9700928;0.224398286;0.532418624;Uncertain;Uncertain;Uncertain;Uncertain;Benign;Benign;Benign;Benign;Benign;Uncertain;Benign;;;;;False;False;False;False;False;True;False;False;False;False;;;False;False;False;False
E;78;K;;;;;;;2.2745972;0.151435592;0.425191207;Uncertain;Uncertain;Benign;Benign;Benign;Benign;Benign;Benign;Benign;Uncertain;Benign;;;;;False;False;False;False;False;True;False;False;False;False;;;False;False;False;False
E;78;L;;;;;;;3.6007385;0.206394545;0.509140368;Uncertain;Uncertain;Uncertain;Uncertain;Benign;Benign;Benign;Benign;Benign;Uncertain;Benign;;;;;False;False;False;False;False;True;False;False;False;False;;;False;False;False;False
E;78;M;;;;;;;5.8382263;0.335153376;0.637768279;Uncertain;Uncertain;Uncertain;Uncertain;Uncertain;Uncertain;Uncertain;Benign;Benign;Uncertain;Benign;;;;;False;False;False;False;False;True;False;False;False;False;;;False;False;False;False
E;78;N;;;;;;;3.4555054;0.199639268;0.499901936;Uncertain;Uncertain;Uncertain;Uncertain;Benign;Benign;Benign;Benign;Benign;Uncertain;Benign;;;;;False;False;False;False;False;True;False;False;False;False;;;False;False;False;False
E;78;P;;;;;;;3.2623596;0.190939163;0.487581899;Uncertain;Uncertain;Uncertain;Benign;Benign;Benign;Benign;Benign;Benign;Uncertain;Benign;;;;;False;False;False;False;False;True;False;False;False;False;;;False;False;False;False
E;78;Q;;;;;;;2.6582642;0.165803266;0.449168932;Uncertain;Uncertain;Uncertain;Benign;Benign;Benign;Benign;Benign;Benign;Uncertain;Benign;;;;;False;False;False;False;False;True;False;False;False;False;;;False;False;False;False
E;78;R;;;;;;;3.2443848;0.19014596;0.486434538;Uncertain;Uncertain;Uncertain;Benign;Benign;Benign;Benign;Benign;Benign;Uncertain;Benign;;;;;False;False;False;False;False;True;False;False;False;False;;;False;False;False;False
E;78;S;;;;;;;1.6512756;0.13060073;0.387527075;Uncertain;Uncertain;Benign;Benign;Benign;Benign;Benign;Benign;Benign;Benign;Benign;;;;;False;False;False;False;False;True;False;False;False;False;;;False;False;False;False
E;78;T;;;;;;;1.8807068;0.137920379;0.401170335;Uncertain;Uncertain;Benign;Benign;Benign;Benign;Benign;Benign;Benign;Benign;Benign;;;;;False;False;False;False;False;True;False;False;False;False;;;False;False;False;False
E;78;V;;;;;;;3.319275;0.193469235;0.491214468;Uncertain;Uncertain;Uncertain;Benign;Benign;Benign;Benign;Benign;Benign;Uncertain;Benign;;;;;False;False;False;False;False;True;False;False;False;False;;;False;False;False;False
E;78;W;;;;;;;5.9255676;0.341555831;0.642062062;Uncertain;Uncertain;Uncertain;Uncertain;Uncertain;Uncertain;Uncertain;Benign;Benign;Uncertain;Benign;;;;;False;False;False;False;False;True;False;False;False;False;;;False;False;False;False
E;78;Y;;;;;;;5.4376526;0.307902248;0.617411913;Uncertain;Uncertain;Uncertain;Uncertain;Uncertain;Uncertain;Benign;Benign;Benign;Uncertain;Benign;;;;;False;False;False;False;False;True;False;False;False;False;;;False;False;False;False
E;79;A;;;;;;;4.4675293;0.250501264;0.562885169;Uncertain;Uncertain;Uncertain;Uncertain;Uncertain;Benign;Benign;Benign;Benign;Uncertain;Benign;;;;;False;False;False;False;False;True;False;False;False;False;;;False;False;False;False
E;79;C;;;;;;;7.5443115;0.536643215;0.690459321;Uncertain;Uncertain;Uncertain;Uncertain;Uncertain;Uncertain;Uncertain;Uncertain;Uncertain;Uncertain;Uncertain;;;;;False;False;False;False;False;False;False;False;False;False;;;False;False;False;False
E;79;D;;;;;;;1.9353027;0.139721144;0.404456958;Uncertain;Uncertain;Benign;Benign;Benign;Benign;Benign;Benign;Benign;Benign;Benign;;;;;False;False;False;False;False;True;False;False;False;False;;;False;False;False;False
E;79;E;;;;;;;;;;;;;;;;;;;;;;;;;False;False;False;False;False;False;False;False;False;False;;;False;False;False;False
E;79;F;;;;;;;4.5814514;0.256778682;0.56966048;Uncertain;Uncertain;Uncertain;Uncertain;Uncertain;Benign;Benign;Benign;Benign;Uncertain;Benign;;;;;False;False;False;False;False;True;False;False;False;False;;;False;False;False;False
E;79;G;;;;;;;6.5634766;0.397107439;0.671821389;Uncertain;Uncertain;Uncertain;Uncertain;Uncertain;Uncertain;Uncertain;Uncertain;Benign;Uncertain;Uncertain;;;;;False;False;False;False;False;False;False;False;False;False;;;False;False;False;False
E;79;H;;;;;;;4.09964;0.230991803;0.540471974;Uncertain;Uncertain;Uncertain;Uncertain;Benign;Benign;Benign;Benign;Benign;Uncertain;Benign;;;;;False;False;False;False;False;True;False;False;False;False;;;False;False;False;False
E;79;I;;;;;;;1.4130249;0.123412147;0.373668775;Uncertain;Benign;Benign;Benign;Benign;Benign;Benign;Benign;Benign;Benign;Benign;;;;;False;False;False;False;False;True;False;False;False;False;;;False;False;False;False
E;79;K;;;;;;;3.3579407;0.195204075;0.493681546;Uncertain;Uncertain;Uncertain;Benign;Benign;Benign;Benign;Benign;Benign;Uncertain;Benign;;;;;False;False;False;False;False;True;False;False;False;False;;;False;False;False;False
E;79;L;;;;;;;4.389679;0.246275938;0.558206738;Uncertain;Uncertain;Uncertain;Uncertain;Uncertain;Benign;Benign;Benign;Benign;Uncertain;Benign;;;;;False;False;False;False;False;True;False;False;False;False;;;False;False;False;False
E;79;M;;;;;;;3.980896;0.224942615;0.533092859;Uncertain;Uncertain;Uncertain;Uncertain;Benign;Benign;Benign;Benign;Benign;Uncertain;Benign;;;;;False;False;False;False;False;True;False;False;False;False;;;False;False;False;False
E;79;N;;;;;;;0.7196655;0.104729168;0.335351468;Uncertain;Benign;Benign;Benign;Benign;Benign;Benign;Benign;Benign;Benign;Benign;;;;;False;False;False;False;False;True;False;False;False;False;;;False;False;False;False
E;79;P;;;;;;;5.7070007;0.325883351;0.631224881;Uncertain;Uncertain;Uncertain;Uncertain;Uncertain;Uncertain;Benign;Benign;Benign;Uncertain;Benign;;;;;False;False;False;False;False;True;False;False;False;False;;;False;False;False;False
E;79;Q;;;;;;;3.8494568;0.218388282;0.524860481;Uncertain;Uncertain;Uncertain;Uncertain;Benign;Benign;Benign;Benign;Benign;Uncertain;Benign;;;;;False;False;False;False;False;True;False;False;False;False;;;False;False;False;False
E;79;R;;;;;;;4.731659;0.265228878;0.578455411;Uncertain;Uncertain;Uncertain;Uncertain;Uncertain;Benign;Benign;Benign;Benign;Uncertain;Benign;;;;;False;False;False;False;False;True;False;False;False;False;;;False;False;False;False
E;79;S;;;;;;;3.9775696;0.224774904;0.532885305;Uncertain;Uncertain;Uncertain;Uncertain;Benign;Benign;Benign;Benign;Benign;Uncertain;Benign;;;;;False;False;False;False;False;True;False;False;False;False;;;False;False;False;False
E;79;T;;;;;;;2.5763855;0.162634833;0.44401332;Uncertain;Uncertain;Uncertain;Benign;Benign;Benign;Benign;Benign;Benign;Uncertain;Benign;;;;;False;False;False;False;False;True;False;False;False;False;;;False;False;False;False
E;79;V;;;;;;;0.5008545;0.09947579;0.323929637;Uncertain;Benign;Benign;Benign;Benign;Benign;Benign;Benign;Benign;Benign;Benign;;;;;False;False;False;False;False;True;False;False;False;False;;;False;False;False;False
E;79;W;;;;;;;6.9520264;0.443105731;0.686659221;Uncertain;Uncertain;Uncertain;Uncertain;Uncertain;Uncertain;Uncertain;Uncertain;Uncertain;Uncertain;Uncertain;;;;;False;False;False;False;False;False;False;False;False;False;;;False;False;False;False
E;79;Y;;;;;;;5.113983;0.287675485;0.600057207;Uncertain;Uncertain;Uncertain;Uncertain;Uncertain;Uncertain;Benign;Benign;Benign;Uncertain;Benign;;;;;False;False;False;False;False;True;False;False;False;False;;;False;False;False;False
R;80;A;;;;;;;10.512146;0.875618016;0.37556581;Uncertain;Pathogenic;Pathogenic;Pathogenic;Pathogenic;Pathogenic;Pathogenic;Pathogenic;Pathogenic;Pathogenic;Pathogenic;;;;;False;False;False;False;False;False;True;False;False;False;;;False;False;False;False
R;80;C;;;;;;;10.278442;0.86368097;0.39822477;Uncertain;Uncertain;Pathogenic;Pathogenic;Pathogenic;Pathogenic;Pathogenic;Pathogenic;Pathogenic;Pathogenic;Pathogenic;;;;;False;False;False;False;False;False;True;False;False;False;;;False;False;False;False
R;80;D;;;;;;;11.057892;0.898863611;0.327572725;Uncertain;Pathogenic;Pathogenic;Pathogenic;Pathogenic;Pathogenic;Pathogenic;Pathogenic;Pathogenic;Pathogenic;Pathogenic;;;;;False;False;False;False;False;False;True;False;False;False;;;False;False;False;False
R;80;E;;;;;;;11.02359;0.89757165;0.330386075;Uncertain;Pathogenic;Pathogenic;Pathogenic;Pathogenic;Pathogenic;Pathogenic;Pathogenic;Pathogenic;Pathogenic;Pathogenic;;;;;False;False;False;False;False;False;True;False;False;False;;;False;False;False;False
R;80;F;;;;;;;11.054565;0.898739223;0.327844387;Uncertain;Pathogenic;Pathogenic;Pathogenic;Pathogenic;Pathogenic;Pathogenic;Pathogenic;Pathogenic;Pathogenic;Pathogenic;;;;;False;False;False;False;False;False;True;False;False;False;;;False;False;False;False
R;80;G;;;;;;;8.244171;0.660899109;0.640437302;Uncertain;Uncertain;Uncertain;Uncertain;Uncertain;Uncertain;Uncertain;Pathogenic;Pathogenic;Uncertain;Pathogenic;;;;;False;False;False;False;False;False;True;False;False;False;;;False;False;False;False
R;80;H;;;;;;;8.329895;0.674808269;0.630721078;Uncertain;Uncertain;Uncertain;Uncertain;Uncertain;Uncertain;Pathogenic;Pathogenic;Pathogenic;Uncertain;Pathogenic;;;;;False;False;False;False;False;False;True;False;False;False;;;False;False;False;False
R;80;I;;;;;;;10.971741;0.895578479;0.33469083;Uncertain;Pathogenic;Pathogenic;Pathogenic;Pathogenic;Pathogenic;Pathogenic;Pathogenic;Pathogenic;Pathogenic;Pathogenic;;;;;False;False;False;False;False;False;True;False;False;False;;;False;False;False;False
R;80;K;;;;;;;6.0286865;0.349395399;0.647071564;Uncertain;Uncertain;Uncertain;Uncertain;Uncertain;Uncertain;Uncertain;Benign;Benign;Uncertain;Benign;;;;;False;False;False;False;False;True;False;False;False;False;;;False;False;False;False
R;80;L;;;;;;;9.789734;0.833779619;0.449842222;Uncertain;Uncertain;Uncertain;Pathogenic;Pathogenic;Pathogenic;Pathogenic;Pathogenic;Pathogenic;Uncertain;Pathogenic;;;;;False;False;False;False;False;False;True;False;False;False;;;False;False;False;False
R;80;M;;;;;;;11.032227;0.897898942;0.329675095;Uncertain;Pathogenic;Pathogenic;Pathogenic;Pathogenic;Pathogenic;Pathogenic;Pathogenic;Pathogenic;Pathogenic;Pathogenic;;;;;False;False;False;False;False;False;True;False;False;False;;;False;False;False;False
R;80;N;;;;;;;8.565826;0.710339875;0.601847083;Uncertain;Uncertain;Uncertain;Uncertain;Uncertain;Uncertain;Pathogenic;Pathogenic;Pathogenic;Uncertain;Pathogenic;;;;;False;False;False;False;False;False;True;False;False;False;;;False;False;False;False
R;80;P;;;;;;;10.580902;0.878884689;0.369141296;Uncertain;Pathogenic;Pathogenic;Pathogenic;Pathogenic;Pathogenic;Pathogenic;Pathogenic;Pathogenic;Pathogenic;Pathogenic;;;;;False;False;False;False;False;False;True;False;False;False;;;False;False;False;False
R;80;Q;;;;;;;9.043396;0.769414157;0.539983254;Uncertain;Uncertain;Uncertain;Uncertain;Pathogenic;Pathogenic;Pathogenic;Pathogenic;Pathogenic;Uncertain;Pathogenic;;;;;False;False;False;False;False;False;True;False;False;False;;;False;False;False;False
R;80;R;;;;;;;;;;;;;;;;;;;;;;;;;False;False;False;False;False;False;False;False;False;False;;;False;False;False;False
R;80;S;;;;;;;7.4335327;0.51730115;0.692548401;Uncertain;Uncertain;Uncertain;Uncertain;Uncertain;Uncertain;Uncertain;Uncertain;Uncertain;Uncertain;Uncertain;;;;;False;False;False;False;False;False;False;False;False;False;;;False;False;False;False
R;80;T;;;;;;;11.003693;0.89681255;0.332030598;Uncertain;Pathogenic;Pathogenic;Pathogenic;Pathogenic;Pathogenic;Pathogenic;Pathogenic;Pathogenic;Pathogenic;Pathogenic;;;;;False;False;False;False;False;False;True;False;False;False;;;False;False;False;False
R;80;V;;;;;;;10.983215;0.896023781;0.333732798;Uncertain;Pathogenic;Pathogenic;Pathogenic;Pathogenic;Pathogenic;Pathogenic;Pathogenic;Pathogenic;Pathogenic;Pathogenic;;;;;False;False;False;False;False;False;True;False;False;False;;;False;False;False;False
R;80;W;;;;;;;12.194855;0.930893273;0.251322175;Pathogenic;Pathogenic;Pathogenic;Pathogenic;Pathogenic;Pathogenic;Pathogenic;Pathogenic;Pathogenic;Pathogenic;Pathogenic;;;;;False;False;False;False;False;False;True;False;False;False;;;False;False;False;False
R;80;Y;;;;;;;10.858704;0.891060499;0.344292348;Uncertain;Pathogenic;Pathogenic;Pathogenic;Pathogenic;Pathogenic;Pathogenic;Pathogenic;Pathogenic;Pathogenic;Pathogenic;;;;;False;False;False;False;False;False;True;False;False;False;;;False;False;False;False
H;81;A;;;;;;;11.870422;0.923780672;0.269437126;Pathogenic;Pathogenic;Pathogenic;Pathogenic;Pathogenic;Pathogenic;Pathogenic;Pathogenic;Pathogenic;Pathogenic;Pathogenic;;;;;False;False;False;False;False;False;True;False;False;False;;;False;False;False;False
H;81;C;;;;;;;11.348572;0.908995239;0.30485633;Uncertain;Pathogenic;Pathogenic;Pathogenic;Pathogenic;Pathogenic;Pathogenic;Pathogenic;Pathogenic;Pathogenic;Pathogenic;;;;;False;False;False;False;False;False;True;False;False;False;;;False;False;False;False
H;81;D;;;;;;;11.74408;0.920584261;0.277340079;Pathogenic;Pathogenic;Pathogenic;Pathogenic;Pathogenic;Pathogenic;Pathogenic;Pathogenic;Pathogenic;Pathogenic;Pathogenic;;;;;False;False;False;False;False;False;True;False;False;False;;;False;False;False;False
H;81;E;;;;;;;11.735474;0.920357777;0.277894685;Pathogenic;Pathogenic;Pathogenic;Pathogenic;Pathogenic;Pathogenic;Pathogenic;Pathogenic;Pathogenic;Pathogenic;Pathogenic;;;;;False;False;False;False;False;False;True;False;False;False;;;False;False;False;False
H;81;F;;;;;;;11.793457;0.921862084;0.274197792;Pathogenic;Pathogenic;Pathogenic;Pathogenic;Pathogenic;Pathogenic;Pathogenic;Pathogenic;Pathogenic;Pathogenic;Pathogenic;;;;;False;False;False;False;False;False;True;False;False;False;;;False;False;False;False
H;81;G;;;;;;;11.727081;0.920135818;0.278437531;Pathogenic;Pathogenic;Pathogenic;Pathogenic;Pathogenic;Pathogenic;Pathogenic;Pathogenic;Pathogenic;Pathogenic;Pathogenic;;;;;False;False;False;False;False;False;True;False;False;False;;;False;False;False;False
H;81;H;;;;;;;;;;;;;;;;;;;;;;;;;False;False;False;False;False;False;False;False;False;False;;;False;False;False;False
H;81;I;;;;;;;11.797394;0.921962386;0.273950184;Pathogenic;Pathogenic;Pathogenic;Pathogenic;Pathogenic;Pathogenic;Pathogenic;Pathogenic;Pathogenic;Pathogenic;Pathogenic;;;;;False;False;False;False;False;False;True;False;False;False;;;False;False;False;False
H;81;K;;;;;;;11.872955;0.923842304;0.269283336;Pathogenic;Pathogenic;Pathogenic;Pathogenic;Pathogenic;Pathogenic;Pathogenic;Pathogenic;Pathogenic;Pathogenic;Pathogenic;;;;;False;False;False;False;False;False;True;False;False;False;;;False;False;False;False
H;81;L;;;;;;;11.863647;0.923615353;0.26984938;Pathogenic;Pathogenic;Pathogenic;Pathogenic;Pathogenic;Pathogenic;Pathogenic;Pathogenic;Pathogenic;Pathogenic;Pathogenic;;;;;False;False;False;False;False;False;True;False;False;False;;;False;False;False;False
H;81;M;;;;;;;7.8504333;0.591974564;0.676131811;Uncertain;Uncertain;Uncertain;Uncertain;Uncertain;Uncertain;Uncertain;Uncertain;Pathogenic;Uncertain;Uncertain;;;;;False;False;False;False;False;False;False;False;False;False;;;False;False;False;False
H;81;N;;;;;;;10.684418;0.883607873;0.359674383;Uncertain;Pathogenic;Pathogenic;Pathogenic;Pathogenic;Pathogenic;Pathogenic;Pathogenic;Pathogenic;Pathogenic;Pathogenic;;;;;False;False;False;False;False;False;True;False;False;False;;;False;False;False;False
H;81;P;;;;;;;11.816101;0.922435795;0.272779629;Pathogenic;Pathogenic;Pathogenic;Pathogenic;Pathogenic;Pathogenic;Pathogenic;Pathogenic;Pathogenic;Pathogenic;Pathogenic;;;;;False;False;False;False;False;False;True;False;False;False;;;False;False;False;False
H;81;Q;;;;;;;11.85025;0.923286423;0.270668477;Pathogenic;Pathogenic;Pathogenic;Pathogenic;Pathogenic;Pathogenic;Pathogenic;Pathogenic;Pathogenic;Pathogenic;Pathogenic;;;;;False;False;False;False;False;False;True;False;False;False;;;False;False;False;False
H;81;R;Pathogenic;0;1;uncertain;3.98E-06;3.98E-06;9.336334;0.79806985;0.503066565;Uncertain;Uncertain;Uncertain;Uncertain;Pathogenic;Pathogenic;Pathogenic;Pathogenic;Pathogenic;Uncertain;Pathogenic;9.317749;0.796397886;0.505355647;Pathogenic;False;False;False;True;False;False;True;False;False;False;pathogenic;Pathogenic;False;False;False;False
H;81;S;;;;;;;11.9756775;0.92626081;0.263205407;Pathogenic;Pathogenic;Pathogenic;Pathogenic;Pathogenic;Pathogenic;Pathogenic;Pathogenic;Pathogenic;Pathogenic;Pathogenic;;;;;False;False;False;False;False;False;True;False;False;False;;;False;False;False;False
H;81;T;;;;;;;11.889679;0.924246813;0.268272623;Pathogenic;Pathogenic;Pathogenic;Pathogenic;Pathogenic;Pathogenic;Pathogenic;Pathogenic;Pathogenic;Pathogenic;Pathogenic;;;;;False;False;False;False;False;False;True;False;False;False;;;False;False;False;False
H;81;V;;;;;;;11.776581;0.92142949;0.275264103;Pathogenic;Pathogenic;Pathogenic;Pathogenic;Pathogenic;Pathogenic;Pathogenic;Pathogenic;Pathogenic;Pathogenic;Pathogenic;;;;;False;False;False;False;False;False;True;False;False;False;;;False;False;False;False
H;81;W;;;;;;;11.839081;0.923010137;0.271355298;Pathogenic;Pathogenic;Pathogenic;Pathogenic;Pathogenic;Pathogenic;Pathogenic;Pathogenic;Pathogenic;Pathogenic;Pathogenic;;;;;False;False;False;False;False;False;True;False;False;False;;;False;False;False;False
H;81;Y;;;;;;;11.796875;0.921949177;0.2739828;Pathogenic;Pathogenic;Pathogenic;Pathogenic;Pathogenic;Pathogenic;Pathogenic;Pathogenic;Pathogenic;Pathogenic;Pathogenic;;;;;False;False;False;False;False;False;True;False;False;False;;;False;False;False;False
V;82;A;;;;;;;1.6426697;0.130333847;0.387020843;Uncertain;Uncertain;Benign;Benign;Benign;Benign;Benign;Benign;Benign;Benign;Benign;;;;;False;False;False;False;False;True;False;False;False;False;;;False;False;False;False
V;82;C;;;;;;;9.055176;0.770667455;0.538468589;Uncertain;Uncertain;Uncertain;Uncertain;Pathogenic;Pathogenic;Pathogenic;Pathogenic;Pathogenic;Uncertain;Pathogenic;;;;;False;False;False;False;False;False;True;False;False;False;;;False;False;False;False
V;82;D;;;;;;;7.568878;0.54100786;0.689780111;Uncertain;Uncertain;Uncertain;Uncertain;Uncertain;Uncertain;Uncertain;Uncertain;Uncertain;Uncertain;Uncertain;;;;;False;False;False;False;False;False;False;False;False;False;;;False;False;False;False
V;82;E;;;;;;;6.209198;0.364000279;0.65568514;Uncertain;Uncertain;Uncertain;Uncertain;Uncertain;Uncertain;Uncertain;Benign;Benign;Uncertain;Uncertain;;;;;False;False;False;False;False;False;False;False;False;False;;;False;False;False;False
V;82;F;;;;;;;4.9497986;0.2778636;0.590924232;Uncertain;Uncertain;Uncertain;Uncertain;Uncertain;Benign;Benign;Benign;Benign;Uncertain;Benign;;;;;False;False;False;False;False;True;False;False;False;False;;;False;False;False;False
V;82;G;;;;;;;8.715179;0.730632387;0.582628838;Uncertain;Uncertain;Uncertain;Uncertain;Uncertain;Pathogenic;Pathogenic;Pathogenic;Pathogenic;Uncertain;Pathogenic;;;;;False;False;False;False;False;False;True;False;False;False;;;False;False;False;False
V;82;H;;;;;;;6.22171;0.365060597;0.656274417;Uncertain;Uncertain;Uncertain;Uncertain;Uncertain;Uncertain;Uncertain;Benign;Benign;Uncertain;Uncertain;;;;;False;False;False;False;False;False;False;False;False;False;;;False;False;False;False
V;82;I;;;;;;;2.8857117;0.174901017;0.463572923;Uncertain;Uncertain;Uncertain;Benign;Benign;Benign;Benign;Benign;Benign;Uncertain;Benign;;;;;False;False;False;False;False;True;False;False;False;False;;;False;False;False;False
V;82;K;;;;;;;8.774048;0.738162749;0.574969865;Uncertain;Uncertain;Uncertain;Uncertain;Uncertain;Pathogenic;Pathogenic;Pathogenic;Pathogenic;Uncertain;Pathogenic;;;;;False;False;False;False;False;False;True;False;False;False;;;False;False;False;False
V;82;L;;;;;;;3.6313782;0.207843096;0.511084877;Uncertain;Uncertain;Uncertain;Uncertain;Benign;Benign;Benign;Benign;Benign;Uncertain;Benign;;;;;False;False;False;False;False;True;False;False;False;False;;;False;False;False;False
V;82;M;;;;;;;5.4715576;0.310100244;0.619180848;Uncertain;Uncertain;Uncertain;Uncertain;Uncertain;Uncertain;Benign;Benign;Benign;Uncertain;Benign;;;;;False;False;False;False;False;True;False;False;False;False;;;False;False;False;False
V;82;N;;;;;;;6.7408752;0.416643392;0.679185433;Uncertain;Uncertain;Uncertain;Uncertain;Uncertain;Uncertain;Uncertain;Uncertain;Benign;Uncertain;Uncertain;;;;;False;False;False;False;False;False;False;False;False;False;;;False;False;False;False
V;82;P;;;;;;;7.9890747;0.616949348;0.665537838;Uncertain;Uncertain;Uncertain;Uncertain;Uncertain;Uncertain;Uncertain;Pathogenic;Pathogenic;Uncertain;Uncertain;;;;;False;False;False;False;False;False;False;False;False;False;;;False;False;False;False
V;82;Q;;;;;;;8.110291;0.638250572;0.654418116;Uncertain;Uncertain;Uncertain;Uncertain;Uncertain;Uncertain;Uncertain;Pathogenic;Pathogenic;Uncertain;Uncertain;;;;;False;False;False;False;False;False;False;False;False;False;;;False;False;False;False
V;82;R;;;;;;;6.9878845;0.447972947;0.68772374;Uncertain;Uncertain;Uncertain;Uncertain;Uncertain;Uncertain;Uncertain;Uncertain;Uncertain;Uncertain;Uncertain;;;;;False;False;False;False;False;False;False;False;False;False;;;False;False;False;False
V;82;S;;;;;;;6.7688904;0.419944583;0.680274107;Uncertain;Uncertain;Uncertain;Uncertain;Uncertain;Uncertain;Uncertain;Uncertain;Benign;Uncertain;Uncertain;;;;;False;False;False;False;False;False;False;False;False;False;;;False;False;False;False
V;82;T;;;;;;;4.643982;0.260272293;0.573341534;Uncertain;Uncertain;Uncertain;Uncertain;Uncertain;Benign;Benign;Benign;Benign;Uncertain;Benign;;;;;False;False;False;False;False;True;False;False;False;False;;;False;False;False;False
V;82;V;;;;;;;;;;;;;;;;;;;;;;;;;False;False;False;False;False;False;False;False;False;False;;;False;False;False;False
V;82;W;;;;;;;8.691101;0.727476757;0.585752395;Uncertain;Uncertain;Uncertain;Uncertain;Uncertain;Pathogenic;Pathogenic;Pathogenic;Pathogenic;Uncertain;Pathogenic;;;;;False;False;False;False;False;False;True;False;False;False;;;False;False;False;False
V;82;Y;;;;;;;4.873291;0.273381905;0.586593621;Uncertain;Uncertain;Uncertain;Uncertain;Uncertain;Benign;Benign;Benign;Benign;Uncertain;Benign;;;;;False;False;False;False;False;True;False;False;False;False;;;False;False;False;False
G;83;A;;;;;;;10.961731;0.895188019;0.335529128;Uncertain;Pathogenic;Pathogenic;Pathogenic;Pathogenic;Pathogenic;Pathogenic;Pathogenic;Pathogenic;Pathogenic;Pathogenic;;;;;False;False;False;False;False;False;True;False;False;False;;;False;False;False;False
G;83;C;;;;;;;12.282501;0.932543158;0.247010346;Pathogenic;Pathogenic;Pathogenic;Pathogenic;Pathogenic;Pathogenic;Pathogenic;Pathogenic;Pathogenic;Pathogenic;Pathogenic;;;;;False;False;False;False;False;False;True;False;False;False;;;False;False;False;False
G;83;D;;;;;;;12.1744995;0.930493436;0.252360707;Pathogenic;Pathogenic;Pathogenic;Pathogenic;Pathogenic;Pathogenic;Pathogenic;Pathogenic;Pathogenic;Pathogenic;Pathogenic;;;;;False;False;False;False;False;False;True;False;False;False;;;False;False;False;False
G;83;E;;;;;;;12.177002;0.930542929;0.252232289;Pathogenic;Pathogenic;Pathogenic;Pathogenic;Pathogenic;Pathogenic;Pathogenic;Pathogenic;Pathogenic;Pathogenic;Pathogenic;;;;;False;False;False;False;False;False;True;False;False;False;;;False;False;False;False
G;83;F;;;;;;;12.199554;0.930984684;0.251084395;Pathogenic;Pathogenic;Pathogenic;Pathogenic;Pathogenic;Pathogenic;Pathogenic;Pathogenic;Pathogenic;Pathogenic;Pathogenic;;;;;False;False;False;False;False;False;True;False;False;False;;;False;False;False;False
G;83;G;;;;;;;;;;;;;;;;;;;;;;;;;False;False;False;False;False;False;False;False;False;False;;;False;False;False;False
G;83;H;;;;;;;12.248077;0.931909068;0.248672549;Pathogenic;Pathogenic;Pathogenic;Pathogenic;Pathogenic;Pathogenic;Pathogenic;Pathogenic;Pathogenic;Pathogenic;Pathogenic;;;;;False;False;False;False;False;False;True;False;False;False;;;False;False;False;False
G;83;I;;;;;;;12.134277;0.929684995;0.254453005;Pathogenic;Pathogenic;Pathogenic;Pathogenic;Pathogenic;Pathogenic;Pathogenic;Pathogenic;Pathogenic;Pathogenic;Pathogenic;;;;;False;False;False;False;False;False;True;False;False;False;;;False;False;False;False
G;83;K;;;;;;;12.281525;0.932525429;0.247056907;Pathogenic;Pathogenic;Pathogenic;Pathogenic;Pathogenic;Pathogenic;Pathogenic;Pathogenic;Pathogenic;Pathogenic;Pathogenic;;;;;False;False;False;False;False;False;True;False;False;False;;;False;False;False;False
G;83;L;;;;;;;11.392181;0.910393886;0.301625566;Pathogenic;Pathogenic;Pathogenic;Pathogenic;Pathogenic;Pathogenic;Pathogenic;Pathogenic;Pathogenic;Pathogenic;Pathogenic;;;;;False;False;False;False;False;False;True;False;False;False;;;False;False;False;False
G;83;M;;;;;;;12.159821;0.930201232;0.25311811;Pathogenic;Pathogenic;Pathogenic;Pathogenic;Pathogenic;Pathogenic;Pathogenic;Pathogenic;Pathogenic;Pathogenic;Pathogenic;;;;;False;False;False;False;False;False;True;False;False;False;;;False;False;False;False
G;83;N;;;;;;;12.1716;0.930435973;0.252509757;Pathogenic;Pathogenic;Pathogenic;Pathogenic;Pathogenic;Pathogenic;Pathogenic;Pathogenic;Pathogenic;Pathogenic;Pathogenic;;;;;False;False;False;False;False;False;True;False;False;False;;;False;False;False;False
G;83;P;;;;;;;12.155243;0.930109434;0.253355782;Pathogenic;Pathogenic;Pathogenic;Pathogenic;Pathogenic;Pathogenic;Pathogenic;Pathogenic;Pathogenic;Pathogenic;Pathogenic;;;;;False;False;False;False;False;False;True;False;False;False;;;False;False;False;False
G;83;Q;;;;;;;12.177826;0.930559205;0.25219005;Pathogenic;Pathogenic;Pathogenic;Pathogenic;Pathogenic;Pathogenic;Pathogenic;Pathogenic;Pathogenic;Pathogenic;Pathogenic;;;;;False;False;False;False;False;False;True;False;False;False;;;False;False;False;False
G;83;R;;;;;;;10.761078;0.886960938;0.352822435;Uncertain;Pathogenic;Pathogenic;Pathogenic;Pathogenic;Pathogenic;Pathogenic;Pathogenic;Pathogenic;Pathogenic;Pathogenic;;;;;False;False;False;False;False;False;True;False;False;False;;;False;False;False;False
G;83;S;;;;;;;10.854553;0.890889978;0.344650569;Uncertain;Pathogenic;Pathogenic;Pathogenic;Pathogenic;Pathogenic;Pathogenic;Pathogenic;Pathogenic;Pathogenic;Pathogenic;;;;;False;False;False;False;False;False;True;False;False;False;;;False;False;False;False
G;83;T;;;;;;;12.125336;0.929501982;0.254925263;Pathogenic;Pathogenic;Pathogenic;Pathogenic;Pathogenic;Pathogenic;Pathogenic;Pathogenic;Pathogenic;Pathogenic;Pathogenic;;;;;False;False;False;False;False;False;True;False;False;False;;;False;False;False;False
G;83;V;;;;;;;12.155701;0.930118632;0.253331973;Pathogenic;Pathogenic;Pathogenic;Pathogenic;Pathogenic;Pathogenic;Pathogenic;Pathogenic;Pathogenic;Pathogenic;Pathogenic;;;;;False;False;False;False;False;False;True;False;False;False;;;False;False;False;False
G;83;W;;;;;;;12.0672;0.928282743;0.258058477;Pathogenic;Pathogenic;Pathogenic;Pathogenic;Pathogenic;Pathogenic;Pathogenic;Pathogenic;Pathogenic;Pathogenic;Pathogenic;;;;;False;False;False;False;False;False;True;False;False;False;;;False;False;False;False
G;83;Y;;;;;;;12.140045;0.929802423;0.254149718;Pathogenic;Pathogenic;Pathogenic;Pathogenic;Pathogenic;Pathogenic;Pathogenic;Pathogenic;Pathogenic;Pathogenic;Pathogenic;;;;;False;False;False;False;False;False;True;False;False;False;;;False;False;False;False
D;84;A;;;;;;;11.743256;0.920562624;0.277393093;Pathogenic;Pathogenic;Pathogenic;Pathogenic;Pathogenic;Pathogenic;Pathogenic;Pathogenic;Pathogenic;Pathogenic;Pathogenic;;;;;False;False;False;False;False;False;True;False;False;False;;;False;False;False;False
D;84;C;;;;;;;11.664246;0.918440108;0.282562736;Pathogenic;Pathogenic;Pathogenic;Pathogenic;Pathogenic;Pathogenic;Pathogenic;Pathogenic;Pathogenic;Pathogenic;Pathogenic;;;;;False;False;False;False;False;False;True;False;False;False;;;False;False;False;False
D;84;D;;;;;;;;;;;;;;;;;;;;;;;;;False;False;False;False;False;False;False;False;False;False;;;False;False;False;False
D;84;E;;;;;;;11.903351;0.924574392;0.267452418;Pathogenic;Pathogenic;Pathogenic;Pathogenic;Pathogenic;Pathogenic;Pathogenic;Pathogenic;Pathogenic;Pathogenic;Pathogenic;;;;;False;False;False;False;False;False;True;False;False;False;;;False;False;False;False
D;84;F;;;;;;;11.715454;0.91982657;0.279192745;Pathogenic;Pathogenic;Pathogenic;Pathogenic;Pathogenic;Pathogenic;Pathogenic;Pathogenic;Pathogenic;Pathogenic;Pathogenic;;;;;False;False;False;False;False;False;True;False;False;False;;;False;False;False;False
D;84;G;;;;;;;11.7901;0.921776374;0.274409267;Pathogenic;Pathogenic;Pathogenic;Pathogenic;Pathogenic;Pathogenic;Pathogenic;Pathogenic;Pathogenic;Pathogenic;Pathogenic;;;;;False;False;False;False;False;False;True;False;False;False;;;False;False;False;False
D;84;H;;;;;;;11.78418;0.921624812;0.274782971;Pathogenic;Pathogenic;Pathogenic;Pathogenic;Pathogenic;Pathogenic;Pathogenic;Pathogenic;Pathogenic;Pathogenic;Pathogenic;;;;;False;False;False;False;False;False;True;False;False;False;;;False;False;False;False
D;84;I;;;;;;;11.707672;0.919618442;0.279700281;Pathogenic;Pathogenic;Pathogenic;Pathogenic;Pathogenic;Pathogenic;Pathogenic;Pathogenic;Pathogenic;Pathogenic;Pathogenic;;;;;False;False;False;False;False;False;True;False;False;False;;;False;False;False;False
D;84;K;;;;;;;11.783966;0.921619323;0.274796498;Pathogenic;Pathogenic;Pathogenic;Pathogenic;Pathogenic;Pathogenic;Pathogenic;Pathogenic;Pathogenic;Pathogenic;Pathogenic;;;;;False;False;False;False;False;False;True;False;False;False;;;False;False;False;False
D;84;L;;;;;;;9.56778;0.817439419;0.475254088;Uncertain;Uncertain;Uncertain;Pathogenic;Pathogenic;Pathogenic;Pathogenic;Pathogenic;Pathogenic;Uncertain;Pathogenic;;;;;False;False;False;False;False;False;True;False;False;False;;;False;False;False;False
D;84;M;;;;;;;11.736389;0.92038191;0.277835622;Pathogenic;Pathogenic;Pathogenic;Pathogenic;Pathogenic;Pathogenic;Pathogenic;Pathogenic;Pathogenic;Pathogenic;Pathogenic;;;;;False;False;False;False;False;False;True;False;False;False;;;False;False;False;False
D;84;N;;;;;;;8.828125;0.744852063;0.567920381;Uncertain;Uncertain;Uncertain;Uncertain;Uncertain;Pathogenic;Pathogenic;Pathogenic;Pathogenic;Uncertain;Pathogenic;;;;;False;False;False;False;False;False;True;False;False;False;;;False;False;False;False
D;84;P;;;;;;;11.768402;0.921218287;0.275783762;Pathogenic;Pathogenic;Pathogenic;Pathogenic;Pathogenic;Pathogenic;Pathogenic;Pathogenic;Pathogenic;Pathogenic;Pathogenic;;;;;False;False;False;False;False;False;True;False;False;False;;;False;False;False;False
D;84;Q;;;;;;;11.744995;0.920608275;0.277281233;Pathogenic;Pathogenic;Pathogenic;Pathogenic;Pathogenic;Pathogenic;Pathogenic;Pathogenic;Pathogenic;Pathogenic;Pathogenic;;;;;False;False;False;False;False;False;True;False;False;False;;;False;False;False;False
D;84;R;;;;;;;11.852539;0.923342814;0.270528161;Pathogenic;Pathogenic;Pathogenic;Pathogenic;Pathogenic;Pathogenic;Pathogenic;Pathogenic;Pathogenic;Pathogenic;Pathogenic;;;;;False;False;False;False;False;False;True;False;False;False;;;False;False;False;False
D;84;S;;;;;;;8.16983;0.648451652;0.648399862;Uncertain;Uncertain;Uncertain;Uncertain;Uncertain;Uncertain;Uncertain;Pathogenic;Pathogenic;Uncertain;Pathogenic;;;;;False;False;False;False;False;False;True;False;False;False;;;False;False;False;False
D;84;T;;;;;;;12.392975;0.934455218;0.241959142;Pathogenic;Pathogenic;Pathogenic;Pathogenic;Pathogenic;Pathogenic;Pathogenic;Pathogenic;Pathogenic;Pathogenic;Pathogenic;;;;;False;False;False;False;False;False;True;False;False;False;;;False;False;False;False
D;84;V;;;;;;;12.0468445;0.927843877;0.259180797;Pathogenic;Pathogenic;Pathogenic;Pathogenic;Pathogenic;Pathogenic;Pathogenic;Pathogenic;Pathogenic;Pathogenic;Pathogenic;;;;;False;False;False;False;False;False;True;False;False;False;;;False;False;False;False
D;84;W;;;;;;;11.834778;0.922903196;0.271620857;Pathogenic;Pathogenic;Pathogenic;Pathogenic;Pathogenic;Pathogenic;Pathogenic;Pathogenic;Pathogenic;Pathogenic;Pathogenic;;;;;False;False;False;False;False;False;True;False;False;False;;;False;False;False;False
D;84;Y;;;;;;;11.797821;0.921973251;0.273923355;Pathogenic;Pathogenic;Pathogenic;Pathogenic;Pathogenic;Pathogenic;Pathogenic;Pathogenic;Pathogenic;Pathogenic;Pathogenic;;;;;False;False;False;False;False;False;True;False;False;False;;;False;False;False;False
L;85;A;;;;;;;11.04953;0.898550601;0.328256007;Uncertain;Pathogenic;Pathogenic;Pathogenic;Pathogenic;Pathogenic;Pathogenic;Pathogenic;Pathogenic;Pathogenic;Pathogenic;;;;;False;False;True;False;False;False;True;False;False;True;pathogenic;Likely Pathogenic;False;False;False;False
L;85;C;;;;;;;10.319183;0.86585947;0.394182565;Uncertain;Uncertain;Pathogenic;Pathogenic;Pathogenic;Pathogenic;Pathogenic;Pathogenic;Pathogenic;Pathogenic;Pathogenic;;;;;False;False;True;False;False;False;True;False;False;True;pathogenic;Likely Pathogenic;False;False;False;False
L;85;D;;;;;;;10.970093;0.895514322;0.334828683;Uncertain;Pathogenic;Pathogenic;Pathogenic;Pathogenic;Pathogenic;Pathogenic;Pathogenic;Pathogenic;Pathogenic;Pathogenic;;;;;False;False;True;False;False;False;True;False;False;True;pathogenic;Likely Pathogenic;False;False;False;False
L;85;E;;;;;;;10.99353;0.896422048;0.332874158;Uncertain;Pathogenic;Pathogenic;Pathogenic;Pathogenic;Pathogenic;Pathogenic;Pathogenic;Pathogenic;Pathogenic;Pathogenic;;;;;False;False;True;False;False;False;True;False;False;True;pathogenic;Likely Pathogenic;False;False;False;False
L;85;F;Pathogenic;1;1;pathogenic;3.98E-06;3.98E-06;5.5314026;0.31402244;0.622281364;Uncertain;Uncertain;Uncertain;Uncertain;Uncertain;Uncertain;Benign;Benign;Benign;Uncertain;Benign;5.589325;0.317873745;0.625256346;Benign;False;False;True;True;False;True;False;False;False;False;uncertain;Conflicting interpretations of pathogenicity;True;False;True;False
L;85;G;;;;;;;10.941071;0.894376283;0.337266688;Uncertain;Pathogenic;Pathogenic;Pathogenic;Pathogenic;Pathogenic;Pathogenic;Pathogenic;Pathogenic;Pathogenic;Pathogenic;;;;;False;False;True;False;False;False;True;False;False;True;pathogenic;Likely Pathogenic;False;False;False;False
L;85;H;;;;;;;10.939392;0.894309967;0.337408332;Uncertain;Pathogenic;Pathogenic;Pathogenic;Pathogenic;Pathogenic;Pathogenic;Pathogenic;Pathogenic;Pathogenic;Pathogenic;;;;;False;False;True;False;False;False;True;False;False;True;pathogenic;Likely Pathogenic;False;False;False;False
L;85;I;;;;;;;9.950195;0.844432575;0.43224601;Uncertain;Uncertain;Pathogenic;Pathogenic;Pathogenic;Pathogenic;Pathogenic;Pathogenic;Pathogenic;Uncertain;Pathogenic;;;;;False;False;True;False;False;False;True;False;False;True;pathogenic;Likely Pathogenic;False;False;False;False
L;85;K;;;;;;;10.935791;0.89416756;0.337712341;Uncertain;Pathogenic;Pathogenic;Pathogenic;Pathogenic;Pathogenic;Pathogenic;Pathogenic;Pathogenic;Pathogenic;Pathogenic;;;;;False;False;True;False;False;False;True;False;False;True;pathogenic;Likely Pathogenic;False;False;False;False
L;85;L;;;;;;;;;;;;;;;;;;;;;;;;;False;False;True;False;False;False;False;False;False;False;;;False;False;False;False
L;85;M;;;;;;;4.959015;0.278407264;0.59144274;Uncertain;Uncertain;Uncertain;Uncertain;Uncertain;Benign;Benign;Benign;Benign;Uncertain;Benign;;;;;False;False;True;False;False;True;False;False;False;False;;;False;False;False;False
L;85;N;;;;;;;10.986084;0.896134749;0.333493728;Uncertain;Pathogenic;Pathogenic;Pathogenic;Pathogenic;Pathogenic;Pathogenic;Pathogenic;Pathogenic;Pathogenic;Pathogenic;;;;;False;False;True;False;False;False;True;False;False;True;pathogenic;Likely Pathogenic;False;False;False;False
L;85;P;;;;;;;10.87561;0.891751571;0.342837513;Uncertain;Pathogenic;Pathogenic;Pathogenic;Pathogenic;Pathogenic;Pathogenic;Pathogenic;Pathogenic;Pathogenic;Pathogenic;;;;;False;False;True;False;False;False;True;False;False;True;pathogenic;Likely Pathogenic;False;False;False;False
L;85;Q;;;;;;;9.701477;0.827519767;0.459797223;Uncertain;Uncertain;Uncertain;Pathogenic;Pathogenic;Pathogenic;Pathogenic;Pathogenic;Pathogenic;Uncertain;Pathogenic;;;;;False;False;True;False;False;False;True;False;False;True;pathogenic;Likely Pathogenic;False;False;False;False
L;85;R;;;;;;;10.929138;0.893903821;0.338274802;Uncertain;Pathogenic;Pathogenic;Pathogenic;Pathogenic;Pathogenic;Pathogenic;Pathogenic;Pathogenic;Pathogenic;Pathogenic;;;;;False;False;True;False;False;False;True;False;False;True;pathogenic;Likely Pathogenic;False;False;False;False
L;85;S;;;;;;;10.931;0.893977718;0.33811728;Uncertain;Pathogenic;Pathogenic;Pathogenic;Pathogenic;Pathogenic;Pathogenic;Pathogenic;Pathogenic;Pathogenic;Pathogenic;;;;;False;False;True;False;False;False;True;False;False;True;pathogenic;Likely Pathogenic;False;False;False;False
L;85;T;;;;;;;10.92572;0.893768003;0.338564167;Uncertain;Pathogenic;Pathogenic;Pathogenic;Pathogenic;Pathogenic;Pathogenic;Pathogenic;Pathogenic;Pathogenic;Pathogenic;;;;;False;False;True;False;False;False;True;False;False;True;pathogenic;Likely Pathogenic;False;False;False;False
L;85;V;Pathogenic;0;1;uncertain;;;11.002441;0.896764544;0.332134388;Uncertain;Pathogenic;Pathogenic;Pathogenic;Pathogenic;Pathogenic;Pathogenic;Pathogenic;Pathogenic;Pathogenic;Pathogenic;11.045013;0.898381;0.328625787;Pathogenic;False;False;True;True;False;False;True;False;False;True;pathogenic;Likely Pathogenic;False;False;False;False
L;85;W;;;;;;;7.2016296;0.479270892;0.692287542;Uncertain;Uncertain;Uncertain;Uncertain;Uncertain;Uncertain;Uncertain;Uncertain;Uncertain;Uncertain;Uncertain;;;;;False;False;True;False;False;False;False;False;False;False;;;False;False;False;False
L;85;Y;;;;;;;9.132477;0.778671929;0.528583724;Uncertain;Uncertain;Uncertain;Uncertain;Pathogenic;Pathogenic;Pathogenic;Pathogenic;Pathogenic;Uncertain;Pathogenic;;;;;False;False;True;False;False;False;True;False;False;True;pathogenic;Likely Pathogenic;False;False;False;False
G;86;A;;;;;;;10.597778;0.879670447;0.36758109;Uncertain;Pathogenic;Pathogenic;Pathogenic;Pathogenic;Pathogenic;Pathogenic;Pathogenic;Pathogenic;Pathogenic;Pathogenic;;;;;False;False;True;False;False;False;True;False;False;True;pathogenic;Likely Pathogenic;False;False;False;False
G;86;C;;;;;;;11.758026;0.920948899;0.276445693;Pathogenic;Pathogenic;Pathogenic;Pathogenic;Pathogenic;Pathogenic;Pathogenic;Pathogenic;Pathogenic;Pathogenic;Pathogenic;;;;;False;False;True;False;False;False;True;False;False;True;pathogenic;Likely Pathogenic;False;False;False;False
G;86;D;;;;;;;11.853699;0.923371361;0.27045711;Pathogenic;Pathogenic;Pathogenic;Pathogenic;Pathogenic;Pathogenic;Pathogenic;Pathogenic;Pathogenic;Pathogenic;Pathogenic;;;;;False;False;True;False;False;False;True;False;False;True;pathogenic;Likely Pathogenic;False;False;False;False
G;86;E;;;;;;;9.049347;0.770048423;0.539217825;Uncertain;Uncertain;Uncertain;Uncertain;Pathogenic;Pathogenic;Pathogenic;Pathogenic;Pathogenic;Uncertain;Pathogenic;;;;;False;False;True;False;False;False;True;False;False;True;pathogenic;Likely Pathogenic;False;False;False;False
G;86;F;;;;;;;11.857361;0.923461351;0.270233064;Pathogenic;Pathogenic;Pathogenic;Pathogenic;Pathogenic;Pathogenic;Pathogenic;Pathogenic;Pathogenic;Pathogenic;Pathogenic;;;;;False;False;True;False;False;False;True;False;False;True;pathogenic;Likely Pathogenic;False;False;False;False
G;86;G;;;;;;;;;;;;;;;;;;;;;;;;;False;False;True;False;False;False;False;False;False;False;;;False;False;False;False
G;86;H;;;;;;;11.882721;0.924079026;0.26869214;Pathogenic;Pathogenic;Pathogenic;Pathogenic;Pathogenic;Pathogenic;Pathogenic;Pathogenic;Pathogenic;Pathogenic;Pathogenic;;;;;False;False;True;False;False;False;True;False;False;True;pathogenic;Likely Pathogenic;False;False;False;False
G;86;I;;;;;;;11.81485;0.922404301;0.272857599;Pathogenic;Pathogenic;Pathogenic;Pathogenic;Pathogenic;Pathogenic;Pathogenic;Pathogenic;Pathogenic;Pathogenic;Pathogenic;;;;;False;False;True;False;False;False;True;False;False;True;pathogenic;Likely Pathogenic;False;False;False;False
G;86;K;;;;;;;11.851105;0.923307495;0.270616048;Pathogenic;Pathogenic;Pathogenic;Pathogenic;Pathogenic;Pathogenic;Pathogenic;Pathogenic;Pathogenic;Pathogenic;Pathogenic;;;;;False;False;True;False;False;False;True;False;False;True;pathogenic;Likely Pathogenic;False;False;False;False
G;86;L;;;;;;;11.890839;0.924274715;0.26820282;Pathogenic;Pathogenic;Pathogenic;Pathogenic;Pathogenic;Pathogenic;Pathogenic;Pathogenic;Pathogenic;Pathogenic;Pathogenic;;;;;False;False;True;False;False;False;True;False;False;True;pathogenic;Likely Pathogenic;False;False;False;False
G;86;M;;;;;;;11.801697;0.922071747;0.273680056;Pathogenic;Pathogenic;Pathogenic;Pathogenic;Pathogenic;Pathogenic;Pathogenic;Pathogenic;Pathogenic;Pathogenic;Pathogenic;;;;;False;False;True;False;False;False;True;False;False;True;pathogenic;Likely Pathogenic;False;False;False;False
G;86;N;;;;;;;11.834778;0.922903196;0.271620857;Pathogenic;Pathogenic;Pathogenic;Pathogenic;Pathogenic;Pathogenic;Pathogenic;Pathogenic;Pathogenic;Pathogenic;Pathogenic;;;;;False;False;True;False;False;False;True;False;False;True;pathogenic;Likely Pathogenic;False;False;False;False
G;86;P;;;;;;;11.722595;0.920016745;0.278728473;Pathogenic;Pathogenic;Pathogenic;Pathogenic;Pathogenic;Pathogenic;Pathogenic;Pathogenic;Pathogenic;Pathogenic;Pathogenic;;;;;False;False;True;False;False;False;True;False;False;True;pathogenic;Likely Pathogenic;False;False;False;False
G;86;Q;;;;;;;11.840393;0.923042689;0.271274433;Pathogenic;Pathogenic;Pathogenic;Pathogenic;Pathogenic;Pathogenic;Pathogenic;Pathogenic;Pathogenic;Pathogenic;Pathogenic;;;;;False;False;True;False;False;False;True;False;False;True;pathogenic;Likely Pathogenic;False;False;False;False
G;86;R;Pathogenic;0;1;uncertain;;;10.228027;0.860924748;0.403281241;Uncertain;Uncertain;Pathogenic;Pathogenic;Pathogenic;Pathogenic;Pathogenic;Pathogenic;Pathogenic;Pathogenic;Pathogenic;10.241974;0.861694039;0.401876354;Pathogenic;False;False;True;True;False;False;True;False;False;True;pathogenic;Likely Pathogenic;False;False;False;False
G;86;S;Pathogenic;1;1;pathogenic;;;11.729309;0.920194843;0.278293239;Pathogenic;Pathogenic;Pathogenic;Pathogenic;Pathogenic;Pathogenic;Pathogenic;Pathogenic;Pathogenic;Pathogenic;Pathogenic;11.822174;0.92258835;0.272401755;Pathogenic;False;False;True;True;False;False;True;False;False;True;pathogenic;Pathogenic;False;False;False;False
G;86;T;;;;;;;11.878021;0.923965279;0.268976314;Pathogenic;Pathogenic;Pathogenic;Pathogenic;Pathogenic;Pathogenic;Pathogenic;Pathogenic;Pathogenic;Pathogenic;Pathogenic;;;;;False;False;True;False;False;False;True;False;False;True;pathogenic;Likely Pathogenic;False;False;False;False
G;86;V;;;;;;;11.209808;0.904337217;0.315447252;Uncertain;Pathogenic;Pathogenic;Pathogenic;Pathogenic;Pathogenic;Pathogenic;Pathogenic;Pathogenic;Pathogenic;Pathogenic;;;;;False;False;True;False;False;False;True;False;False;True;pathogenic;Likely Pathogenic;False;False;False;False
G;86;W;;;;;;;11.525543;0.914482602;0.292042163;Pathogenic;Pathogenic;Pathogenic;Pathogenic;Pathogenic;Pathogenic;Pathogenic;Pathogenic;Pathogenic;Pathogenic;Pathogenic;;;;;False;False;True;False;False;False;True;False;False;True;pathogenic;Likely Pathogenic;False;False;False;False
G;86;Y;;;;;;;11.862061;0.923576553;0.269946078;Pathogenic;Pathogenic;Pathogenic;Pathogenic;Pathogenic;Pathogenic;Pathogenic;Pathogenic;Pathogenic;Pathogenic;Pathogenic;;;;;False;False;True;False;False;False;True;False;False;True;pathogenic;Likely Pathogenic;False;False;False;False
N;87;A;;;;;;;11.9470215;0.925601999;0.264869439;Pathogenic;Pathogenic;Pathogenic;Pathogenic;Pathogenic;Pathogenic;Pathogenic;Pathogenic;Pathogenic;Pathogenic;Pathogenic;;;;;False;False;True;False;False;False;True;False;False;True;pathogenic;Likely Pathogenic;False;False;False;False
N;87;C;;;;;;;11.903534;0.924578758;0.267441476;Pathogenic;Pathogenic;Pathogenic;Pathogenic;Pathogenic;Pathogenic;Pathogenic;Pathogenic;Pathogenic;Pathogenic;Pathogenic;;;;;False;False;True;False;False;False;True;False;False;True;pathogenic;Likely Pathogenic;False;False;False;False
N;87;D;;;;;;;11.9513855;0.925703121;0.264614434;Pathogenic;Pathogenic;Pathogenic;Pathogenic;Pathogenic;Pathogenic;Pathogenic;Pathogenic;Pathogenic;Pathogenic;Pathogenic;;;;;False;False;True;False;False;False;True;False;False;True;pathogenic;Likely Pathogenic;False;False;False;False
N;87;E;;;;;;;11.8871765;0.924186551;0.268423343;Pathogenic;Pathogenic;Pathogenic;Pathogenic;Pathogenic;Pathogenic;Pathogenic;Pathogenic;Pathogenic;Pathogenic;Pathogenic;;;;;False;False;True;False;False;False;True;False;False;True;pathogenic;Likely Pathogenic;False;False;False;False
N;87;F;;;;;;;11.87677;0.923934947;0.269052061;Pathogenic;Pathogenic;Pathogenic;Pathogenic;Pathogenic;Pathogenic;Pathogenic;Pathogenic;Pathogenic;Pathogenic;Pathogenic;;;;;False;False;True;False;False;False;True;False;False;True;pathogenic;Likely Pathogenic;False;False;False;False
N;87;G;;;;;;;11.775726;0.921407459;0.275318338;Pathogenic;Pathogenic;Pathogenic;Pathogenic;Pathogenic;Pathogenic;Pathogenic;Pathogenic;Pathogenic;Pathogenic;Pathogenic;;;;;False;False;True;False;False;False;True;False;False;True;pathogenic;Likely Pathogenic;False;False;False;False
N;87;H;;;;;;;11.90918;0.924713203;0.267104393;Pathogenic;Pathogenic;Pathogenic;Pathogenic;Pathogenic;Pathogenic;Pathogenic;Pathogenic;Pathogenic;Pathogenic;Pathogenic;;;;;False;False;True;False;False;False;True;False;False;True;pathogenic;Likely Pathogenic;False;False;False;False
N;87;I;;;;;;;11.998291;0.926772039;0.261909762;Pathogenic;Pathogenic;Pathogenic;Pathogenic;Pathogenic;Pathogenic;Pathogenic;Pathogenic;Pathogenic;Pathogenic;Pathogenic;;;;;False;False;True;False;False;False;True;False;False;True;pathogenic;Likely Pathogenic;False;False;False;False
N;87;K;;;;;;;11.588928;0.916327984;0.287647359;Pathogenic;Pathogenic;Pathogenic;Pathogenic;Pathogenic;Pathogenic;Pathogenic;Pathogenic;Pathogenic;Pathogenic;Pathogenic;;;;;False;False;True;False;False;False;True;False;False;True;pathogenic;Likely Pathogenic;False;False;False;False
N;87;L;;;;;;;11.989288;0.926569422;0.26242373;Pathogenic;Pathogenic;Pathogenic;Pathogenic;Pathogenic;Pathogenic;Pathogenic;Pathogenic;Pathogenic;Pathogenic;Pathogenic;;;;;False;False;True;False;False;False;True;False;False;True;pathogenic;Likely Pathogenic;False;False;False;False
N;87;M;;;;;;;11.879303;0.923996338;0.268898737;Pathogenic;Pathogenic;Pathogenic;Pathogenic;Pathogenic;Pathogenic;Pathogenic;Pathogenic;Pathogenic;Pathogenic;Pathogenic;;;;;False;False;True;False;False;False;True;False;False;True;pathogenic;Likely Pathogenic;False;False;False;False
N;87;N;;;;;;;;;;;;;;;;;;;;;;;;;False;False;True;False;False;False;False;False;False;False;;;False;False;False;False
N;87;P;;;;;;;11.875977;0.923915708;0.2691001;Pathogenic;Pathogenic;Pathogenic;Pathogenic;Pathogenic;Pathogenic;Pathogenic;Pathogenic;Pathogenic;Pathogenic;Pathogenic;;;;;False;False;True;False;False;False;True;False;False;True;pathogenic;Likely Pathogenic;False;False;False;False
N;87;Q;;;;;;;11.922577;0.925030311;0.266308305;Pathogenic;Pathogenic;Pathogenic;Pathogenic;Pathogenic;Pathogenic;Pathogenic;Pathogenic;Pathogenic;Pathogenic;Pathogenic;;;;;False;False;True;False;False;False;True;False;False;True;pathogenic;Likely Pathogenic;False;False;False;False
N;87;R;;;;;;;11.850647;0.923296209;0.27064413;Pathogenic;Pathogenic;Pathogenic;Pathogenic;Pathogenic;Pathogenic;Pathogenic;Pathogenic;Pathogenic;Pathogenic;Pathogenic;;;;;False;False;True;False;False;False;True;False;False;True;pathogenic;Likely Pathogenic;False;False;False;False
N;87;S;Pathogenic/Likely pathogenic;2;2;pathogenic;;;7.0406494;0.455336698;0.689152237;Uncertain;Uncertain;Uncertain;Uncertain;Uncertain;Uncertain;Uncertain;Uncertain;Uncertain;Uncertain;Uncertain;7.0034485;0.450120035;0.688162872;Uncertain;False;False;True;True;False;False;False;False;False;False;pathogenic;Pathogenic/Likely pathogenic;False;False;False;False
N;87;T;;;;;;;11.697052;0.919332928;0.280395577;Pathogenic;Pathogenic;Pathogenic;Pathogenic;Pathogenic;Pathogenic;Pathogenic;Pathogenic;Pathogenic;Pathogenic;Pathogenic;;;;;False;False;True;False;False;False;True;False;False;True;pathogenic;Likely Pathogenic;False;False;False;False
N;87;V;;;;;;;11.828583;0.922748744;0.272004111;Pathogenic;Pathogenic;Pathogenic;Pathogenic;Pathogenic;Pathogenic;Pathogenic;Pathogenic;Pathogenic;Pathogenic;Pathogenic;;;;;False;False;True;False;False;False;True;False;False;True;pathogenic;Likely Pathogenic;False;False;False;False
N;87;W;;;;;;;11.896149;0.924402182;0.267883795;Pathogenic;Pathogenic;Pathogenic;Pathogenic;Pathogenic;Pathogenic;Pathogenic;Pathogenic;Pathogenic;Pathogenic;Pathogenic;;;;;False;False;True;False;False;False;True;False;False;True;pathogenic;Likely Pathogenic;False;False;False;False
N;87;Y;;;;;;;11.927338;0.925142358;0.266026669;Pathogenic;Pathogenic;Pathogenic;Pathogenic;Pathogenic;Pathogenic;Pathogenic;Pathogenic;Pathogenic;Pathogenic;Pathogenic;;;;;False;False;True;False;False;False;True;False;False;True;pathogenic;Likely Pathogenic;False;False;False;False
V;88;A;Likely pathogenic;1;1;pathogenic;;;5.6615906;0.322761321;0.62893337;Uncertain;Uncertain;Uncertain;Uncertain;Uncertain;Uncertain;Benign;Benign;Benign;Uncertain;Benign;5.6140137;0.319532836;0.626516821;Benign;False;False;True;True;False;True;False;False;False;False;uncertain;Conflicting interpretations of pathogenicity;True;False;True;False
V;88;C;;;;;;;9.087433;0.774053571;0.534331783;Uncertain;Uncertain;Uncertain;Uncertain;Pathogenic;Pathogenic;Pathogenic;Pathogenic;Pathogenic;Uncertain;Pathogenic;;;;;False;False;True;False;False;False;True;False;False;True;pathogenic;Likely Pathogenic;False;False;False;False
V;88;D;;;;;;;9.015991;0.766463352;0.543514526;Uncertain;Uncertain;Uncertain;Uncertain;Pathogenic;Pathogenic;Pathogenic;Pathogenic;Pathogenic;Uncertain;Pathogenic;;;;;False;False;True;False;False;False;True;False;False;True;pathogenic;Likely Pathogenic;False;False;False;False
V;88;E;;;;;;;9.048676;0.769977022;0.539304105;Uncertain;Uncertain;Uncertain;Uncertain;Pathogenic;Pathogenic;Pathogenic;Pathogenic;Pathogenic;Uncertain;Pathogenic;;;;;False;False;True;False;False;False;True;False;False;True;pathogenic;Likely Pathogenic;False;False;False;False
V;88;F;;;;;;;5.0092773;0.281386789;0.594258321;Uncertain;Uncertain;Uncertain;Uncertain;Uncertain;Benign;Benign;Benign;Benign;Uncertain;Benign;;;;;False;False;True;False;False;True;False;False;False;False;;;False;False;False;False
V;88;G;;;;;;;9.079803;0.773258634;0.535308818;Uncertain;Uncertain;Uncertain;Uncertain;Pathogenic;Pathogenic;Pathogenic;Pathogenic;Pathogenic;Uncertain;Pathogenic;;;;;False;False;True;False;False;False;True;False;False;True;pathogenic;Likely Pathogenic;False;False;False;False
V;88;H;;;;;;;9.029327;0.767905463;0.541794835;Uncertain;Uncertain;Uncertain;Uncertain;Pathogenic;Pathogenic;Pathogenic;Pathogenic;Pathogenic;Uncertain;Pathogenic;;;;;False;False;True;False;False;False;True;False;False;True;pathogenic;Likely Pathogenic;False;False;False;False
V;88;I;;;;;;;0.3574829;0.096189056;0.31662786;Uncertain;Benign;Benign;Benign;Benign;Benign;Benign;Benign;Benign;Benign;Benign;;;;;False;False;True;False;False;True;False;False;False;False;;;False;False;False;False
V;88;K;;;;;;;9.019501;0.766844051;0.543061679;Uncertain;Uncertain;Uncertain;Uncertain;Pathogenic;Pathogenic;Pathogenic;Pathogenic;Pathogenic;Uncertain;Pathogenic;;;;;False;False;True;False;False;False;True;False;False;True;pathogenic;Likely Pathogenic;False;False;False;False
V;88;L;;;;;;;2.9227905;0.1764258;0.465930256;Uncertain;Uncertain;Uncertain;Benign;Benign;Benign;Benign;Benign;Benign;Uncertain;Benign;;;;;False;False;True;False;False;True;False;False;False;False;;;False;False;False;False
V;88;M;Likely pathogenic;1;1;pathogenic;;;6.897278;0.435887141;0.684903586;Uncertain;Uncertain;Uncertain;Uncertain;Uncertain;Uncertain;Uncertain;Uncertain;Benign;Uncertain;Uncertain;6.8015747;0.423874925;0.68151193;Uncertain;False;False;True;True;False;False;False;False;False;False;pathogenic;Likely pathogenic;False;False;False;False
V;88;N;;;;;;;9.035187;0.768535438;0.541039942;Uncertain;Uncertain;Uncertain;Uncertain;Pathogenic;Pathogenic;Pathogenic;Pathogenic;Pathogenic;Uncertain;Pathogenic;;;;;False;False;True;False;False;False;True;False;False;True;pathogenic;Likely Pathogenic;False;False;False;False
V;88;P;;;;;;;9.140289;0.779460089;0.52759046;Uncertain;Uncertain;Uncertain;Uncertain;Pathogenic;Pathogenic;Pathogenic;Pathogenic;Pathogenic;Uncertain;Pathogenic;;;;;False;False;True;False;False;False;True;False;False;True;pathogenic;Likely Pathogenic;False;False;False;False
V;88;Q;;;;;;;8.965607;0.760907724;0.550031353;Uncertain;Uncertain;Uncertain;Uncertain;Pathogenic;Pathogenic;Pathogenic;Pathogenic;Pathogenic;Uncertain;Pathogenic;;;;;False;False;True;False;False;False;True;False;False;True;pathogenic;Likely Pathogenic;False;False;False;False
V;88;R;;;;;;;9.064697;0.771673847;0.537245889;Uncertain;Uncertain;Uncertain;Uncertain;Pathogenic;Pathogenic;Pathogenic;Pathogenic;Pathogenic;Uncertain;Pathogenic;;;;;False;False;True;False;False;False;True;False;False;True;pathogenic;Likely Pathogenic;False;False;False;False
V;88;S;;;;;;;8.829285;0.744993195;0.567769128;Uncertain;Uncertain;Uncertain;Uncertain;Uncertain;Pathogenic;Pathogenic;Pathogenic;Pathogenic;Uncertain;Pathogenic;;;;;False;False;True;False;False;False;True;False;False;True;pathogenic;Likely Pathogenic;False;False;False;False
V;88;T;;;;;;;8.973206;0.761756617;0.549046639;Uncertain;Uncertain;Uncertain;Uncertain;Pathogenic;Pathogenic;Pathogenic;Pathogenic;Pathogenic;Uncertain;Pathogenic;;;;;False;False;True;False;False;False;True;False;False;True;pathogenic;Likely Pathogenic;False;False;False;False
V;88;V;;;;;;;;;;;;;;;;;;;;;;;;;False;False;True;False;False;False;False;False;False;False;;;False;False;False;False
V;88;W;;;;;;;9.093964;0.774731075;0.533496229;Uncertain;Uncertain;Uncertain;Uncertain;Pathogenic;Pathogenic;Pathogenic;Pathogenic;Pathogenic;Uncertain;Pathogenic;;;;;False;False;True;False;False;False;True;False;False;True;pathogenic;Likely Pathogenic;False;False;False;False
V;88;Y;;;;;;;8.062103;0.629860197;0.659030044;Uncertain;Uncertain;Uncertain;Uncertain;Uncertain;Uncertain;Uncertain;Pathogenic;Pathogenic;Uncertain;Uncertain;;;;;False;False;True;False;False;False;False;False;False;False;;;False;False;False;False
T;89;A;;;;;;;3.124817;0.184940747;0.478803265;Uncertain;Uncertain;Uncertain;Benign;Benign;Benign;Benign;Benign;Benign;Uncertain;Benign;;;;;False;False;False;False;False;True;False;False;False;False;;;False;False;False;False
T;89;C;;;;;;;4.254059;0.239039436;0.549970175;Uncertain;Uncertain;Uncertain;Uncertain;Benign;Benign;Benign;Benign;Benign;Uncertain;Benign;;;;;False;False;False;False;False;True;False;False;False;False;;;False;False;False;False
T;89;D;;;;;;;2.76062;0.169843255;0.455637587;Uncertain;Uncertain;Uncertain;Benign;Benign;Benign;Benign;Benign;Benign;Uncertain;Benign;;;;;False;False;False;False;False;True;False;False;False;False;;;False;False;False;False
T;89;E;;;;;;;-0.0765686;0.086946566;0.295415781;Benign;Benign;Benign;Benign;Benign;Benign;Benign;Benign;Benign;Benign;Benign;;;;;False;False;False;False;False;True;False;False;False;False;;;False;False;False;False
T;89;F;;;;;;;3.440277;0.198941556;0.498931603;Uncertain;Uncertain;Uncertain;Uncertain;Benign;Benign;Benign;Benign;Benign;Uncertain;Benign;;;;;False;False;False;False;False;True;False;False;False;False;;;False;False;False;False
T;89;G;;;;;;;6.29068;0.37103167;0.659502471;Uncertain;Uncertain;Uncertain;Uncertain;Uncertain;Uncertain;Uncertain;Benign;Benign;Uncertain;Uncertain;;;;;False;False;False;False;False;False;False;False;False;False;;;False;False;False;False
T;89;H;;;;;;;3.4437256;0.199099383;0.499151365;Uncertain;Uncertain;Uncertain;Uncertain;Benign;Benign;Benign;Benign;Benign;Uncertain;Benign;;;;;False;False;False;False;False;True;False;False;False;False;;;False;False;False;False
T;89;I;;;;;;;1.190033;0.11705035;0.361006529;Uncertain;Benign;Benign;Benign;Benign;Benign;Benign;Benign;Benign;Benign;Benign;;;;;False;False;False;False;False;True;False;False;False;False;;;False;False;False;False
T;89;K;;;;;;;1.561676;0.127848841;0.382276887;Uncertain;Uncertain;Benign;Benign;Benign;Benign;Benign;Benign;Benign;Benign;Benign;;;;;False;False;False;False;False;True;False;False;False;False;;;False;False;False;False
T;89;L;;;;;;;2.2132568;0.149250022;0.421405966;Uncertain;Uncertain;Benign;Benign;Benign;Benign;Benign;Benign;Benign;Uncertain;Benign;;;;;False;False;False;False;False;True;False;False;False;False;;;False;False;False;False
T;89;M;;;;;;;3.619629;0.207286667;0.510339447;Uncertain;Uncertain;Uncertain;Uncertain;Benign;Benign;Benign;Benign;Benign;Uncertain;Benign;;;;;False;False;False;False;False;True;False;False;False;False;;;False;False;False;False
T;89;N;;;;;;;2.6720886;0.166343765;0.450041143;Uncertain;Uncertain;Uncertain;Benign;Benign;Benign;Benign;Benign;Benign;Uncertain;Benign;;;;;False;False;False;False;False;True;False;False;False;False;;;False;False;False;False
T;89;P;;;;;;;4.675537;0.262048323;0.575188513;Uncertain;Uncertain;Uncertain;Uncertain;Uncertain;Benign;Benign;Benign;Benign;Uncertain;Benign;;;;;False;False;False;False;False;True;False;False;False;False;;;False;False;False;False
T;89;Q;;;;;;;2.1505432;0.147046712;0.417551921;Uncertain;Uncertain;Benign;Benign;Benign;Benign;Benign;Benign;Benign;Uncertain;Benign;;;;;False;False;False;False;False;True;False;False;False;False;;;False;False;False;False
T;89;R;;;;;;;2.6713257;0.166313895;0.449992997;Uncertain;Uncertain;Uncertain;Benign;Benign;Benign;Benign;Benign;Benign;Uncertain;Benign;;;;;False;False;False;False;False;True;False;False;False;False;;;False;False;False;False
T;89;S;;;;;;;3.2626038;0.190949959;0.487597486;Uncertain;Uncertain;Uncertain;Benign;Benign;Benign;Benign;Benign;Benign;Uncertain;Benign;;;;;False;False;False;False;False;True;False;False;False;False;;;False;False;False;False
T;89;T;;;;;;;;;;;;;;;;;;;;;;;;;False;False;False;False;False;False;False;False;False;False;;;False;False;False;False
T;89;V;;;;;;;-0.06253052;0.087229525;0.296080656;Benign;Benign;Benign;Benign;Benign;Benign;Benign;Benign;Benign;Benign;Benign;;;;;False;False;False;False;False;True;False;False;False;False;;;False;False;False;False
T;89;W;;;;;;;4.7214355;0.264647399;0.577862036;Uncertain;Uncertain;Uncertain;Uncertain;Uncertain;Benign;Benign;Benign;Benign;Uncertain;Benign;;;;;False;False;False;False;False;True;False;False;False;False;;;False;False;False;False
T;89;Y;;;;;;;3.16214;0.186552282;0.481184939;Uncertain;Uncertain;Uncertain;Benign;Benign;Benign;Benign;Benign;Benign;Uncertain;Benign;;;;;False;False;False;False;False;True;False;False;False;False;;;False;False;False;False
A;90;A;;;;;;;;;;;;;;;;;;;;;;;;;False;False;False;False;False;False;False;False;False;False;;;False;False;False;False
A;90;C;;;;;;;6.6903076;0.410838938;0.677162436;Uncertain;Uncertain;Uncertain;Uncertain;Uncertain;Uncertain;Uncertain;Uncertain;Benign;Uncertain;Uncertain;;;;;False;False;False;False;False;False;False;False;False;False;;;False;False;False;False
A;90;D;;;;;;;9.585602;0.818826998;0.473167512;Uncertain;Uncertain;Uncertain;Pathogenic;Pathogenic;Pathogenic;Pathogenic;Pathogenic;Pathogenic;Uncertain;Pathogenic;;;;;False;False;False;False;False;False;True;False;False;False;;;False;False;False;False
A;90;E;;;;;;;7.5939026;0.545476705;0.689005197;Uncertain;Uncertain;Uncertain;Uncertain;Uncertain;Uncertain;Uncertain;Uncertain;Uncertain;Uncertain;Uncertain;;;;;False;False;False;False;False;False;False;False;False;False;;;False;False;False;False
A;90;F;;;;;;;5.7201233;0.326793311;0.631884414;Uncertain;Uncertain;Uncertain;Uncertain;Uncertain;Uncertain;Benign;Benign;Benign;Uncertain;Benign;;;;;False;False;False;False;False;True;False;False;False;False;;;False;False;False;False
A;90;G;;;;;;;7.690399;0.562875702;0.685219501;Uncertain;Uncertain;Uncertain;Uncertain;Uncertain;Uncertain;Uncertain;Uncertain;Pathogenic;Uncertain;Uncertain;;;;;False;False;False;False;False;False;False;False;False;False;;;False;False;False;False
A;90;H;;;;;;;9.560883;0.816898679;0.47606373;Uncertain;Uncertain;Uncertain;Pathogenic;Pathogenic;Pathogenic;Pathogenic;Pathogenic;Pathogenic;Uncertain;Pathogenic;;;;;False;False;False;False;False;False;True;False;False;False;;;False;False;False;False
A;90;I;;;;;;;7.730194;0.570102614;0.68328597;Uncertain;Uncertain;Uncertain;Uncertain;Uncertain;Uncertain;Uncertain;Uncertain;Pathogenic;Uncertain;Uncertain;;;;;False;False;False;False;False;False;False;False;False;False;;;False;False;False;False
A;90;K;;;;;;;7.9892273;0.616976541;0.665524875;Uncertain;Uncertain;Uncertain;Uncertain;Uncertain;Uncertain;Uncertain;Pathogenic;Pathogenic;Uncertain;Uncertain;;;;;False;False;False;False;False;False;False;False;False;False;;;False;False;False;False
A;90;L;;;;;;;10.03653;0.849806989;0.423043739;Uncertain;Uncertain;Pathogenic;Pathogenic;Pathogenic;Pathogenic;Pathogenic;Pathogenic;Pathogenic;Uncertain;Pathogenic;;;;;False;False;False;False;False;False;True;False;False;False;;;False;False;False;False
A;90;M;;;;;;;9.572998;0.817847125;0.474642342;Uncertain;Uncertain;Uncertain;Pathogenic;Pathogenic;Pathogenic;Pathogenic;Pathogenic;Pathogenic;Uncertain;Pathogenic;;;;;False;False;False;False;False;False;True;False;False;False;;;False;False;False;False
A;90;N;;;;;;;8.268951;0.664970635;0.637683301;Uncertain;Uncertain;Uncertain;Uncertain;Uncertain;Uncertain;Uncertain;Pathogenic;Pathogenic;Uncertain;Pathogenic;;;;;False;False;False;False;False;False;True;False;False;False;;;False;False;False;False
A;90;P;;;;;;;8.125977;0.640956745;0.652865731;Uncertain;Uncertain;Uncertain;Uncertain;Uncertain;Uncertain;Uncertain;Pathogenic;Pathogenic;Uncertain;Pathogenic;;;;;False;False;False;False;False;False;True;False;False;False;;;False;False;False;False
A;90;Q;;;;;;;6.827942;0.42710871;0.682482937;Uncertain;Uncertain;Uncertain;Uncertain;Uncertain;Uncertain;Uncertain;Uncertain;Benign;Uncertain;Uncertain;;;;;False;False;False;False;False;False;False;False;False;False;;;False;False;False;False
A;90;R;;;;;;;8.248138;0.661553613;0.639999593;Uncertain;Uncertain;Uncertain;Uncertain;Uncertain;Uncertain;Uncertain;Pathogenic;Pathogenic;Uncertain;Pathogenic;;;;;False;False;False;False;False;False;True;False;False;False;;;False;False;False;False
A;90;S;;;;;;;3.294403;0.19236014;0.489627151;Uncertain;Uncertain;Uncertain;Benign;Benign;Benign;Benign;Benign;Benign;Uncertain;Benign;;;;;False;False;False;False;False;True;False;False;False;False;;;False;False;False;False
A;90;T;Uncertain significance;2;2;uncertain;;;3.4287415;0.198414381;0.498196416;Uncertain;Uncertain;Uncertain;Uncertain;Benign;Benign;Benign;Benign;Benign;Uncertain;Benign;3.3765564;0.196043946;0.494869016;Benign;False;False;False;False;False;True;False;False;False;False;uncertain;Uncertain significance;False;False;False;False
A;90;V;;;;uncertain;1.19E-05;1.19E-05;3.596527;0.206196075;0.508872949;Uncertain;Uncertain;Uncertain;Uncertain;Benign;Benign;Benign;Benign;Benign;Uncertain;Benign;3.5518494;0.204100096;0.506034096;Benign;False;False;False;False;False;True;False;False;False;False;uncertain;uncertain;False;False;False;False
A;90;W;;;;;;;9.6223755;0.821646575;0.4688875;Uncertain;Uncertain;Uncertain;Pathogenic;Pathogenic;Pathogenic;Pathogenic;Pathogenic;Pathogenic;Uncertain;Pathogenic;;;;;False;False;False;False;False;False;True;False;False;False;;;False;False;False;False
A;90;Y;;;;;;;9.567352;0.817405924;0.475304296;Uncertain;Uncertain;Uncertain;Pathogenic;Pathogenic;Pathogenic;Pathogenic;Pathogenic;Pathogenic;Uncertain;Pathogenic;;;;;False;False;False;False;False;False;True;False;False;False;;;False;False;False;False
D;91;A;Conflicting interpretations of pathogenicity;1;11;uncertain;0.001502425;0.001502425;3.559021;0.204435373;0.506490016;Uncertain;Uncertain;Uncertain;Uncertain;Benign;Benign;Benign;Benign;Benign;Uncertain;Benign;3.5387573;0.203489185;0.50520158;Benign;True;False;False;False;False;True;False;True;False;False;benign;Benign;False;False;False;False
D;91;C;;;;;;;6.614197;0.402462034;0.673997316;Uncertain;Uncertain;Uncertain;Uncertain;Uncertain;Uncertain;Uncertain;Uncertain;Benign;Uncertain;Uncertain;;;;;False;False;False;False;False;False;False;False;False;False;;;False;False;False;False
D;91;D;;;;;;;;;;;;;;;;;;;;;;;;;False;False;False;False;False;False;False;False;False;False;;;False;False;False;False
D;91;E;;;;uncertain;3.98E-06;3.98E-06;3.0898132;0.183440275;0.476570243;Uncertain;Uncertain;Uncertain;Benign;Benign;Benign;Benign;Benign;Benign;Uncertain;Benign;3.0262756;0.180743642;0.472519235;Benign;False;False;False;False;False;True;False;False;False;False;uncertain;uncertain;False;False;False;False
D;91;F;;;;;;;7.3061523;0.49593773;0.693114176;Uncertain;Uncertain;Uncertain;Uncertain;Uncertain;Uncertain;Uncertain;Uncertain;Uncertain;Uncertain;Uncertain;;;;;False;False;False;False;False;False;False;False;False;False;;;False;False;False;False
D;91;G;;;;;;;0.07757568;0.090110796;0.302794089;Benign;Benign;Benign;Benign;Benign;Benign;Benign;Benign;Benign;Benign;Benign;;;;;False;False;False;False;False;True;False;False;False;False;;;False;False;False;False
D;91;H;;;;;;;4.914917;0.275813387;0.588955617;Uncertain;Uncertain;Uncertain;Uncertain;Uncertain;Benign;Benign;Benign;Benign;Uncertain;Benign;;;;;False;False;False;False;False;True;False;False;False;False;;;False;False;False;False
D;91;I;;;;;;;5.753113;0.329096956;0.633537268;Uncertain;Uncertain;Uncertain;Uncertain;Uncertain;Uncertain;Benign;Benign;Benign;Uncertain;Benign;;;;;False;False;False;False;False;True;False;False;False;False;;;False;False;False;False
D;91;K;;;;;;;2.922882;0.176429577;0.465936075;Uncertain;Uncertain;Uncertain;Benign;Benign;Benign;Benign;Benign;Benign;Uncertain;Benign;;;;;False;False;False;False;False;True;False;False;False;False;;;False;False;False;False
D;91;L;;;;;;;5.6424255;0.321455733;0.627961883;Uncertain;Uncertain;Uncertain;Uncertain;Uncertain;Uncertain;Benign;Benign;Benign;Uncertain;Benign;;;;;False;False;False;False;False;True;False;False;False;False;;;False;False;False;False
D;91;M;;;;;;;5.8708496;0.337521257;0.639377636;Uncertain;Uncertain;Uncertain;Uncertain;Uncertain;Uncertain;Uncertain;Benign;Benign;Uncertain;Benign;;;;;False;False;False;False;False;True;False;False;False;False;;;False;False;False;False
D;91;N;;;;uncertain;3.98E-06;3.98E-06;0.7258911;0.104882941;0.335681301;Uncertain;Benign;Benign;Benign;Benign;Benign;Benign;Benign;Benign;Benign;Benign;0.71554565;0.10462754;0.335133345;Benign;False;False;False;False;False;True;False;False;False;False;uncertain;uncertain;False;False;False;False
D;91;P;;;;;;;3.8682861;0.219318073;0.526043513;Uncertain;Uncertain;Uncertain;Uncertain;Benign;Benign;Benign;Benign;Benign;Uncertain;Benign;;;;;False;False;False;False;False;True;False;False;False;False;;;False;False;False;False
D;91;Q;;;;;;;4.919739;0.276096113;0.589228339;Uncertain;Uncertain;Uncertain;Uncertain;Uncertain;Benign;Benign;Benign;Benign;Uncertain;Benign;;;;;False;False;False;False;False;True;False;False;False;False;;;False;False;False;False
D;91;R;;;;;;;4.437744;0.248878507;0.561099702;Uncertain;Uncertain;Uncertain;Uncertain;Uncertain;Benign;Benign;Benign;Benign;Uncertain;Benign;;;;;False;False;False;False;False;True;False;False;False;False;;;False;False;False;False
D;91;S;;;;;;;2.105774;0.145492999;0.414810912;Uncertain;Uncertain;Benign;Benign;Benign;Benign;Benign;Benign;Benign;Uncertain;Benign;;;;;False;False;False;False;False;True;False;False;False;False;;;False;False;False;False
D;91;T;;;;;;;2.6706238;0.166286419;0.449948703;Uncertain;Uncertain;Uncertain;Benign;Benign;Benign;Benign;Benign;Benign;Uncertain;Benign;;;;;False;False;False;False;False;True;False;False;False;False;;;False;False;False;False
D;91;V;;;;;;;4.2624817;0.239484269;0.550484726;Uncertain;Uncertain;Uncertain;Uncertain;Benign;Benign;Benign;Benign;Benign;Uncertain;Benign;;;;;False;False;False;False;False;True;False;False;False;False;;;False;False;False;False
D;91;W;;;;;;;7.45343;0.520728968;0.692287554;Uncertain;Uncertain;Uncertain;Uncertain;Uncertain;Uncertain;Uncertain;Uncertain;Uncertain;Uncertain;Uncertain;;;;;False;False;False;False;False;False;False;False;False;False;;;False;False;False;False
D;91;Y;;;;;;;5.4317017;0.307518191;0.617100502;Uncertain;Uncertain;Uncertain;Uncertain;Uncertain;Uncertain;Benign;Benign;Benign;Uncertain;Benign;;;;;False;False;False;False;False;True;False;False;False;False;;;False;False;False;False
K;92;A;;;;;;;-2.2597961;0.053523951;0.208763395;Benign;Benign;Benign;Benign;Benign;Benign;Benign;Benign;Benign;Benign;Benign;;;;;False;False;False;False;False;True;False;False;False;False;;;False;False;False;False
K;92;C;;;;;;;2.8147888;0.172017115;0.459070233;Uncertain;Uncertain;Uncertain;Benign;Benign;Benign;Benign;Benign;Benign;Uncertain;Benign;;;;;False;False;False;False;False;True;False;False;False;False;;;False;False;False;False
K;92;D;;;;;;;-1.6504517;0.061004533;0.229722631;Benign;Benign;Benign;Benign;Benign;Benign;Benign;Benign;Benign;Benign;Benign;;;;;False;False;False;False;False;True;False;False;False;False;;;False;False;False;False
K;92;E;;;;uncertain;3.98E-06;3.98E-06;-1.5105286;0.062899597;0.234872428;Benign;Benign;Benign;Benign;Benign;Benign;Benign;Benign;Benign;Benign;Benign;-1.4411316;0.063865866;0.237474681;Benign;False;False;False;False;False;True;False;False;False;False;uncertain;uncertain;False;False;False;False
K;92;F;;;;;;;3.6615906;0.209279422;0.513000392;Uncertain;Uncertain;Uncertain;Uncertain;Benign;Benign;Benign;Benign;Benign;Uncertain;Benign;;;;;False;False;False;False;False;True;False;False;False;False;;;False;False;False;False
K;92;G;;;;;;;-0.5589905;0.07782627;0.273428;Benign;Benign;Benign;Benign;Benign;Benign;Benign;Benign;Benign;Benign;Benign;;;;;False;False;False;False;False;True;False;False;False;False;;;False;False;False;False
K;92;H;;;;;;;2.7463684;0.169275449;0.454735482;Uncertain;Uncertain;Uncertain;Benign;Benign;Benign;Benign;Benign;Benign;Uncertain;Benign;;;;;False;False;False;False;False;True;False;False;False;False;;;False;False;False;False
K;92;I;;;;;;;2.993805;0.179378942;0.47045044;Uncertain;Uncertain;Uncertain;Benign;Benign;Benign;Benign;Benign;Benign;Uncertain;Benign;;;;;False;False;False;False;False;True;False;False;False;False;;;False;False;False;False
K;92;K;;;;;;;;;;;;;;;;;;;;;;;;;False;False;False;False;False;False;False;False;False;False;;;False;False;False;False
K;92;L;;;;;;;2.9113464;0.175953934;0.46520246;Uncertain;Uncertain;Uncertain;Benign;Benign;Benign;Benign;Benign;Benign;Uncertain;Benign;;;;;False;False;False;False;False;True;False;False;False;False;;;False;False;False;False
K;92;M;;;;;;;2.9699402;0.178381703;0.468930694;Uncertain;Uncertain;Uncertain;Benign;Benign;Benign;Benign;Benign;Benign;Uncertain;Benign;;;;;False;False;False;False;False;True;False;False;False;False;;;False;False;False;False
K;92;N;;;;;;;0.5489502;0.100605593;0.326411564;Uncertain;Benign;Benign;Benign;Benign;Benign;Benign;Benign;Benign;Benign;Benign;;;;;False;False;False;False;False;True;False;False;False;False;;;False;False;False;False
K;92;P;;;;;;;0.3861084;0.096835685;0.318074106;Uncertain;Benign;Benign;Benign;Benign;Benign;Benign;Benign;Benign;Benign;Benign;;;;;False;False;False;False;False;True;False;False;False;False;;;False;False;False;False
K;92;Q;;;;;;;0.65914917;0.103246953;0.332159242;Uncertain;Benign;Benign;Benign;Benign;Benign;Benign;Benign;Benign;Benign;Benign;;;;;False;False;False;False;False;True;False;False;False;False;;;False;False;False;False
K;92;R;;;;;;;1.4556885;0.124669228;0.376126007;Uncertain;Benign;Benign;Benign;Benign;Benign;Benign;Benign;Benign;Benign;Benign;;;;;False;False;False;False;False;True;False;False;False;False;;;False;False;False;False
K;92;S;;;;;;;-1.216095;0.06712422;0.246135857;Benign;Benign;Benign;Benign;Benign;Benign;Benign;Benign;Benign;Benign;Benign;;;;;False;False;False;False;False;True;False;False;False;False;;;False;False;False;False
K;92;T;;;;;;;0.8739624;0.108612347;0.343604242;Uncertain;Benign;Benign;Benign;Benign;Benign;Benign;Benign;Benign;Benign;Benign;;;;;False;False;False;False;False;True;False;False;False;False;;;False;False;False;False
K;92;V;;;;;;;1.2149658;0.11774452;0.362406886;Uncertain;Benign;Benign;Benign;Benign;Benign;Benign;Benign;Benign;Benign;Benign;;;;;False;False;False;False;False;True;False;False;False;False;;;False;False;False;False
K;92;W;;;;;;;3.9866638;0.225233642;0.533452644;Uncertain;Uncertain;Uncertain;Uncertain;Benign;Benign;Benign;Benign;Benign;Uncertain;Benign;;;;;False;False;False;False;False;True;False;False;False;False;;;False;False;False;False
K;92;Y;;;;;;;2.034729;0.143059895;0.410479433;Uncertain;Uncertain;Benign;Benign;Benign;Benign;Benign;Benign;Benign;Uncertain;Benign;;;;;False;False;False;False;False;True;False;False;False;False;;;False;False;False;False
D;93;A;;;;;;;2.9451294;0.177350109;0.467351452;Uncertain;Uncertain;Uncertain;Benign;Benign;Benign;Benign;Benign;Benign;Uncertain;Benign;;;;;False;False;False;False;False;True;False;False;False;False;;;False;False;False;False
D;93;C;;;;;;;5.957428;0.34394362;0.64361667;Uncertain;Uncertain;Uncertain;Uncertain;Uncertain;Uncertain;Uncertain;Benign;Benign;Uncertain;Benign;;;;;False;False;False;False;False;True;False;False;False;False;;;False;False;False;False
D;93;D;;;;;;;;;;;;;;;;;;;;;;;;;False;False;False;False;False;False;False;False;False;False;;;False;False;False;False
D;93;E;;;;;;;2.2001953;0.148788541;0.420601922;Uncertain;Uncertain;Benign;Benign;Benign;Benign;Benign;Benign;Benign;Uncertain;Benign;;;;;False;False;False;False;False;True;False;False;False;False;;;False;False;False;False
D;93;F;;;;;;;4.8788147;0.27370362;0.586907847;Uncertain;Uncertain;Uncertain;Uncertain;Uncertain;Benign;Benign;Benign;Benign;Uncertain;Benign;;;;;False;False;False;False;False;True;False;False;False;False;;;False;False;False;False
D;93;G;;;;uncertain;7.07E-06;7.07E-06;2.7739868;0.170377371;0.456484078;Uncertain;Uncertain;Uncertain;Benign;Benign;Benign;Benign;Benign;Benign;Uncertain;Benign;2.800354;0.171435398;0.458154934;Benign;False;False;False;False;False;True;False;False;False;False;uncertain;uncertain;False;False;False;False
D;93;H;;;;;;;4.024536;0.227151681;0.535811715;Uncertain;Uncertain;Uncertain;Uncertain;Benign;Benign;Benign;Benign;Benign;Uncertain;Benign;;;;;False;False;False;False;False;True;False;False;False;False;;;False;False;False;False
D;93;I;;;;;;;7.2384644;0.48504814;0.692699998;Uncertain;Uncertain;Uncertain;Uncertain;Uncertain;Uncertain;Uncertain;Uncertain;Uncertain;Uncertain;Uncertain;;;;;False;False;False;False;False;False;False;False;False;False;;;False;False;False;False
D;93;K;;;;;;;2.8980713;0.175407973;0.464358466;Uncertain;Uncertain;Uncertain;Benign;Benign;Benign;Benign;Benign;Benign;Uncertain;Benign;;;;;False;False;False;False;False;True;False;False;False;False;;;False;False;False;False
D;93;L;;;;;;;5.267975;0.297139508;0.608421096;Uncertain;Uncertain;Uncertain;Uncertain;Uncertain;Uncertain;Benign;Benign;Benign;Uncertain;Benign;;;;;False;False;False;False;False;True;False;False;False;False;;;False;False;False;False
D;93;M;;;;;;;6.074951;0.353023694;0.649298357;Uncertain;Uncertain;Uncertain;Uncertain;Uncertain;Uncertain;Uncertain;Benign;Benign;Uncertain;Benign;;;;;False;False;False;False;False;True;False;False;False;False;;;False;False;False;False
D;93;N;;;;;;;0.9421997;0.110378246;0.34730542;Uncertain;Benign;Benign;Benign;Benign;Benign;Benign;Benign;Benign;Benign;Benign;;;;;False;False;False;False;False;True;False;False;False;False;;;False;False;False;False
D;93;P;;;;;;;6.5454407;0.395245292;0.671036637;Uncertain;Uncertain;Uncertain;Uncertain;Uncertain;Uncertain;Uncertain;Uncertain;Benign;Uncertain;Uncertain;;;;;False;False;False;False;False;False;False;False;False;False;;;False;False;False;False
D;93;Q;;;;;;;2.0986328;0.145246632;0.414374501;Uncertain;Uncertain;Benign;Benign;Benign;Benign;Benign;Benign;Benign;Uncertain;Benign;;;;;False;False;False;False;False;True;False;False;False;False;;;False;False;False;False
D;93;R;;;;;;;4.5837708;0.256907657;0.569797509;Uncertain;Uncertain;Uncertain;Uncertain;Uncertain;Benign;Benign;Benign;Benign;Uncertain;Benign;;;;;False;False;False;False;False;True;False;False;False;False;;;False;False;False;False
D;93;S;;;;;;;0.9612427;0.110876458;0.34834387;Uncertain;Benign;Benign;Benign;Benign;Benign;Benign;Benign;Benign;Benign;Benign;;;;;False;False;False;False;False;True;False;False;False;False;;;False;False;False;False
D;93;T;;;;;;;2.891571;0.175141186;0.463945294;Uncertain;Uncertain;Uncertain;Benign;Benign;Benign;Benign;Benign;Benign;Uncertain;Benign;;;;;False;False;False;False;False;True;False;False;False;False;;;False;False;False;False
D;93;V;;;;;;;5.9943542;0.346748869;0.645410798;Uncertain;Uncertain;Uncertain;Uncertain;Uncertain;Uncertain;Uncertain;Benign;Benign;Uncertain;Benign;;;;;False;False;False;False;False;True;False;False;False;False;;;False;False;False;False
D;93;W;;;;;;;6.4772034;0.388389754;0.668022352;Uncertain;Uncertain;Uncertain;Uncertain;Uncertain;Uncertain;Uncertain;Uncertain;Benign;Uncertain;Uncertain;;;;;False;False;False;False;False;False;False;False;False;False;;;False;False;False;False
D;93;Y;;;;;;;4.0855103;0.230265641;0.539597119;Uncertain;Uncertain;Uncertain;Uncertain;Benign;Benign;Benign;Benign;Benign;Uncertain;Benign;;;;;False;False;False;False;False;True;False;False;False;False;;;False;False;False;False
G;94;A;Pathogenic;0;1;uncertain;7.95E-06;7.95E-06;5.683075;0.324233314;0.630019327;Uncertain;Uncertain;Uncertain;Uncertain;Uncertain;Uncertain;Benign;Benign;Benign;Uncertain;Benign;5.64563;0.32167355;0.628124503;Benign;False;False;True;True;False;True;False;False;False;False;pathogenic;Pathogenic;True;False;False;False
G;94;C;Pathogenic;0;1;uncertain;;;8.423157;0.689352406;0.619617837;Uncertain;Uncertain;Uncertain;Uncertain;Uncertain;Uncertain;Pathogenic;Pathogenic;Pathogenic;Uncertain;Pathogenic;8.475769;0.697272763;0.613157406;Pathogenic;False;False;True;True;False;False;True;False;False;True;pathogenic;Likely Pathogenic;False;False;False;False
G;94;D;;;;uncertain;1.19E-05;1.19E-05;8.179443;0.650080055;0.647397068;Uncertain;Uncertain;Uncertain;Uncertain;Uncertain;Uncertain;Uncertain;Pathogenic;Pathogenic;Uncertain;Pathogenic;8.073883;0.631921562;0.657925067;Uncertain;False;False;True;False;False;False;True;False;False;True;pathogenic;Likely Pathogenic;False;False;False;False
G;94;E;;;;;;;6.78067;0.421351216;0.68072439;Uncertain;Uncertain;Uncertain;Uncertain;Uncertain;Uncertain;Uncertain;Uncertain;Benign;Uncertain;Uncertain;;;;;False;False;True;False;False;False;False;False;False;False;;;False;False;False;False
G;94;F;;;;;;;9.582275;0.818569022;0.473556424;Uncertain;Uncertain;Uncertain;Pathogenic;Pathogenic;Pathogenic;Pathogenic;Pathogenic;Pathogenic;Uncertain;Pathogenic;;;;;False;False;True;False;False;False;True;False;False;True;pathogenic;Likely Pathogenic;False;False;False;False
G;94;G;;;;;;;;;;;;;;;;;;;;;;;;;False;False;True;False;False;False;False;False;False;False;;;False;False;False;False
G;94;H;;;;;;;7.25943;0.488383976;0.692877292;Uncertain;Uncertain;Uncertain;Uncertain;Uncertain;Uncertain;Uncertain;Uncertain;Uncertain;Uncertain;Uncertain;;;;;False;False;True;False;False;False;False;False;False;False;;;False;False;False;False
G;94;I;;;;;;;9.096802;0.77502464;0.533133365;Uncertain;Uncertain;Uncertain;Uncertain;Pathogenic;Pathogenic;Pathogenic;Pathogenic;Pathogenic;Uncertain;Pathogenic;;;;;False;False;True;False;False;False;True;False;False;True;pathogenic;Likely Pathogenic;False;False;False;False
G;94;K;;;;;;;4.945801;0.277628043;0.590699117;Uncertain;Uncertain;Uncertain;Uncertain;Uncertain;Benign;Benign;Benign;Benign;Uncertain;Benign;;;;;False;False;True;False;False;True;False;False;False;False;;;False;False;False;False
G;94;L;;;;;;;8.763794;0.736869834;0.576305575;Uncertain;Uncertain;Uncertain;Uncertain;Uncertain;Pathogenic;Pathogenic;Pathogenic;Pathogenic;Uncertain;Pathogenic;;;;;False;False;True;False;False;False;True;False;False;True;pathogenic;Likely Pathogenic;False;False;False;False
G;94;M;;;;;;;9.595795;0.819614368;0.471977736;Uncertain;Uncertain;Uncertain;Pathogenic;Pathogenic;Pathogenic;Pathogenic;Pathogenic;Pathogenic;Uncertain;Pathogenic;;;;;False;False;True;False;False;False;True;False;False;True;pathogenic;Likely Pathogenic;False;False;False;False
G;94;N;;;;;;;5.244995;0.295709941;0.607185404;Uncertain;Uncertain;Uncertain;Uncertain;Uncertain;Uncertain;Benign;Benign;Benign;Uncertain;Benign;;;;;False;False;True;False;False;True;False;False;False;False;;;False;False;False;False
G;94;P;;;;;;;7.3620605;0.505183036;0.693093452;Uncertain;Uncertain;Uncertain;Uncertain;Uncertain;Uncertain;Uncertain;Uncertain;Uncertain;Uncertain;Uncertain;;;;;False;False;True;False;False;False;False;False;False;False;;;False;False;False;False
G;94;Q;;;;;;;6.4035034;0.381303097;0.664698453;Uncertain;Uncertain;Uncertain;Uncertain;Uncertain;Uncertain;Uncertain;Benign;Benign;Uncertain;Uncertain;;;;;False;False;True;False;False;False;False;False;False;False;;;False;False;False;False
G;94;R;Pathogenic;1;2;pathogenic;;;6.1634827;0.360182518;0.653523137;Uncertain;Uncertain;Uncertain;Uncertain;Uncertain;Uncertain;Uncertain;Benign;Benign;Uncertain;Uncertain;6.1183777;0.356498267;0.651376775;Benign;False;False;True;True;False;False;False;False;False;False;pathogenic;Pathogenic;False;False;False;False
G;94;S;;;;;;;4.5665894;0.255953359;0.568781558;Uncertain;Uncertain;Uncertain;Uncertain;Uncertain;Benign;Benign;Benign;Benign;Uncertain;Benign;;;;;False;False;True;False;False;True;False;False;False;False;;;False;False;False;False
G;94;T;;;;;;;6.440613;0.384831807;0.666380063;Uncertain;Uncertain;Uncertain;Uncertain;Uncertain;Uncertain;Uncertain;Uncertain;Benign;Uncertain;Uncertain;;;;;False;False;True;False;False;False;False;False;False;False;;;False;False;False;False
G;94;V;;;;;;;8.864746;0.749260334;0.563146293;Uncertain;Uncertain;Uncertain;Uncertain;Uncertain;Pathogenic;Pathogenic;Pathogenic;Pathogenic;Uncertain;Pathogenic;;;;;False;False;True;False;False;False;True;False;False;True;pathogenic;Likely Pathogenic;False;False;False;False
G;94;W;;;;;;;8.697205;0.728280922;0.584961187;Uncertain;Uncertain;Uncertain;Uncertain;Uncertain;Pathogenic;Pathogenic;Pathogenic;Pathogenic;Uncertain;Pathogenic;;;;;False;False;True;False;False;False;True;False;False;True;pathogenic;Likely Pathogenic;False;False;False;False
G;94;Y;;;;;;;8.305481;0.670897992;0.633540867;Uncertain;Uncertain;Uncertain;Uncertain;Uncertain;Uncertain;Pathogenic;Pathogenic;Pathogenic;Uncertain;Pathogenic;;;;;False;False;True;False;False;False;True;False;False;True;pathogenic;Likely Pathogenic;False;False;False;False
V;95;A;;;;;;;4.0021057;0.226014208;0.534415228;Uncertain;Uncertain;Uncertain;Uncertain;Benign;Benign;Benign;Benign;Benign;Uncertain;Benign;;;;;False;False;False;False;False;True;False;False;False;False;;;False;False;False;False
V;95;C;;;;;;;4.8461;0.27180238;0.585043298;Uncertain;Uncertain;Uncertain;Uncertain;Uncertain;Benign;Benign;Benign;Benign;Uncertain;Benign;;;;;False;False;False;False;False;True;False;False;False;False;;;False;False;False;False
V;95;D;;;;;;;4.2278748;0.23766044;0.548368127;Uncertain;Uncertain;Uncertain;Uncertain;Benign;Benign;Benign;Benign;Benign;Uncertain;Benign;;;;;False;False;False;False;False;True;False;False;False;False;;;False;False;False;False
V;95;E;;;;;;;3.4629822;0.199982566;0.500378254;Uncertain;Uncertain;Uncertain;Uncertain;Benign;Benign;Benign;Benign;Benign;Uncertain;Benign;;;;;False;False;False;False;False;True;False;False;False;False;;;False;False;False;False
V;95;F;;;;;;;5.289856;0.298506629;0.609593657;Uncertain;Uncertain;Uncertain;Uncertain;Uncertain;Uncertain;Benign;Benign;Benign;Uncertain;Benign;;;;;False;False;False;False;False;True;False;False;False;False;;;False;False;False;False
V;95;G;;;;;;;6.831085;0.42749798;0.68259694;Uncertain;Uncertain;Uncertain;Uncertain;Uncertain;Uncertain;Uncertain;Uncertain;Benign;Uncertain;Uncertain;;;;;False;False;False;False;False;False;False;False;False;False;;;False;False;False;False
V;95;H;;;;;;;5.879242;0.338134831;0.639790564;Uncertain;Uncertain;Uncertain;Uncertain;Uncertain;Uncertain;Uncertain;Benign;Benign;Uncertain;Benign;;;;;False;False;False;False;False;True;False;False;False;False;;;False;False;False;False
V;95;I;;;;;;;1.9616699;0.140599068;0.406049479;Uncertain;Uncertain;Benign;Benign;Benign;Benign;Benign;Benign;Benign;Benign;Benign;;;;;False;False;False;False;False;True;False;False;False;False;;;False;False;False;False
V;95;K;;;;;;;2.0454102;0.143423162;0.411129181;Uncertain;Uncertain;Benign;Benign;Benign;Benign;Benign;Benign;Benign;Uncertain;Benign;;;;;False;False;False;False;False;True;False;False;False;False;;;False;False;False;False
V;95;L;;;;;;;3.2277832;0.189415839;0.485374816;Uncertain;Uncertain;Uncertain;Benign;Benign;Benign;Benign;Benign;Benign;Uncertain;Benign;;;;;False;False;False;False;False;True;False;False;False;False;;;False;False;False;False
V;95;M;;;;;;;4.9532166;0.278065128;0.591116607;Uncertain;Uncertain;Uncertain;Uncertain;Uncertain;Benign;Benign;Benign;Benign;Uncertain;Benign;;;;;False;False;False;False;False;True;False;False;False;False;;;False;False;False;False
V;95;N;;;;;;;2.7066345;0.167701444;0.45222277;Uncertain;Uncertain;Uncertain;Benign;Benign;Benign;Benign;Benign;Benign;Uncertain;Benign;;;;;False;False;False;False;False;True;False;False;False;False;;;False;False;False;False
V;95;P;;;;;;;4.068512;0.229394325;0.538543462;Uncertain;Uncertain;Uncertain;Uncertain;Benign;Benign;Benign;Benign;Benign;Uncertain;Benign;;;;;False;False;False;False;False;True;False;False;False;False;;;False;False;False;False
V;95;Q;;;;;;;4.382202;0.245872866;0.557755435;Uncertain;Uncertain;Uncertain;Uncertain;Uncertain;Benign;Benign;Benign;Benign;Uncertain;Benign;;;;;False;False;False;False;False;True;False;False;False;False;;;False;False;False;False
V;95;R;;;;;;;3.8486633;0.218349166;0.524810601;Uncertain;Uncertain;Uncertain;Uncertain;Benign;Benign;Benign;Benign;Benign;Uncertain;Benign;;;;;False;False;False;False;False;True;False;False;False;False;;;False;False;False;False
V;95;S;;;;;;;3.4933777;0.201383178;0.502313947;Uncertain;Uncertain;Uncertain;Uncertain;Benign;Benign;Benign;Benign;Benign;Uncertain;Benign;;;;;False;False;False;False;False;True;False;False;False;False;;;False;False;False;False
V;95;T;;;;;;;2.3208008;0.15310189;0.428052109;Uncertain;Uncertain;Benign;Benign;Benign;Benign;Benign;Benign;Benign;Uncertain;Benign;;;;;False;False;False;False;False;True;False;False;False;False;;;False;False;False;False
V;95;V;;;;;;;;;;;;;;;;;;;;;;;;;False;False;False;False;False;False;False;False;False;False;;;False;False;False;False
V;95;W;;;;;;;7.7652893;0.576487638;0.681400395;Uncertain;Uncertain;Uncertain;Uncertain;Uncertain;Uncertain;Uncertain;Uncertain;Pathogenic;Uncertain;Uncertain;;;;;False;False;False;False;False;False;False;False;False;False;;;False;False;False;False
V;95;Y;;;;;;;5.404358;0.305759957;0.615665994;Uncertain;Uncertain;Uncertain;Uncertain;Uncertain;Uncertain;Benign;Benign;Benign;Uncertain;Benign;;;;;False;False;False;False;False;True;False;False;False;False;;;False;False;False;False
A;96;A;;;;;;;;;;;;;;;;;;;;;;;;;False;False;False;False;False;False;False;False;False;False;;;False;False;False;False
A;96;C;;;;;;;4.5466003;0.254846347;0.567597035;Uncertain;Uncertain;Uncertain;Uncertain;Uncertain;Benign;Benign;Benign;Benign;Uncertain;Benign;;;;;False;False;False;False;False;True;False;False;False;False;;;False;False;False;False
A;96;D;;;;;;;8.315735;0.67254539;0.632361357;Uncertain;Uncertain;Uncertain;Uncertain;Uncertain;Uncertain;Pathogenic;Pathogenic;Pathogenic;Uncertain;Pathogenic;;;;;False;False;False;False;False;False;True;False;False;False;;;False;False;False;False
A;96;E;;;;;;;7.550049;0.53766046;0.690307872;Uncertain;Uncertain;Uncertain;Uncertain;Uncertain;Uncertain;Uncertain;Uncertain;Uncertain;Uncertain;Uncertain;;;;;False;False;False;False;False;False;False;False;False;False;;;False;False;False;False
A;96;F;;;;;;;7.4451904;0.519306799;0.69240149;Uncertain;Uncertain;Uncertain;Uncertain;Uncertain;Uncertain;Uncertain;Uncertain;Uncertain;Uncertain;Uncertain;;;;;False;False;False;False;False;False;False;False;False;False;;;False;False;False;False
A;96;G;;;;;;;4.7499084;0.266269171;0.57951266;Uncertain;Uncertain;Uncertain;Uncertain;Uncertain;Benign;Benign;Benign;Benign;Uncertain;Benign;;;;;False;False;False;False;False;True;False;False;False;False;;;False;False;False;False
A;96;H;;;;;;;9.125519;0.777966771;0.529469332;Uncertain;Uncertain;Uncertain;Uncertain;Pathogenic;Pathogenic;Pathogenic;Pathogenic;Pathogenic;Uncertain;Pathogenic;;;;;False;False;False;False;False;False;True;False;False;False;;;False;False;False;False
A;96;I;;;;;;;4.9778748;0.279522354;0.592501633;Uncertain;Uncertain;Uncertain;Uncertain;Uncertain;Benign;Benign;Benign;Benign;Uncertain;Benign;;;;;False;False;False;False;False;True;False;False;False;False;;;False;False;False;False
A;96;K;;;;;;;8.47467;0.69710946;0.613293593;Uncertain;Uncertain;Uncertain;Uncertain;Uncertain;Uncertain;Pathogenic;Pathogenic;Pathogenic;Uncertain;Pathogenic;;;;;False;False;False;False;False;False;True;False;False;False;;;False;False;False;False
A;96;L;;;;;;;5.9093018;0.340347948;0.641266;Uncertain;Uncertain;Uncertain;Uncertain;Uncertain;Uncertain;Uncertain;Benign;Benign;Uncertain;Benign;;;;;False;False;False;False;False;True;False;False;False;False;;;False;False;False;False
A;96;M;;;;;;;9.201019;0.78546144;0.519908167;Uncertain;Uncertain;Uncertain;Uncertain;Pathogenic;Pathogenic;Pathogenic;Pathogenic;Pathogenic;Uncertain;Pathogenic;;;;;False;False;False;False;False;False;True;False;False;False;;;False;False;False;False
A;96;N;;;;;;;9.356537;0.799866626;0.500587264;Uncertain;Uncertain;Uncertain;Uncertain;Pathogenic;Pathogenic;Pathogenic;Pathogenic;Pathogenic;Uncertain;Pathogenic;;;;;False;False;False;False;False;False;True;False;False;False;;;False;False;False;False
A;96;P;;;;;;;9.137939;0.779223389;0.527889136;Uncertain;Uncertain;Uncertain;Uncertain;Pathogenic;Pathogenic;Pathogenic;Pathogenic;Pathogenic;Uncertain;Pathogenic;;;;;False;False;False;False;False;False;True;False;False;False;;;False;False;False;False
A;96;Q;;;;;;;8.391632;0.6845072;0.623425261;Uncertain;Uncertain;Uncertain;Uncertain;Uncertain;Uncertain;Pathogenic;Pathogenic;Pathogenic;Uncertain;Pathogenic;;;;;False;False;False;False;False;False;True;False;False;False;;;False;False;False;False
A;96;R;;;;;;;9.102844;0.775647941;0.532361287;Uncertain;Uncertain;Uncertain;Uncertain;Pathogenic;Pathogenic;Pathogenic;Pathogenic;Pathogenic;Uncertain;Pathogenic;;;;;False;False;False;False;False;False;True;False;False;False;;;False;False;False;False
A;96;S;;;;;;;4.2536316;0.23901688;0.549944054;Uncertain;Uncertain;Uncertain;Uncertain;Benign;Benign;Benign;Benign;Benign;Uncertain;Benign;;;;;False;False;False;False;False;True;False;False;False;False;;;False;False;False;False
A;96;T;;;;;;;3.0037537;0.179796112;0.471084181;Uncertain;Uncertain;Uncertain;Benign;Benign;Benign;Benign;Benign;Benign;Uncertain;Benign;;;;;False;False;False;False;False;True;False;False;False;False;;;False;False;False;False
A;96;V;;;;;;;2.4412842;0.157528783;0.435549223;Uncertain;Uncertain;Benign;Benign;Benign;Benign;Benign;Benign;Benign;Uncertain;Benign;;;;;False;False;False;False;False;True;False;False;False;False;;;False;False;False;False
A;96;W;;;;;;;9.187134;0.784108721;0.52165828;Uncertain;Uncertain;Uncertain;Uncertain;Pathogenic;Pathogenic;Pathogenic;Pathogenic;Pathogenic;Uncertain;Pathogenic;;;;;False;False;False;False;False;False;True;False;False;False;;;False;False;False;False
A;96;Y;;;;;;;8.021271;0.622667794;0.662742995;Uncertain;Uncertain;Uncertain;Uncertain;Uncertain;Uncertain;Uncertain;Pathogenic;Pathogenic;Uncertain;Uncertain;;;;;False;False;False;False;False;False;False;False;False;False;;;False;False;False;False
D;97;A;;;;;;;0.89468384;0.109145406;0.344724863;Uncertain;Benign;Benign;Benign;Benign;Benign;Benign;Benign;Benign;Benign;Benign;;;;;False;False;True;False;False;True;False;False;False;False;;;False;False;False;False
D;97;C;;;;;;;3.145996;0.185853739;0.480154676;Uncertain;Uncertain;Uncertain;Benign;Benign;Benign;Benign;Benign;Benign;Uncertain;Benign;;;;;False;False;True;False;False;True;False;False;False;False;;;False;False;False;False
D;97;D;;;;;;;;;;;;;;;;;;;;;;;;;False;False;True;False;False;False;False;False;False;False;;;False;False;False;False
D;97;E;;;;uncertain;3.98E-06;3.98E-06;-0.76220703;0.074316472;0.264663854;Benign;Benign;Benign;Benign;Benign;Benign;Benign;Benign;Benign;Benign;Benign;-0.70028687;0.075366105;0.267303265;Benign;False;False;True;False;False;True;False;False;False;False;uncertain;uncertain;False;False;False;False
D;97;F;;;;;;;2.8905334;0.175098634;0.463879348;Uncertain;Uncertain;Uncertain;Benign;Benign;Benign;Benign;Benign;Benign;Uncertain;Benign;;;;;False;False;True;False;False;True;False;False;False;False;;;False;False;False;False
D;97;G;;;;;;;3.7702026;0.214508306;0.519868902;Uncertain;Uncertain;Uncertain;Uncertain;Benign;Benign;Benign;Benign;Benign;Uncertain;Benign;;;;;False;False;True;False;False;True;False;False;False;False;;;False;False;False;False
D;97;H;;;;;;;0.51272583;0.09975337;0.324540734;Uncertain;Benign;Benign;Benign;Benign;Benign;Benign;Benign;Benign;Benign;Benign;;;;;False;False;True;False;False;True;False;False;False;False;;;False;False;False;False
D;97;I;;;;;;;1.5400696;0.127194043;0.381017675;Uncertain;Uncertain;Benign;Benign;Benign;Benign;Benign;Benign;Benign;Benign;Benign;;;;;False;False;True;False;False;True;False;False;False;False;;;False;False;False;False
D;97;K;;;;;;;-2.3217163;0.052829187;0.206762821;Benign;Benign;Benign;Benign;Benign;Benign;Benign;Benign;Benign;Benign;Benign;;;;;False;False;True;False;False;True;False;False;False;False;;;False;False;False;False
D;97;L;;;;;;;1.6394958;0.130235558;0.386834247;Uncertain;Uncertain;Benign;Benign;Benign;Benign;Benign;Benign;Benign;Benign;Benign;;;;;False;False;True;False;False;True;False;False;False;False;;;False;False;False;False
D;97;M;;;;;;;2.851532;0.173505841;0.461401851;Uncertain;Uncertain;Uncertain;Benign;Benign;Benign;Benign;Benign;Benign;Uncertain;Benign;;;;;False;False;True;False;False;True;False;False;False;False;;;False;False;False;False
D;97;N;Uncertain significance;1;2;uncertain;2.39E-05;2.39E-05;-0.40896606;0.080540256;0.280086886;Benign;Benign;Benign;Benign;Benign;Benign;Benign;Benign;Benign;Benign;Benign;-0.40975952;0.08052562;0.280051245;Benign;False;False;True;False;False;True;False;False;False;False;uncertain;Uncertain significance;False;False;False;False
D;97;P;;;;;;;2.3868408;0.155513686;0.432155095;Uncertain;Uncertain;Benign;Benign;Benign;Benign;Benign;Benign;Benign;Uncertain;Benign;;;;;False;False;True;False;False;True;False;False;False;False;;;False;False;False;False
D;97;Q;;;;;;;0.82958984;0.107480141;0.341214314;Uncertain;Benign;Benign;Benign;Benign;Benign;Benign;Benign;Benign;Benign;Benign;;;;;False;False;True;False;False;True;False;False;False;False;;;False;False;False;False
D;97;R;;;;;;;0.6859131;0.103899679;0.333567915;Uncertain;Benign;Benign;Benign;Benign;Benign;Benign;Benign;Benign;Benign;Benign;;;;;False;False;True;False;False;True;False;False;False;False;;;False;False;False;False
D;97;S;;;;;;;0.094818115;0.090472667;0.303630041;Uncertain;Benign;Benign;Benign;Benign;Benign;Benign;Benign;Benign;Benign;Benign;;;;;False;False;True;False;False;True;False;False;False;False;;;False;False;False;False
D;97;T;;;;;;;-0.69155884;0.075515437;0.267677488;Benign;Benign;Benign;Benign;Benign;Benign;Benign;Benign;Benign;Benign;Benign;;;;;False;False;True;False;False;True;False;False;False;False;;;False;False;False;False
D;97;V;Likely pathogenic;1;1;pathogenic;;;-0.030670166;0.087875562;0.297594898;Benign;Benign;Benign;Benign;Benign;Benign;Benign;Benign;Benign;Benign;Benign;-0.007110596;0.088356731;0.298719322;Benign;False;False;True;True;False;True;False;False;False;False;uncertain;Conflicting interpretations of pathogenicity;True;False;True;False
D;97;W;;;;;;;4.66214;0.261293218;0.574405241;Uncertain;Uncertain;Uncertain;Uncertain;Uncertain;Benign;Benign;Benign;Benign;Uncertain;Benign;;;;;False;False;True;False;False;True;False;False;False;False;;;False;False;False;False
D;97;Y;;;;;;;2.083435;0.14472366;0.413446494;Uncertain;Uncertain;Benign;Benign;Benign;Benign;Benign;Benign;Benign;Uncertain;Benign;;;;;False;False;True;False;False;True;False;False;False;False;;;False;False;False;False
V;98;A;;;;;;;4.0115356;0.226491884;0.535002576;Uncertain;Uncertain;Uncertain;Uncertain;Benign;Benign;Benign;Benign;Benign;Uncertain;Benign;;;;;False;False;False;False;False;True;False;False;False;False;;;False;False;False;False
V;98;C;;;;;;;5.7294006;0.327438792;0.632349973;Uncertain;Uncertain;Uncertain;Uncertain;Uncertain;Uncertain;Benign;Benign;Benign;Uncertain;Benign;;;;;False;False;False;False;False;True;False;False;False;False;;;False;False;False;False
V;98;D;;;;;;;7.543213;0.536448605;0.690487821;Uncertain;Uncertain;Uncertain;Uncertain;Uncertain;Uncertain;Uncertain;Uncertain;Uncertain;Uncertain;Uncertain;;;;;False;False;False;False;False;False;False;False;False;False;;;False;False;False;False
V;98;E;;;;;;;4.82901;0.270813131;0.584065922;Uncertain;Uncertain;Uncertain;Uncertain;Uncertain;Benign;Benign;Benign;Benign;Uncertain;Benign;;;;;False;False;False;False;False;True;False;False;False;False;;;False;False;False;False
V;98;F;;;;;;;1.1587219;0.116184618;0.359253542;Uncertain;Benign;Benign;Benign;Benign;Benign;Benign;Benign;Benign;Benign;Benign;;;;;False;False;False;False;False;True;False;False;False;False;;;False;False;False;False
V;98;G;;;;;;;3.2225037;0.189184153;0.485037813;Uncertain;Uncertain;Uncertain;Benign;Benign;Benign;Benign;Benign;Benign;Uncertain;Benign;;;;;False;False;False;False;False;True;False;False;False;False;;;False;False;False;False
V;98;H;;;;;;;5.403412;0.305699316;0.615616258;Uncertain;Uncertain;Uncertain;Uncertain;Uncertain;Uncertain;Benign;Benign;Benign;Uncertain;Benign;;;;;False;False;False;False;False;True;False;False;False;False;;;False;False;False;False
V;98;I;;;;;;;0.45755005;0.098470324;0.321708874;Uncertain;Benign;Benign;Benign;Benign;Benign;Benign;Benign;Benign;Benign;Benign;;;;;False;False;False;False;False;True;False;False;False;False;;;False;False;False;False
V;98;K;;;;;;;6.7177734;0.413967307;0.678270008;Uncertain;Uncertain;Uncertain;Uncertain;Uncertain;Uncertain;Uncertain;Uncertain;Benign;Uncertain;Uncertain;;;;;False;False;False;False;False;False;False;False;False;False;;;False;False;False;False
V;98;L;;;;;;;2.1400452;0.146680951;0.416908397;Uncertain;Uncertain;Benign;Benign;Benign;Benign;Benign;Benign;Benign;Uncertain;Benign;;;;;False;False;False;False;False;True;False;False;False;False;;;False;False;False;False
V;98;M;;;;;;;6.0670776;0.352401015;0.648920305;Uncertain;Uncertain;Uncertain;Uncertain;Uncertain;Uncertain;Uncertain;Benign;Benign;Uncertain;Benign;;;;;False;False;False;False;False;True;False;False;False;False;;;False;False;False;False
V;98;N;;;;;;;7.42218;0.515355472;0.692675525;Uncertain;Uncertain;Uncertain;Uncertain;Uncertain;Uncertain;Uncertain;Uncertain;Uncertain;Uncertain;Uncertain;;;;;False;False;False;False;False;False;False;False;False;False;;;False;False;False;False
V;98;P;;;;;;;7.6719055;0.559524982;0.686043899;Uncertain;Uncertain;Uncertain;Uncertain;Uncertain;Uncertain;Uncertain;Uncertain;Uncertain;Uncertain;Uncertain;;;;;False;False;False;False;False;False;False;False;False;False;;;False;False;False;False
V;98;Q;;;;;;;6.284546;0.370491653;0.659216828;Uncertain;Uncertain;Uncertain;Uncertain;Uncertain;Uncertain;Uncertain;Benign;Benign;Uncertain;Uncertain;;;;;False;False;False;False;False;False;False;False;False;False;;;False;False;False;False
V;98;R;;;;;;;6.4596252;0.38667054;0.667235456;Uncertain;Uncertain;Uncertain;Uncertain;Uncertain;Uncertain;Uncertain;Uncertain;Benign;Uncertain;Uncertain;;;;;False;False;False;False;False;False;False;False;False;False;;;False;False;False;False
V;98;S;;;;;;;5.31192;0.299891157;0.610772052;Uncertain;Uncertain;Uncertain;Uncertain;Uncertain;Uncertain;Benign;Benign;Benign;Uncertain;Benign;;;;;False;False;False;False;False;True;False;False;False;False;;;False;False;False;False
V;98;T;;;;;;;2.6697998;0.166254168;0.449896704;Uncertain;Uncertain;Uncertain;Benign;Benign;Benign;Benign;Benign;Benign;Uncertain;Benign;;;;;False;False;False;False;False;True;False;False;False;False;;;False;False;False;False
V;98;V;;;;;;;;;;;;;;;;;;;;;;;;;False;False;False;False;False;False;False;False;False;False;;;False;False;False;False
V;98;W;;;;;;;7.027252;0.453444227;0.688806015;Uncertain;Uncertain;Uncertain;Uncertain;Uncertain;Uncertain;Uncertain;Uncertain;Uncertain;Uncertain;Uncertain;;;;;False;False;False;False;False;False;False;False;False;False;;;False;False;False;False
V;98;Y;;;;;;;4.048004;0.22834641;0.537270558;Uncertain;Uncertain;Uncertain;Uncertain;Benign;Benign;Benign;Benign;Benign;Uncertain;Benign;;;;;False;False;False;False;False;True;False;False;False;False;;;False;False;False;False
S;99;A;;;;;;;1.8573914;0.137158334;0.39977131;Uncertain;Uncertain;Benign;Benign;Benign;Benign;Benign;Benign;Benign;Benign;Benign;;;;;False;False;False;False;False;True;False;False;False;False;;;False;False;False;False
S;99;C;;;;;;;2.9987488;0.17958614;0.47076535;Uncertain;Uncertain;Uncertain;Benign;Benign;Benign;Benign;Benign;Benign;Uncertain;Benign;;;;;False;False;False;False;False;True;False;False;False;False;;;False;False;False;False
S;99;D;;;;;;;-0.36462402;0.081363058;0.282085877;Benign;Benign;Benign;Benign;Benign;Benign;Benign;Benign;Benign;Benign;Benign;;;;;False;False;False;False;False;True;False;False;False;False;;;False;False;False;False
S;99;E;;;;;;;0.61898804;0.102275761;0.33005475;Uncertain;Benign;Benign;Benign;Benign;Benign;Benign;Benign;Benign;Benign;Benign;;;;;False;False;False;False;False;True;False;False;False;False;;;False;False;False;False
S;99;F;;;;;;;3.8291016;0.217386587;0.523580295;Uncertain;Uncertain;Uncertain;Uncertain;Benign;Benign;Benign;Benign;Benign;Uncertain;Benign;;;;;False;False;False;False;False;True;False;False;False;False;;;False;False;False;False
S;99;G;;;;;;;4.465332;0.25038129;0.562753647;Uncertain;Uncertain;Uncertain;Uncertain;Uncertain;Benign;Benign;Benign;Benign;Uncertain;Benign;;;;;False;False;False;False;False;True;False;False;False;False;;;False;False;False;False
S;99;H;;;;;;;2.060608;0.143941582;0.41205458;Uncertain;Uncertain;Benign;Benign;Benign;Benign;Benign;Benign;Benign;Uncertain;Benign;;;;;False;False;False;False;False;True;False;False;False;False;;;False;False;False;False
S;99;I;;;;;;;4.1096497;0.231507265;0.541091183;Uncertain;Uncertain;Uncertain;Uncertain;Benign;Benign;Benign;Benign;Benign;Uncertain;Benign;;;;;False;False;False;False;False;True;False;False;False;False;;;False;False;False;False
S;99;K;;;;;;;0.7631836;0.105809149;0.337662634;Uncertain;Benign;Benign;Benign;Benign;Benign;Benign;Benign;Benign;Benign;Benign;;;;;False;False;False;False;False;True;False;False;False;False;;;False;False;False;False
S;99;L;;;;;;;3.241516;0.190019622;0.486251416;Uncertain;Uncertain;Uncertain;Benign;Benign;Benign;Benign;Benign;Benign;Uncertain;Benign;;;;;False;False;False;False;False;True;False;False;False;False;;;False;False;False;False
S;99;M;;;;;;;3.965271;0.224155659;0.532117546;Uncertain;Uncertain;Uncertain;Uncertain;Benign;Benign;Benign;Benign;Benign;Uncertain;Benign;;;;;False;False;False;False;False;True;False;False;False;False;;;False;False;False;False
S;99;N;;;;;;;-0.5625;0.077764052;0.273274154;Benign;Benign;Benign;Benign;Benign;Benign;Benign;Benign;Benign;Benign;Benign;;;;;False;False;False;False;False;True;False;False;False;False;;;False;False;False;False
S;99;P;;;;;;;6.412506;0.382151958;0.665107793;Uncertain;Uncertain;Uncertain;Uncertain;Uncertain;Uncertain;Uncertain;Benign;Benign;Uncertain;Uncertain;;;;;False;False;False;False;False;False;False;False;False;False;;;False;False;False;False
S;99;Q;;;;;;;1.7624512;0.134098053;0.394103344;Uncertain;Uncertain;Benign;Benign;Benign;Benign;Benign;Benign;Benign;Benign;Benign;;;;;False;False;False;False;False;True;False;False;False;False;;;False;False;False;False
S;99;R;;;;;;;2.5930786;0.163276254;0.445062941;Uncertain;Uncertain;Uncertain;Benign;Benign;Benign;Benign;Benign;Benign;Uncertain;Benign;;;;;False;False;False;False;False;True;False;False;False;False;;;False;False;False;False
S;99;S;;;;;;;;;;;;;;;;;;;;;;;;;False;False;False;False;False;False;False;False;False;False;;;False;False;False;False
S;99;T;;;;;;;0.4979248;0.099407415;0.323778978;Uncertain;Benign;Benign;Benign;Benign;Benign;Benign;Benign;Benign;Benign;Benign;;;;;False;False;False;False;False;True;False;False;False;False;;;False;False;False;False
S;99;V;;;;;;;2.2809753;0.151664586;0.425585647;Uncertain;Uncertain;Benign;Benign;Benign;Benign;Benign;Benign;Benign;Uncertain;Benign;;;;;False;False;False;False;False;True;False;False;False;False;;;False;False;False;False
S;99;W;;;;;;;4.3378906;0.243493965;0.555073995;Uncertain;Uncertain;Uncertain;Uncertain;Uncertain;Benign;Benign;Benign;Benign;Uncertain;Benign;;;;;False;False;False;False;False;True;False;False;False;False;;;False;False;False;False
S;99;Y;;;;;;;2.558136;0.161936265;0.442866746;Uncertain;Uncertain;Uncertain;Benign;Benign;Benign;Benign;Benign;Benign;Uncertain;Benign;;;;;False;False;False;False;False;True;False;False;False;False;;;False;False;False;False
I;100;A;;;;;;;5.587433;0.317747045;0.625159566;Uncertain;Uncertain;Uncertain;Uncertain;Uncertain;Uncertain;Benign;Benign;Benign;Uncertain;Benign;;;;;False;False;False;False;False;True;False;False;False;False;;;False;False;False;False
I;100;C;;;;;;;8.006073;0.619973293;0.6640772;Uncertain;Uncertain;Uncertain;Uncertain;Uncertain;Uncertain;Uncertain;Pathogenic;Pathogenic;Uncertain;Uncertain;;;;;False;False;False;False;False;False;False;False;False;False;;;False;False;False;False
I;100;D;;;;;;;7.279724;0.491644978;0.693007561;Uncertain;Uncertain;Uncertain;Uncertain;Uncertain;Uncertain;Uncertain;Uncertain;Uncertain;Uncertain;Uncertain;;;;;False;False;False;False;False;False;False;False;False;False;;;False;False;False;False
I;100;E;;;;;;;6.215271;0.364514081;0.655971295;Uncertain;Uncertain;Uncertain;Uncertain;Uncertain;Uncertain;Uncertain;Benign;Benign;Uncertain;Uncertain;;;;;False;False;False;False;False;False;False;False;False;False;;;False;False;False;False
I;100;F;;;;;;;2.160553;0.14739628;0.418165959;Uncertain;Uncertain;Benign;Benign;Benign;Benign;Benign;Benign;Benign;Uncertain;Benign;;;;;False;False;False;False;False;True;False;False;False;False;;;False;False;False;False
I;100;G;;;;;;;6.3884277;0.37989169;0.664011079;Uncertain;Uncertain;Uncertain;Uncertain;Uncertain;Uncertain;Uncertain;Benign;Benign;Uncertain;Uncertain;;;;;False;False;False;False;False;False;False;False;False;False;;;False;False;False;False
I;100;H;;;;;;;7.1252136;0.467637388;0.691051038;Uncertain;Uncertain;Uncertain;Uncertain;Uncertain;Uncertain;Uncertain;Uncertain;Uncertain;Uncertain;Uncertain;;;;;False;False;False;False;False;False;False;False;False;False;;;False;False;False;False
I;100;I;;;;;;;;;;;;;;;;;;;;;;;;;False;False;False;False;False;False;False;False;False;False;;;False;False;False;False
I;100;K;;;;;;;3.5881042;0.205799607;0.508338026;Uncertain;Uncertain;Uncertain;Uncertain;Benign;Benign;Benign;Benign;Benign;Uncertain;Benign;;;;;False;False;False;False;False;True;False;False;False;False;;;False;False;False;False
I;100;L;;;;;;;1.9377747;0.139803223;0.404606118;Uncertain;Uncertain;Benign;Benign;Benign;Benign;Benign;Benign;Benign;Benign;Benign;;;;;False;False;False;False;False;True;False;False;False;False;;;False;False;False;False
I;100;M;;;;;;;2.4060974;0.156223647;0.433354428;Uncertain;Uncertain;Benign;Benign;Benign;Benign;Benign;Benign;Benign;Uncertain;Benign;;;;;False;False;False;False;False;True;False;False;False;False;;;False;False;False;False
I;100;N;;;;;;;6.8779297;0.433396995;0.684248835;Uncertain;Uncertain;Uncertain;Uncertain;Uncertain;Uncertain;Uncertain;Uncertain;Benign;Uncertain;Uncertain;;;;;False;False;False;False;False;False;False;False;False;False;;;False;False;False;False
I;100;P;;;;;;;8.416199;0.688289349;0.620462556;Uncertain;Uncertain;Uncertain;Uncertain;Uncertain;Uncertain;Pathogenic;Pathogenic;Pathogenic;Uncertain;Pathogenic;;;;;False;False;False;False;False;False;True;False;False;False;;;False;False;False;False
I;100;Q;;;;;;;6.6158752;0.402642245;0.674068471;Uncertain;Uncertain;Uncertain;Uncertain;Uncertain;Uncertain;Uncertain;Uncertain;Benign;Uncertain;Uncertain;;;;;False;False;False;False;False;False;False;False;False;False;;;False;False;False;False
I;100;R;;;;;;;5.400177;0.305492036;0.615446125;Uncertain;Uncertain;Uncertain;Uncertain;Uncertain;Uncertain;Benign;Benign;Benign;Uncertain;Benign;;;;;False;False;False;False;False;True;False;False;False;False;;;False;False;False;False
I;100;S;;;;;;;6.6513977;0.406503785;0.675560758;Uncertain;Uncertain;Uncertain;Uncertain;Uncertain;Uncertain;Uncertain;Uncertain;Benign;Uncertain;Uncertain;;;;;False;False;False;False;False;False;False;False;False;False;;;False;False;False;False
I;100;T;;;;;;;4.9034424;0.275141492;0.58830589;Uncertain;Uncertain;Uncertain;Uncertain;Uncertain;Benign;Benign;Benign;Benign;Uncertain;Benign;;;;;False;False;False;False;False;True;False;False;False;False;;;False;False;False;False
I;100;V;;;;uncertain;7.95E-06;7.95E-06;3.328247;0.193870632;0.491786997;Uncertain;Uncertain;Uncertain;Benign;Benign;Benign;Benign;Benign;Benign;Uncertain;Benign;3.3475647;0.194737255;0.49301958;Benign;False;False;False;False;False;True;False;False;False;False;uncertain;uncertain;False;False;False;False
I;100;W;;;;;;;6.8169556;0.425754389;0.682081482;Uncertain;Uncertain;Uncertain;Uncertain;Uncertain;Uncertain;Uncertain;Uncertain;Benign;Uncertain;Uncertain;;;;;False;False;False;False;False;False;False;False;False;False;;;False;False;False;False
I;100;Y;;;;;;;5.07782;0.285490718;0.598064613;Uncertain;Uncertain;Uncertain;Uncertain;Uncertain;Benign;Benign;Benign;Benign;Uncertain;Benign;;;;;False;False;False;False;False;True;False;False;False;False;;;False;False;False;False
E;101;A;;;;;;;2.3239746;0.153216986;0.428248926;Uncertain;Uncertain;Benign;Benign;Benign;Benign;Benign;Benign;Benign;Uncertain;Benign;;;;;False;False;True;False;False;True;False;False;False;False;;;False;False;False;False
E;101;C;;;;;;;3.5108948;0.202194004;0.503428957;Uncertain;Uncertain;Uncertain;Uncertain;Benign;Benign;Benign;Benign;Benign;Uncertain;Benign;;;;;False;False;True;False;False;True;False;False;False;False;;;False;False;False;False
E;101;D;;;;;;;2.1557007;0.147226726;0.417868248;Uncertain;Uncertain;Benign;Benign;Benign;Benign;Benign;Benign;Benign;Uncertain;Benign;;;;;False;False;True;False;False;True;False;False;False;False;;;False;False;False;False
E;101;E;;;;;;;;;;;;;;;;;;;;;;;;;False;False;True;False;False;False;False;False;False;False;;;False;False;False;False
E;101;F;;;;;;;2.4941406;0.159508462;0.438853897;Uncertain;Uncertain;Uncertain;Benign;Benign;Benign;Benign;Benign;Benign;Uncertain;Benign;;;;;False;False;True;False;False;True;False;False;False;False;;;False;False;False;False
E;101;G;Pathogenic;1;2;pathogenic;;;4.3360596;0.243396028;0.554962947;Uncertain;Uncertain;Uncertain;Uncertain;Uncertain;Benign;Benign;Benign;Benign;Uncertain;Benign;4.370117;0.2452224;0.557025285;Benign;False;False;True;True;False;True;False;False;False;False;uncertain;Conflicting interpretations of pathogenicity;True;False;True;False
E;101;H;;;;;;;2.858673;0.173796506;0.46185528;Uncertain;Uncertain;Uncertain;Benign;Benign;Benign;Benign;Benign;Benign;Uncertain;Benign;;;;;False;False;True;False;False;True;False;False;False;False;;;False;False;False;False
E;101;I;;;;;;;1.2186584;0.117847691;0.362614617;Uncertain;Benign;Benign;Benign;Benign;Benign;Benign;Benign;Benign;Benign;Benign;;;;;False;False;True;False;False;True;False;False;False;False;;;False;False;False;False
E;101;K;Pathogenic/Likely pathogenic;2;2;pathogenic;;;-0.31588745;0.082278484;0.284299255;Benign;Benign;Benign;Benign;Benign;Benign;Benign;Benign;Benign;Benign;Benign;-0.27627563;0.083031158;0.2861108;Benign;False;False;True;True;False;True;False;False;False;False;uncertain;Conflicting interpretations of pathogenicity;True;False;True;False
E;101;L;;;;;;;2.6028442;0.163652568;0.44567734;Uncertain;Uncertain;Uncertain;Benign;Benign;Benign;Benign;Benign;Benign;Uncertain;Benign;;;;;False;False;True;False;False;True;False;False;False;False;;;False;False;False;False
E;101;M;;;;;;;2.7442322;0.169190487;0.454600302;Uncertain;Uncertain;Uncertain;Benign;Benign;Benign;Benign;Benign;Benign;Uncertain;Benign;;;;;False;False;True;False;False;True;False;False;False;False;;;False;False;False;False
E;101;N;;;;;;;2.1705017;0.147744505;0.418776671;Uncertain;Uncertain;Benign;Benign;Benign;Benign;Benign;Benign;Benign;Uncertain;Benign;;;;;False;False;True;False;False;True;False;False;False;False;;;False;False;False;False
E;101;P;;;;;;;4.7429504;0.265872183;0.579109856;Uncertain;Uncertain;Uncertain;Uncertain;Uncertain;Benign;Benign;Benign;Benign;Uncertain;Benign;;;;;False;False;True;False;False;True;False;False;False;False;;;False;False;False;False
E;101;Q;;;;;;;0.87283325;0.108583379;0.34354326;Uncertain;Benign;Benign;Benign;Benign;Benign;Benign;Benign;Benign;Benign;Benign;;;;;False;False;True;False;False;True;False;False;False;False;;;False;False;False;False
E;101;R;;;;;;;1.7610474;0.134053315;0.394019891;Uncertain;Uncertain;Benign;Benign;Benign;Benign;Benign;Benign;Benign;Benign;Benign;;;;;False;False;True;False;False;True;False;False;False;False;;;False;False;False;False
E;101;S;;;;;;;-0.19052124;0.084687508;0.290071209;Benign;Benign;Benign;Benign;Benign;Benign;Benign;Benign;Benign;Benign;Benign;;;;;False;False;True;False;False;True;False;False;False;False;;;False;False;False;False
E;101;T;;;;;;;-1.6531982;0.060968034;0.229622837;Benign;Benign;Benign;Benign;Benign;Benign;Benign;Benign;Benign;Benign;Benign;;;;;False;False;True;False;False;True;False;False;False;False;;;False;False;False;False
E;101;V;;;;;;;0.2955017;0.094805113;0.313516343;Uncertain;Benign;Benign;Benign;Benign;Benign;Benign;Benign;Benign;Benign;Benign;;;;;False;False;True;False;False;True;False;False;False;False;;;False;False;False;False
E;101;W;;;;;;;3.9778442;0.224788745;0.532902441;Uncertain;Uncertain;Uncertain;Uncertain;Benign;Benign;Benign;Benign;Benign;Uncertain;Benign;;;;;False;False;True;False;False;True;False;False;False;False;;;False;False;False;False
E;101;Y;;;;;;;1.9450378;0.140044658;0.405044544;Uncertain;Uncertain;Benign;Benign;Benign;Benign;Benign;Benign;Benign;Benign;Benign;;;;;False;False;True;False;False;True;False;False;False;False;;;False;False;False;False
D;102;A;;;;;;;6.5722046;0.398016361;0.672199169;Uncertain;Uncertain;Uncertain;Uncertain;Uncertain;Uncertain;Uncertain;Uncertain;Benign;Uncertain;Uncertain;;;;;False;False;False;False;False;False;False;False;False;False;;;False;False;False;False
D;102;C;;;;;;;10.366058;0.868313503;0.38958014;Uncertain;Uncertain;Pathogenic;Pathogenic;Pathogenic;Pathogenic;Pathogenic;Pathogenic;Pathogenic;Pathogenic;Pathogenic;;;;;False;False;False;False;False;False;True;False;False;False;;;False;False;False;False
D;102;D;;;;;;;;;;;;;;;;;;;;;;;;;False;False;False;False;False;False;False;False;False;False;;;False;False;False;False
D;102;E;;;;;;;8.40509;0.686584626;0.621806159;Uncertain;Uncertain;Uncertain;Uncertain;Uncertain;Uncertain;Pathogenic;Pathogenic;Pathogenic;Uncertain;Pathogenic;;;;;False;False;False;False;False;False;True;False;False;False;;;False;False;False;False
D;102;F;;;;;;;7.403473;0.512166044;0.692851126;Uncertain;Uncertain;Uncertain;Uncertain;Uncertain;Uncertain;Uncertain;Uncertain;Uncertain;Uncertain;Uncertain;;;;;False;False;False;False;False;False;False;False;False;False;;;False;False;False;False
D;102;G;;;;;;;7.41803;0.514646112;0.692718102;Uncertain;Uncertain;Uncertain;Uncertain;Uncertain;Uncertain;Uncertain;Uncertain;Uncertain;Uncertain;Uncertain;;;;;False;False;False;False;False;False;False;False;False;False;;;False;False;False;False
D;102;H;;;;;;;9.626343;0.82194733;0.468427776;Uncertain;Uncertain;Uncertain;Pathogenic;Pathogenic;Pathogenic;Pathogenic;Pathogenic;Pathogenic;Uncertain;Pathogenic;;;;;False;False;False;False;False;False;True;False;False;False;;;False;False;False;False
D;102;I;;;;;;;8.064514;0.630282613;0.658805098;Uncertain;Uncertain;Uncertain;Uncertain;Uncertain;Uncertain;Uncertain;Pathogenic;Pathogenic;Uncertain;Uncertain;;;;;False;False;False;False;False;False;False;False;False;False;;;False;False;False;False
D;102;K;;;;;;;9.446747;0.807634399;0.489634987;Uncertain;Uncertain;Uncertain;Pathogenic;Pathogenic;Pathogenic;Pathogenic;Pathogenic;Pathogenic;Uncertain;Pathogenic;;;;;False;False;False;False;False;False;True;False;False;False;;;False;False;False;False
D;102;L;;;;;;;8.626678;0.718815206;0.594068832;Uncertain;Uncertain;Uncertain;Uncertain;Uncertain;Pathogenic;Pathogenic;Pathogenic;Pathogenic;Uncertain;Pathogenic;;;;;False;False;False;False;False;False;True;False;False;False;;;False;False;False;False
D;102;M;;;;;;;10.379364;0.869000089;0.388283086;Uncertain;Uncertain;Pathogenic;Pathogenic;Pathogenic;Pathogenic;Pathogenic;Pathogenic;Pathogenic;Pathogenic;Pathogenic;;;;;False;False;False;False;False;False;True;False;False;False;;;False;False;False;False
D;102;N;;;;;;;6.4918823;0.389839801;0.668676374;Uncertain;Uncertain;Uncertain;Uncertain;Uncertain;Uncertain;Uncertain;Uncertain;Benign;Uncertain;Uncertain;;;;;False;False;False;False;False;False;False;False;False;False;;;False;False;False;False
D;102;P;;;;;;;9.671814;0.825347329;0.463187454;Uncertain;Uncertain;Uncertain;Pathogenic;Pathogenic;Pathogenic;Pathogenic;Pathogenic;Pathogenic;Uncertain;Pathogenic;;;;;False;False;False;False;False;False;True;False;False;False;;;False;False;False;False
D;102;Q;;;;;;;10.29187;0.864403749;0.396888149;Uncertain;Uncertain;Pathogenic;Pathogenic;Pathogenic;Pathogenic;Pathogenic;Pathogenic;Pathogenic;Pathogenic;Pathogenic;;;;;False;False;False;False;False;False;True;False;False;False;;;False;False;False;False
D;102;R;;;;;;;10.310486;0.865398026;0.395042166;Uncertain;Uncertain;Pathogenic;Pathogenic;Pathogenic;Pathogenic;Pathogenic;Pathogenic;Pathogenic;Pathogenic;Pathogenic;;;;;False;False;False;False;False;False;True;False;False;False;;;False;False;False;False
D;102;S;;;;;;;5.4801636;0.310660872;0.619628421;Uncertain;Uncertain;Uncertain;Uncertain;Uncertain;Uncertain;Benign;Benign;Benign;Uncertain;Benign;;;;;False;False;False;False;False;True;False;False;False;False;;;False;False;False;False
D;102;T;;;;;;;7.2502747;0.486923099;0.692805131;Uncertain;Uncertain;Uncertain;Uncertain;Uncertain;Uncertain;Uncertain;Uncertain;Uncertain;Uncertain;Uncertain;;;;;False;False;False;False;False;False;False;False;False;False;;;False;False;False;False
D;102;V;;;;;;;6.634247;0.40462811;0.674843637;Uncertain;Uncertain;Uncertain;Uncertain;Uncertain;Uncertain;Uncertain;Uncertain;Benign;Uncertain;Uncertain;;;;;False;False;False;False;False;False;False;False;False;False;;;False;False;False;False
D;102;W;;;;;;;10.376587;0.868857158;0.388553442;Uncertain;Uncertain;Pathogenic;Pathogenic;Pathogenic;Pathogenic;Pathogenic;Pathogenic;Pathogenic;Pathogenic;Pathogenic;;;;;False;False;False;False;False;False;True;False;False;False;;;False;False;False;False
D;102;Y;;;;;;;7.30719;0.496107326;0.693116874;Uncertain;Uncertain;Uncertain;Uncertain;Uncertain;Uncertain;Uncertain;Uncertain;Uncertain;Uncertain;Uncertain;;;;;False;False;False;False;False;False;False;False;False;False;;;False;False;False;False
S;103;A;;;;;;;2.1455078;0.146871164;0.417243193;Uncertain;Uncertain;Benign;Benign;Benign;Benign;Benign;Benign;Benign;Uncertain;Benign;;;;;False;False;False;False;False;True;False;False;False;False;;;False;False;False;False
S;103;C;;;;;;;3.2721558;0.191372635;0.488207189;Uncertain;Uncertain;Uncertain;Benign;Benign;Benign;Benign;Benign;Benign;Uncertain;Benign;;;;;False;False;False;False;False;True;False;False;False;False;;;False;False;False;False
S;103;D;;;;;;;2.0870361;0.144847413;0.413666291;Uncertain;Uncertain;Benign;Benign;Benign;Benign;Benign;Benign;Benign;Uncertain;Benign;;;;;False;False;False;False;False;True;False;False;False;False;;;False;False;False;False
S;103;E;;;;;;;3.816925;0.216789079;0.522813861;Uncertain;Uncertain;Uncertain;Uncertain;Benign;Benign;Benign;Benign;Benign;Uncertain;Benign;;;;;False;False;False;False;False;True;False;False;False;False;;;False;False;False;False
S;103;F;;;;;;;4.678131;0.262194713;0.575340023;Uncertain;Uncertain;Uncertain;Uncertain;Uncertain;Benign;Benign;Benign;Benign;Uncertain;Benign;;;;;False;False;False;False;False;True;False;False;False;False;;;False;False;False;False
S;103;G;;;;;;;3.43573;0.198733619;0.498641827;Uncertain;Uncertain;Uncertain;Uncertain;Benign;Benign;Benign;Benign;Benign;Uncertain;Benign;;;;;False;False;False;False;False;True;False;False;False;False;;;False;False;False;False
S;103;H;;;;;;;1.9057922;0.138744934;0.402678618;Uncertain;Uncertain;Benign;Benign;Benign;Benign;Benign;Benign;Benign;Benign;Benign;;;;;False;False;False;False;False;True;False;False;False;False;;;False;False;False;False
S;103;I;;;;;;;4.9356384;0.277029908;0.590126253;Uncertain;Uncertain;Uncertain;Uncertain;Uncertain;Benign;Benign;Benign;Benign;Uncertain;Benign;;;;;False;False;False;False;False;True;False;False;False;False;;;False;False;False;False
S;103;K;;;;;;;-0.20953369;0.084317079;0.28918859;Benign;Benign;Benign;Benign;Benign;Benign;Benign;Benign;Benign;Benign;Benign;;;;;False;False;False;False;False;True;False;False;False;False;;;False;False;False;False
S;103;L;;;;;;;3.6455383;0.208515294;0.511982891;Uncertain;Uncertain;Uncertain;Uncertain;Benign;Benign;Benign;Benign;Benign;Uncertain;Benign;;;;;False;False;False;False;False;True;False;False;False;False;;;False;False;False;False
S;103;M;;;;;;;5.093109;0.286412718;0.598908361;Uncertain;Uncertain;Uncertain;Uncertain;Uncertain;Uncertain;Benign;Benign;Benign;Uncertain;Benign;;;;;False;False;False;False;False;True;False;False;False;False;;;False;False;False;False
S;103;N;;;;;;;1.2801819;0.119580491;0.366088315;Uncertain;Benign;Benign;Benign;Benign;Benign;Benign;Benign;Benign;Benign;Benign;;;;;False;False;False;False;False;True;False;False;False;False;;;False;False;False;False
S;103;P;;;;;;;2.424591;0.156908337;0.434507451;Uncertain;Uncertain;Benign;Benign;Benign;Benign;Benign;Benign;Benign;Uncertain;Benign;;;;;False;False;False;False;False;True;False;False;False;False;;;False;False;False;False
S;103;Q;;;;;;;3.2993774;0.19258153;0.489944632;Uncertain;Uncertain;Uncertain;Benign;Benign;Benign;Benign;Benign;Benign;Uncertain;Benign;;;;;False;False;False;False;False;True;False;False;False;False;;;False;False;False;False
S;103;R;;;;;;;1.6178589;0.129567489;0.385563692;Uncertain;Uncertain;Benign;Benign;Benign;Benign;Benign;Benign;Benign;Benign;Benign;;;;;False;False;False;False;False;True;False;False;False;False;;;False;False;False;False
S;103;S;;;;;;;;;;;;;;;;;;;;;;;;;False;False;False;False;False;False;False;False;False;False;;;False;False;False;False
S;103;T;;;;;;;2.4226074;0.156834764;0.434383723;Uncertain;Uncertain;Benign;Benign;Benign;Benign;Benign;Benign;Benign;Uncertain;Benign;;;;;False;False;False;False;False;True;False;False;False;False;;;False;False;False;False
S;103;V;;;;;;;4.9684143;0.278962566;0.591970829;Uncertain;Uncertain;Uncertain;Uncertain;Uncertain;Benign;Benign;Benign;Benign;Uncertain;Benign;;;;;False;False;False;False;False;True;False;False;False;False;;;False;False;False;False
S;103;W;;;;;;;5.7479553;0.328735254;0.633279342;Uncertain;Uncertain;Uncertain;Uncertain;Uncertain;Uncertain;Benign;Benign;Benign;Uncertain;Benign;;;;;False;False;False;False;False;True;False;False;False;False;;;False;False;False;False
S;103;Y;;;;;;;4.2010193;0.236252192;0.546721265;Uncertain;Uncertain;Uncertain;Uncertain;Benign;Benign;Benign;Benign;Benign;Uncertain;Benign;;;;;False;False;False;False;False;True;False;False;False;False;;;False;False;False;False
V;104;A;;;;;;;3.2961426;0.192437538;0.489738178;Uncertain;Uncertain;Uncertain;Benign;Benign;Benign;Benign;Benign;Benign;Uncertain;Benign;;;;;False;False;False;False;False;True;False;False;False;False;;;False;False;False;False
V;104;C;;;;;;;5.2106934;0.29358764;0.605332818;Uncertain;Uncertain;Uncertain;Uncertain;Uncertain;Uncertain;Benign;Benign;Benign;Uncertain;Benign;;;;;False;False;False;False;False;True;False;False;False;False;;;False;False;False;False
V;104;D;;;;;;;4.1898193;0.235666714;0.546033351;Uncertain;Uncertain;Uncertain;Uncertain;Benign;Benign;Benign;Benign;Benign;Uncertain;Benign;;;;;False;False;False;False;False;True;False;False;False;False;;;False;False;False;False
V;104;E;;;;;;;3.3095398;0.193034482;0.4905932;Uncertain;Uncertain;Uncertain;Benign;Benign;Benign;Benign;Benign;Benign;Uncertain;Benign;;;;;False;False;False;False;False;True;False;False;False;False;;;False;False;False;False
V;104;F;;;;;;;1.9281921;0.13948531;0.404028072;Uncertain;Uncertain;Benign;Benign;Benign;Benign;Benign;Benign;Benign;Benign;Benign;;;;;False;False;False;False;False;True;False;False;False;False;;;False;False;False;False
V;104;G;;;;;;;3.1594849;0.186437242;0.481015492;Uncertain;Uncertain;Uncertain;Benign;Benign;Benign;Benign;Benign;Benign;Uncertain;Benign;;;;;False;False;False;False;False;True;False;False;False;False;;;False;False;False;False
V;104;H;;;;;;;1.4858398;0.125565501;0.377869115;Uncertain;Uncertain;Benign;Benign;Benign;Benign;Benign;Benign;Benign;Benign;Benign;;;;;False;False;False;False;False;True;False;False;False;False;;;False;False;False;False
V;104;I;;;;;;;0.51828;0.099883529;0.324826985;Uncertain;Benign;Benign;Benign;Benign;Benign;Benign;Benign;Benign;Benign;Benign;;;;;False;False;False;False;False;True;False;False;False;False;;;False;False;False;False
V;104;K;;;;;;;1.6341248;0.130069398;0.386518608;Uncertain;Uncertain;Benign;Benign;Benign;Benign;Benign;Benign;Benign;Benign;Benign;;;;;False;False;False;False;False;True;False;False;False;False;;;False;False;False;False
V;104;L;;;;;;;-0.70217896;0.075333777;0.267222211;Benign;Benign;Benign;Benign;Benign;Benign;Benign;Benign;Benign;Benign;Benign;;;;;False;False;False;False;False;True;False;False;False;False;;;False;False;False;False
V;104;M;;;;;;;0.62768555;0.102485249;0.330509559;Uncertain;Benign;Benign;Benign;Benign;Benign;Benign;Benign;Benign;Benign;Benign;;;;;False;False;False;False;False;True;False;False;False;False;;;False;False;False;False
V;104;N;;;;;;;4.1041565;0.23122428;0.540751426;Uncertain;Uncertain;Uncertain;Uncertain;Benign;Benign;Benign;Benign;Benign;Uncertain;Benign;;;;;False;False;False;False;False;True;False;False;False;False;;;False;False;False;False
V;104;P;;;;;;;6.292267;0.371171678;0.659576324;Uncertain;Uncertain;Uncertain;Uncertain;Uncertain;Uncertain;Uncertain;Benign;Benign;Uncertain;Uncertain;;;;;False;False;False;False;False;False;False;False;False;False;;;False;False;False;False
V;104;Q;;;;;;;-0.603302;0.077044889;0.271491961;Benign;Benign;Benign;Benign;Benign;Benign;Benign;Benign;Benign;Benign;Benign;;;;;False;False;False;False;False;True;False;False;False;False;;;False;False;False;False
V;104;R;;;;;;;2.722046;0.168310369;0.453196944;Uncertain;Uncertain;Uncertain;Benign;Benign;Benign;Benign;Benign;Benign;Uncertain;Benign;;;;;False;False;False;False;False;True;False;False;False;False;;;False;False;False;False
V;104;S;;;;;;;4.4351807;0.248739211;0.560945783;Uncertain;Uncertain;Uncertain;Uncertain;Uncertain;Benign;Benign;Benign;Benign;Uncertain;Benign;;;;;False;False;False;False;False;True;False;False;False;False;;;False;False;False;False
V;104;T;;;;;;;3.4536438;0.199553868;0.499783331;Uncertain;Uncertain;Uncertain;Uncertain;Benign;Benign;Benign;Benign;Benign;Uncertain;Benign;;;;;False;False;False;False;False;True;False;False;False;False;;;False;False;False;False
V;104;V;;;;;;;;;;;;;;;;;;;;;;;;;False;False;False;False;False;False;False;False;False;False;;;False;False;False;False
V;104;W;;;;;;;4.2845764;0.240654056;0.551832673;Uncertain;Uncertain;Uncertain;Uncertain;Uncertain;Benign;Benign;Benign;Benign;Uncertain;Benign;;;;;False;False;False;False;False;True;False;False;False;False;;;False;False;False;False
V;104;Y;;;;;;;2.7697144;0.170206488;0.456213475;Uncertain;Uncertain;Uncertain;Benign;Benign;Benign;Benign;Benign;Benign;Uncertain;Benign;;;;;False;False;False;False;False;True;False;False;False;False;;;False;False;False;False
I;105;A;;;;;;;4.5800476;0.256700643;0.569577526;Uncertain;Uncertain;Uncertain;Uncertain;Uncertain;Benign;Benign;Benign;Benign;Uncertain;Benign;;;;;False;False;False;False;False;True;False;False;False;False;;;False;False;False;False
I;105;C;;;;;;;10.129272;0.855323858;0.413362065;Uncertain;Uncertain;Pathogenic;Pathogenic;Pathogenic;Pathogenic;Pathogenic;Pathogenic;Pathogenic;Uncertain;Pathogenic;;;;;False;False;False;False;False;False;True;False;False;False;;;False;False;False;False
I;105;D;;;;;;;9.361786;0.800329954;0.49994467;Uncertain;Uncertain;Uncertain;Uncertain;Pathogenic;Pathogenic;Pathogenic;Pathogenic;Pathogenic;Uncertain;Pathogenic;;;;;False;False;False;False;False;False;True;False;False;False;;;False;False;False;False
I;105;E;;;;;;;9.309143;0.795617393;0.50641831;Uncertain;Uncertain;Uncertain;Uncertain;Pathogenic;Pathogenic;Pathogenic;Pathogenic;Pathogenic;Uncertain;Pathogenic;;;;;False;False;False;False;False;False;True;False;False;False;;;False;False;False;False
I;105;F;Pathogenic;0;1;uncertain;;;6.2064514;0.363768426;0.65555564;Uncertain;Uncertain;Uncertain;Uncertain;Uncertain;Uncertain;Uncertain;Benign;Benign;Uncertain;Uncertain;6.3210144;0.373729125;0.660910595;Uncertain;False;False;False;True;False;False;False;False;False;False;pathogenic;Pathogenic;False;False;False;False
I;105;G;;;;;;;8.698975;0.728513577;0.584731672;Uncertain;Uncertain;Uncertain;Uncertain;Uncertain;Pathogenic;Pathogenic;Pathogenic;Pathogenic;Uncertain;Pathogenic;;;;;False;False;False;False;False;False;True;False;False;False;;;False;False;False;False
I;105;H;;;;;;;9.378052;0.801756685;0.497957476;Uncertain;Uncertain;Uncertain;Uncertain;Pathogenic;Pathogenic;Pathogenic;Pathogenic;Pathogenic;Uncertain;Pathogenic;;;;;False;False;False;False;False;False;True;False;False;False;;;False;False;False;False
I;105;I;;;;;;;;;;;;;;;;;;;;;;;;;False;False;False;False;False;False;False;False;False;False;;;False;False;False;False
I;105;K;;;;;;;9.302734;0.795033548;0.50721078;Uncertain;Uncertain;Uncertain;Uncertain;Pathogenic;Pathogenic;Pathogenic;Pathogenic;Pathogenic;Uncertain;Pathogenic;;;;;False;False;False;False;False;False;True;False;False;False;;;False;False;False;False
I;105;L;;;;;;;2.295105;0.152173057;0.426460029;Uncertain;Uncertain;Benign;Benign;Benign;Benign;Benign;Benign;Benign;Uncertain;Benign;;;;;False;False;False;False;False;True;False;False;False;False;;;False;False;False;False
I;105;M;;;;;;;4.16568;0.234408492;0.544548545;Uncertain;Uncertain;Uncertain;Uncertain;Benign;Benign;Benign;Benign;Benign;Uncertain;Benign;;;;;False;False;False;False;False;True;False;False;False;False;;;False;False;False;False
I;105;N;;;;;;;9.34903;0.799201486;0.501507408;Uncertain;Uncertain;Uncertain;Uncertain;Pathogenic;Pathogenic;Pathogenic;Pathogenic;Pathogenic;Uncertain;Pathogenic;;;;;False;False;False;False;False;False;True;False;False;False;;;False;False;False;False
I;105;P;;;;;;;7.640991;0.55393883;0.687317047;Uncertain;Uncertain;Uncertain;Uncertain;Uncertain;Uncertain;Uncertain;Uncertain;Uncertain;Uncertain;Uncertain;;;;;False;False;False;False;False;False;False;False;False;False;;;False;False;False;False
I;105;Q;;;;;;;9.364349;0.800555669;0.499631138;Uncertain;Uncertain;Uncertain;Uncertain;Pathogenic;Pathogenic;Pathogenic;Pathogenic;Pathogenic;Uncertain;Pathogenic;;;;;False;False;False;False;False;False;True;False;False;False;;;False;False;False;False
I;105;R;;;;;;;9.3446045;0.798807991;0.502050465;Uncertain;Uncertain;Uncertain;Uncertain;Pathogenic;Pathogenic;Pathogenic;Pathogenic;Pathogenic;Uncertain;Pathogenic;;;;;False;False;False;False;False;False;True;False;False;False;;;False;False;False;False
I;105;S;;;;;;;7.466217;0.522943346;0.692094017;Uncertain;Uncertain;Uncertain;Uncertain;Uncertain;Uncertain;Uncertain;Uncertain;Uncertain;Uncertain;Uncertain;;;;;False;False;False;False;False;False;False;False;False;False;;;False;False;False;False
I;105;T;;;;;;;7.421295;0.515204114;0.692684779;Uncertain;Uncertain;Uncertain;Uncertain;Uncertain;Uncertain;Uncertain;Uncertain;Uncertain;Uncertain;Uncertain;;;;;False;False;False;False;False;False;False;False;False;False;;;False;False;False;False
I;105;V;;;;;;;1.6861267;0.131687135;0.389581343;Uncertain;Uncertain;Benign;Benign;Benign;Benign;Benign;Benign;Benign;Benign;Benign;;;;;False;False;False;False;False;True;False;False;False;False;;;False;False;False;False
I;105;W;;;;;;;8.95343;0.759539183;0.55161052;Uncertain;Uncertain;Uncertain;Uncertain;Uncertain;Pathogenic;Pathogenic;Pathogenic;Pathogenic;Uncertain;Pathogenic;;;;;False;False;False;False;False;False;True;False;False;False;;;False;False;False;False
I;105;Y;;;;;;;9.388763;0.802688751;0.496652355;Uncertain;Uncertain;Uncertain;Pathogenic;Pathogenic;Pathogenic;Pathogenic;Pathogenic;Pathogenic;Uncertain;Pathogenic;;;;;False;False;False;False;False;False;True;False;False;False;;;False;False;False;False
S;106;A;;;;;;;2.9968872;0.179508094;0.470646767;Uncertain;Uncertain;Uncertain;Benign;Benign;Benign;Benign;Benign;Benign;Uncertain;Benign;;;;;False;False;True;False;False;True;False;False;False;False;;;False;False;False;False
S;106;C;;;;;;;5.1876526;0.292169668;0.604082954;Uncertain;Uncertain;Uncertain;Uncertain;Uncertain;Uncertain;Benign;Benign;Benign;Uncertain;Benign;;;;;False;False;True;False;False;True;False;False;False;False;;;False;False;False;False
S;106;D;;;;;;;4.588928;0.257194603;0.570102059;Uncertain;Uncertain;Uncertain;Uncertain;Uncertain;Benign;Benign;Benign;Benign;Uncertain;Benign;;;;;False;False;True;False;False;True;False;False;False;False;;;False;False;False;False
S;106;E;;;;;;;5.0826416;0.28578122;0.598330909;Uncertain;Uncertain;Uncertain;Uncertain;Uncertain;Benign;Benign;Benign;Benign;Uncertain;Benign;;;;;False;False;True;False;False;True;False;False;False;False;;;False;False;False;False
S;106;F;;;;;;;7.152527;0.471740011;0.691549075;Uncertain;Uncertain;Uncertain;Uncertain;Uncertain;Uncertain;Uncertain;Uncertain;Uncertain;Uncertain;Uncertain;;;;;False;False;True;False;False;False;False;False;False;False;;;False;False;False;False
S;106;G;;;;;;;5.6959534;0.325120039;0.630668731;Uncertain;Uncertain;Uncertain;Uncertain;Uncertain;Uncertain;Benign;Benign;Benign;Uncertain;Benign;;;;;False;False;True;False;False;True;False;False;False;False;;;False;False;False;False
S;106;H;;;;;;;4.7447815;0.265976614;0.579215895;Uncertain;Uncertain;Uncertain;Uncertain;Uncertain;Benign;Benign;Benign;Benign;Uncertain;Benign;;;;;False;False;True;False;False;True;False;False;False;False;;;False;False;False;False
S;106;I;;;;;;;6.9913025;0.448442676;0.687821404;Uncertain;Uncertain;Uncertain;Uncertain;Uncertain;Uncertain;Uncertain;Uncertain;Uncertain;Uncertain;Uncertain;;;;;False;False;True;False;False;False;False;False;False;False;;;False;False;False;False
S;106;K;;;;;;;1.41745;0.123541929;0.373923134;Uncertain;Benign;Benign;Benign;Benign;Benign;Benign;Benign;Benign;Benign;Benign;;;;;False;False;True;False;False;True;False;False;False;False;;;False;False;False;False
S;106;L;Pathogenic;1;1;pathogenic;3.98E-06;3.98E-06;7.1698;0.474366603;0.691832462;Uncertain;Uncertain;Uncertain;Uncertain;Uncertain;Uncertain;Uncertain;Uncertain;Uncertain;Uncertain;Uncertain;7.198883;0.478844451;0.692251799;Uncertain;False;False;True;True;False;False;False;False;False;False;pathogenic;Pathogenic;False;False;False;False
S;106;M;;;;;;;5.267914;0.297135705;0.608417822;Uncertain;Uncertain;Uncertain;Uncertain;Uncertain;Uncertain;Benign;Benign;Benign;Uncertain;Benign;;;;;False;False;True;False;False;True;False;False;False;False;;;False;False;False;False
S;106;N;;;;;;;4.3141785;0.242227874;0.553634376;Uncertain;Uncertain;Uncertain;Uncertain;Uncertain;Benign;Benign;Benign;Benign;Uncertain;Benign;;;;;False;False;True;False;False;True;False;False;False;False;;;False;False;False;False
S;106;P;;;;;;;2.316162;0.152933814;0.42776451;Uncertain;Uncertain;Benign;Benign;Benign;Benign;Benign;Benign;Benign;Uncertain;Benign;;;;;False;False;True;False;False;True;False;False;False;False;;;False;False;False;False
S;106;Q;;;;;;;2.2398987;0.150195559;0.423048154;Uncertain;Uncertain;Benign;Benign;Benign;Benign;Benign;Benign;Benign;Uncertain;Benign;;;;;False;False;True;False;False;True;False;False;False;False;;;False;False;False;False
S;106;R;;;;;;;3.8974915;0.220766294;0.527876124;Uncertain;Uncertain;Uncertain;Uncertain;Benign;Benign;Benign;Benign;Benign;Uncertain;Benign;;;;;False;False;True;False;False;True;False;False;False;False;;;False;False;False;False
S;106;S;;;;;;;;;;;;;;;;;;;;;;;;;False;False;True;False;False;False;False;False;False;False;;;False;False;False;False
S;106;T;;;;;;;1.5430908;0.127285398;0.381193588;Uncertain;Uncertain;Benign;Benign;Benign;Benign;Benign;Benign;Benign;Benign;Benign;;;;;False;False;True;False;False;True;False;False;False;False;;;False;False;False;False
S;106;V;;;;;;;5.913513;0.34065996;0.641472255;Uncertain;Uncertain;Uncertain;Uncertain;Uncertain;Uncertain;Uncertain;Benign;Benign;Uncertain;Benign;;;;;False;False;True;False;False;True;False;False;False;False;;;False;False;False;False
S;106;W;;;;;;;7.7658386;0.576587616;0.681369544;Uncertain;Uncertain;Uncertain;Uncertain;Uncertain;Uncertain;Uncertain;Uncertain;Pathogenic;Uncertain;Uncertain;;;;;False;False;True;False;False;False;False;False;False;False;;;False;False;False;False
S;106;Y;;;;;;;6.839691;0.428568029;0.682907127;Uncertain;Uncertain;Uncertain;Uncertain;Uncertain;Uncertain;Uncertain;Uncertain;Benign;Uncertain;Uncertain;;;;;False;False;True;False;False;False;False;False;False;False;;;False;False;False;False
L;107;A;;;;;;;10.8871155;0.89221876;0.341851192;Uncertain;Pathogenic;Pathogenic;Pathogenic;Pathogenic;Pathogenic;Pathogenic;Pathogenic;Pathogenic;Pathogenic;Pathogenic;;;;;False;False;True;False;False;False;True;False;False;True;pathogenic;Likely Pathogenic;False;False;False;False
L;107;C;;;;;;;9.373352;0.801345838;0.498531026;Uncertain;Uncertain;Uncertain;Uncertain;Pathogenic;Pathogenic;Pathogenic;Pathogenic;Pathogenic;Uncertain;Pathogenic;;;;;False;False;True;False;False;False;True;False;False;True;pathogenic;Likely Pathogenic;False;False;False;False
L;107;D;;;;;;;10.934814;0.894128882;0.337794874;Uncertain;Pathogenic;Pathogenic;Pathogenic;Pathogenic;Pathogenic;Pathogenic;Pathogenic;Pathogenic;Pathogenic;Pathogenic;;;;;False;False;True;False;False;False;True;False;False;True;pathogenic;Likely Pathogenic;False;False;False;False
L;107;E;;;;;;;10.920654;0.893566298;0.338993549;Uncertain;Pathogenic;Pathogenic;Pathogenic;Pathogenic;Pathogenic;Pathogenic;Pathogenic;Pathogenic;Pathogenic;Pathogenic;;;;;False;False;True;False;False;False;True;False;False;True;pathogenic;Likely Pathogenic;False;False;False;False
L;107;F;Uncertain significance;1;1;uncertain;;;5.914154;0.340707495;0.64150364;Uncertain;Uncertain;Uncertain;Uncertain;Uncertain;Uncertain;Uncertain;Benign;Benign;Uncertain;Benign;5.883606;0.33845462;0.640005111;Benign;False;False;True;False;False;True;False;False;False;False;uncertain;Uncertain significance;False;False;False;False
L;107;G;;;;;;;10.898041;0.892660068;0.340917426;Uncertain;Pathogenic;Pathogenic;Pathogenic;Pathogenic;Pathogenic;Pathogenic;Pathogenic;Pathogenic;Pathogenic;Pathogenic;;;;;False;False;True;False;False;False;True;False;False;True;pathogenic;Likely Pathogenic;False;False;False;False
L;107;H;;;;;;;10.844696;0.890483724;0.345502798;Uncertain;Pathogenic;Pathogenic;Pathogenic;Pathogenic;Pathogenic;Pathogenic;Pathogenic;Pathogenic;Pathogenic;Pathogenic;;;;;False;False;True;False;False;False;True;False;False;True;pathogenic;Likely Pathogenic;False;False;False;False
L;107;I;;;;;;;5.6313477;0.320704227;0.627399145;Uncertain;Uncertain;Uncertain;Uncertain;Uncertain;Uncertain;Benign;Benign;Benign;Uncertain;Benign;;;;;False;False;True;False;False;True;False;False;False;False;;;False;False;False;False
L;107;K;;;;;;;10.979004;0.895860634;0.334084043;Uncertain;Pathogenic;Pathogenic;Pathogenic;Pathogenic;Pathogenic;Pathogenic;Pathogenic;Pathogenic;Pathogenic;Pathogenic;;;;;False;False;True;False;False;False;True;False;False;True;pathogenic;Likely Pathogenic;False;False;False;False
L;107;L;;;;;;;;;;;;;;;;;;;;;;;;;False;False;True;False;False;False;False;False;False;False;;;False;False;False;False
L;107;M;;;;;;;7.8408203;0.590228674;0.676775209;Uncertain;Uncertain;Uncertain;Uncertain;Uncertain;Uncertain;Uncertain;Uncertain;Pathogenic;Uncertain;Uncertain;;;;;False;False;True;False;False;False;False;False;False;False;;;False;False;False;False
L;107;N;;;;;;;10.99054;0.896306802;0.333122796;Uncertain;Pathogenic;Pathogenic;Pathogenic;Pathogenic;Pathogenic;Pathogenic;Pathogenic;Pathogenic;Pathogenic;Pathogenic;;;;;False;False;True;False;False;False;True;False;False;True;pathogenic;Likely Pathogenic;False;False;False;False
L;107;P;;;;;;;10.045807;0.850370525;0.422065836;Uncertain;Uncertain;Pathogenic;Pathogenic;Pathogenic;Pathogenic;Pathogenic;Pathogenic;Pathogenic;Uncertain;Pathogenic;;;;;False;False;True;False;False;False;True;False;False;True;pathogenic;Likely Pathogenic;False;False;False;False
L;107;Q;;;;;;;12.127655;0.929549565;0.254802527;Pathogenic;Pathogenic;Pathogenic;Pathogenic;Pathogenic;Pathogenic;Pathogenic;Pathogenic;Pathogenic;Pathogenic;Pathogenic;;;;;False;False;True;False;False;False;True;False;False;True;pathogenic;Likely Pathogenic;False;False;False;False
L;107;R;;;;;;;10.849243;0.890671361;0.345109389;Uncertain;Pathogenic;Pathogenic;Pathogenic;Pathogenic;Pathogenic;Pathogenic;Pathogenic;Pathogenic;Pathogenic;Pathogenic;;;;;False;False;True;False;False;False;True;False;False;True;pathogenic;Likely Pathogenic;False;False;False;False
L;107;S;;;;;;;10.883453;0.892070315;0.342164832;Uncertain;Pathogenic;Pathogenic;Pathogenic;Pathogenic;Pathogenic;Pathogenic;Pathogenic;Pathogenic;Pathogenic;Pathogenic;;;;;False;False;True;False;False;False;True;False;False;True;pathogenic;Likely Pathogenic;False;False;False;False
L;107;T;;;;;;;8.592926;0.714149648;0.598394219;Uncertain;Uncertain;Uncertain;Uncertain;Uncertain;Pathogenic;Pathogenic;Pathogenic;Pathogenic;Uncertain;Pathogenic;;;;;False;False;True;False;False;False;True;False;False;True;pathogenic;Likely Pathogenic;False;False;False;False
L;107;V;Pathogenic;1;2;pathogenic;;;5.785553;0.331385465;0.635155464;Uncertain;Uncertain;Uncertain;Uncertain;Uncertain;Uncertain;Benign;Benign;Benign;Uncertain;Benign;5.735016;0.327830376;0.632631483;Benign;False;False;True;True;False;True;False;False;False;False;uncertain;Conflicting interpretations of pathogenicity;True;False;True;False
L;107;W;;;;;;;10.909454;0.893118655;0.339944946;Uncertain;Pathogenic;Pathogenic;Pathogenic;Pathogenic;Pathogenic;Pathogenic;Pathogenic;Pathogenic;Pathogenic;Pathogenic;;;;;False;False;True;False;False;False;True;False;False;True;pathogenic;Likely Pathogenic;False;False;False;False
L;107;Y;;;;;;;10.916016;0.893381212;0.339387177;Uncertain;Pathogenic;Pathogenic;Pathogenic;Pathogenic;Pathogenic;Pathogenic;Pathogenic;Pathogenic;Pathogenic;Pathogenic;;;;;False;False;True;False;False;False;True;False;False;True;pathogenic;Likely Pathogenic;False;False;False;False
S;108;A;;;;;;;2.264923;0.151088886;0.42459323;Uncertain;Uncertain;Benign;Benign;Benign;Benign;Benign;Benign;Benign;Uncertain;Benign;;;;;False;False;False;False;False;True;False;False;False;False;;;False;False;False;False
S;108;C;;;;;;;2.1714478;0.147777662;0.418834771;Uncertain;Uncertain;Benign;Benign;Benign;Benign;Benign;Benign;Benign;Uncertain;Benign;;;;;False;False;False;False;False;True;False;False;False;False;;;False;False;False;False
S;108;D;;;;;;;2.714203;0.168000233;0.452701113;Uncertain;Uncertain;Uncertain;Benign;Benign;Benign;Benign;Benign;Benign;Uncertain;Benign;;;;;False;False;False;False;False;True;False;False;False;False;;;False;False;False;False
S;108;E;;;;;;;2.0015564;0.141937392;0.408464886;Uncertain;Uncertain;Benign;Benign;Benign;Benign;Benign;Benign;Benign;Uncertain;Benign;;;;;False;False;False;False;False;True;False;False;False;False;;;False;False;False;False
S;108;F;;;;;;;1.2474365;0.118654964;0.364236507;Uncertain;Benign;Benign;Benign;Benign;Benign;Benign;Benign;Benign;Benign;Benign;;;;;False;False;False;False;False;True;False;False;False;False;;;False;False;False;False
S;108;G;;;;;;;3.210266;0.188648039;0.484256658;Uncertain;Uncertain;Uncertain;Benign;Benign;Benign;Benign;Benign;Benign;Uncertain;Benign;;;;;False;False;False;False;False;True;False;False;False;False;;;False;False;False;False
S;108;H;;;;;;;1.992279;0.141624999;0.407902399;Uncertain;Uncertain;Benign;Benign;Benign;Benign;Benign;Benign;Benign;Uncertain;Benign;;;;;False;False;False;False;False;True;False;False;False;False;;;False;False;False;False
S;108;I;;;;;;;1.1029968;0.114660319;0.356149279;Uncertain;Benign;Benign;Benign;Benign;Benign;Benign;Benign;Benign;Benign;Benign;;;;;False;False;False;False;False;True;False;False;False;False;;;False;False;False;False
S;108;K;;;;;;;2.6473389;0.165377249;0.448479974;Uncertain;Uncertain;Uncertain;Benign;Benign;Benign;Benign;Benign;Benign;Uncertain;Benign;;;;;False;False;False;False;False;True;False;False;False;False;;;False;False;False;False
S;108;L;;;;;;;2.6880493;0.166969784;0.451048727;Uncertain;Uncertain;Uncertain;Benign;Benign;Benign;Benign;Benign;Benign;Uncertain;Benign;;;;;False;False;False;False;False;True;False;False;False;False;;;False;False;False;False
S;108;M;;;;;;;3.4611511;0.199898446;0.500261608;Uncertain;Uncertain;Uncertain;Uncertain;Benign;Benign;Benign;Benign;Benign;Uncertain;Benign;;;;;False;False;False;False;False;True;False;False;False;False;;;False;False;False;False
S;108;N;;;;;;;1.620636;0.129653042;0.385726621;Uncertain;Uncertain;Benign;Benign;Benign;Benign;Benign;Benign;Benign;Benign;Benign;;;;;False;False;False;False;False;True;False;False;False;False;;;False;False;False;False
S;108;P;;;;;;;5.114197;0.287688455;0.600068966;Uncertain;Uncertain;Uncertain;Uncertain;Uncertain;Uncertain;Benign;Benign;Benign;Uncertain;Benign;;;;;False;False;False;False;False;True;False;False;False;False;;;False;False;False;False
S;108;Q;;;;;;;2.4544067;0.158018123;0.436368813;Uncertain;Uncertain;Benign;Benign;Benign;Benign;Benign;Benign;Benign;Uncertain;Benign;;;;;False;False;False;False;False;True;False;False;False;False;;;False;False;False;False
S;108;R;;;;;;;2.7966614;0.171286871;0.457920855;Uncertain;Uncertain;Uncertain;Benign;Benign;Benign;Benign;Benign;Benign;Uncertain;Benign;;;;;False;False;False;False;False;True;False;False;False;False;;;False;False;False;False
S;108;S;;;;;;;;;;;;;;;;;;;;;;;;;False;False;False;False;False;False;False;False;False;False;;;False;False;False;False
S;108;T;;;;;;;-0.27236938;0.083105804;0.286290053;Benign;Benign;Benign;Benign;Benign;Benign;Benign;Benign;Benign;Benign;Benign;;;;;False;False;False;False;False;True;False;False;False;False;;;False;False;False;False
S;108;V;;;;;;;1.4378052;0.124140714;0.375094685;Uncertain;Benign;Benign;Benign;Benign;Benign;Benign;Benign;Benign;Benign;Benign;;;;;False;False;False;False;False;True;False;False;False;False;;;False;False;False;False
S;108;W;;;;;;;3.824829;0.217176784;0.523311416;Uncertain;Uncertain;Uncertain;Uncertain;Benign;Benign;Benign;Benign;Benign;Uncertain;Benign;;;;;False;False;False;False;False;True;False;False;False;False;;;False;False;False;False
S;108;Y;;;;;;;1.6535034;0.130669907;0.38765819;Uncertain;Uncertain;Benign;Benign;Benign;Benign;Benign;Benign;Benign;Benign;Benign;;;;;False;False;False;False;False;True;False;False;False;False;;;False;False;False;False
G;109;A;;;;;;;7.5008545;0.528984173;0.691466074;Uncertain;Uncertain;Uncertain;Uncertain;Uncertain;Uncertain;Uncertain;Uncertain;Uncertain;Uncertain;Uncertain;;;;;False;False;False;False;False;False;False;False;False;False;;;False;False;False;False
G;109;C;;;;;;;9.391846;0.802955948;0.496277202;Uncertain;Uncertain;Uncertain;Pathogenic;Pathogenic;Pathogenic;Pathogenic;Pathogenic;Pathogenic;Uncertain;Pathogenic;;;;;False;False;False;False;False;False;True;False;False;False;;;False;False;False;False
G;109;D;;;;;;;6.6500854;0.406359515;0.675506117;Uncertain;Uncertain;Uncertain;Uncertain;Uncertain;Uncertain;Uncertain;Uncertain;Benign;Uncertain;Uncertain;;;;;False;False;False;False;False;False;False;False;False;False;;;False;False;False;False
G;109;E;;;;uncertain;3.98E-06;3.98E-06;8.561829;0.709773165;0.602354662;Uncertain;Uncertain;Uncertain;Uncertain;Uncertain;Uncertain;Pathogenic;Pathogenic;Pathogenic;Uncertain;Pathogenic;8.604095;0.715703289;0.59696575;Pathogenic;False;False;False;False;False;False;True;False;False;False;uncertain;uncertain;False;False;False;False
G;109;F;;;;;;;10.574402;0.878580377;0.36974398;Uncertain;Pathogenic;Pathogenic;Pathogenic;Pathogenic;Pathogenic;Pathogenic;Pathogenic;Pathogenic;Pathogenic;Pathogenic;;;;;False;False;False;False;False;False;True;False;False;False;;;False;False;False;False
G;109;G;;;;;;;;;;;;;;;;;;;;;;;;;False;False;False;False;False;False;False;False;False;False;;;False;False;False;False
G;109;H;;;;;;;9.27594;0.792568378;0.51053382;Uncertain;Uncertain;Uncertain;Uncertain;Pathogenic;Pathogenic;Pathogenic;Pathogenic;Pathogenic;Uncertain;Pathogenic;;;;;False;False;False;False;False;False;True;False;False;False;;;False;False;False;False
G;109;I;;;;;;;10.448395;0.872492778;0.381620417;Uncertain;Uncertain;Pathogenic;Pathogenic;Pathogenic;Pathogenic;Pathogenic;Pathogenic;Pathogenic;Pathogenic;Pathogenic;;;;;False;False;False;False;False;False;True;False;False;False;;;False;False;False;False
G;109;K;;;;;;;10.193359;0.858989573;0.406793471;Uncertain;Uncertain;Pathogenic;Pathogenic;Pathogenic;Pathogenic;Pathogenic;Pathogenic;Pathogenic;Pathogenic;Pathogenic;;;;;False;False;False;False;False;False;True;False;False;False;;;False;False;False;False
G;109;L;;;;;;;10.696777;0.884156617;0.358560585;Uncertain;Pathogenic;Pathogenic;Pathogenic;Pathogenic;Pathogenic;Pathogenic;Pathogenic;Pathogenic;Pathogenic;Pathogenic;;;;;False;False;False;False;False;False;True;False;False;False;;;False;False;False;False
G;109;M;;;;;;;10.256622;0.862496371;0.400405838;Uncertain;Uncertain;Pathogenic;Pathogenic;Pathogenic;Pathogenic;Pathogenic;Pathogenic;Pathogenic;Pathogenic;Pathogenic;;;;;False;False;False;False;False;False;True;False;False;False;;;False;False;False;False
G;109;N;;;;;;;7.0372925;0.454861061;0.689066579;Uncertain;Uncertain;Uncertain;Uncertain;Uncertain;Uncertain;Uncertain;Uncertain;Uncertain;Uncertain;Uncertain;;;;;False;False;False;False;False;False;False;False;False;False;;;False;False;False;False
G;109;P;;;;;;;9.834412;0.836836974;0.444877875;Uncertain;Uncertain;Uncertain;Pathogenic;Pathogenic;Pathogenic;Pathogenic;Pathogenic;Pathogenic;Uncertain;Pathogenic;;;;;False;False;False;False;False;False;True;False;False;False;;;False;False;False;False
G;109;Q;;;;;;;9.191101;0.784496358;0.521157873;Uncertain;Uncertain;Uncertain;Uncertain;Pathogenic;Pathogenic;Pathogenic;Pathogenic;Pathogenic;Uncertain;Pathogenic;;;;;False;False;False;False;False;False;True;False;False;False;;;False;False;False;False
G;109;R;Uncertain significance;1;1;uncertain;;;9.001129;0.764842321;0.545433708;Uncertain;Uncertain;Uncertain;Uncertain;Pathogenic;Pathogenic;Pathogenic;Pathogenic;Pathogenic;Uncertain;Pathogenic;8.97702;0.762181202;0.548552633;Pathogenic;False;False;False;False;False;False;True;False;False;False;uncertain;Uncertain significance;False;False;False;False
G;109;S;;;;;;;6.359955;0.377259755;0.662706694;Uncertain;Uncertain;Uncertain;Uncertain;Uncertain;Uncertain;Uncertain;Benign;Benign;Uncertain;Uncertain;;;;;False;False;False;False;False;False;False;False;False;False;;;False;False;False;False
G;109;T;;;;;;;8.863586;0.749122187;0.563297467;Uncertain;Uncertain;Uncertain;Uncertain;Uncertain;Pathogenic;Pathogenic;Pathogenic;Pathogenic;Uncertain;Pathogenic;;;;;False;False;False;False;False;False;True;False;False;False;;;False;False;False;False
G;109;V;;;;;;;10.694275;0.884045784;0.358785782;Uncertain;Pathogenic;Pathogenic;Pathogenic;Pathogenic;Pathogenic;Pathogenic;Pathogenic;Pathogenic;Pathogenic;Pathogenic;;;;;False;False;False;False;False;False;True;False;False;False;;;False;False;False;False
G;109;W;;;;;;;10.754425;0.886674683;0.35341173;Uncertain;Pathogenic;Pathogenic;Pathogenic;Pathogenic;Pathogenic;Pathogenic;Pathogenic;Pathogenic;Pathogenic;Pathogenic;;;;;False;False;False;False;False;False;True;False;False;False;;;False;False;False;False
G;109;Y;;;;;;;9.618927;0.821384622;0.469287411;Uncertain;Uncertain;Uncertain;Pathogenic;Pathogenic;Pathogenic;Pathogenic;Pathogenic;Pathogenic;Uncertain;Pathogenic;;;;;False;False;False;False;False;False;True;False;False;False;;;False;False;False;False
D;110;A;;;;;;;-0.8789978;0.072382709;0.259759121;Benign;Benign;Benign;Benign;Benign;Benign;Benign;Benign;Benign;Benign;Benign;;;;;False;False;False;False;False;True;False;False;False;False;;;False;False;False;False
D;110;C;;;;;;;4.602783;0.257966643;0.570919326;Uncertain;Uncertain;Uncertain;Uncertain;Uncertain;Benign;Benign;Benign;Benign;Uncertain;Benign;;;;;False;False;False;False;False;True;False;False;False;False;;;False;False;False;False
D;110;D;;;;;;;;;;;;;;;;;;;;;;;;;False;False;False;False;False;False;False;False;False;False;;;False;False;False;False
D;110;E;;;;;;;-1.5280457;0.062658488;0.234220637;Benign;Benign;Benign;Benign;Benign;Benign;Benign;Benign;Benign;Benign;Benign;;;;;False;False;False;False;False;True;False;False;False;False;;;False;False;False;False
D;110;F;;;;;;;3.5477905;0.203910538;0.505776023;Uncertain;Uncertain;Uncertain;Uncertain;Benign;Benign;Benign;Benign;Benign;Uncertain;Benign;;;;;False;False;False;False;False;True;False;False;False;False;;;False;False;False;False
D;110;G;;;;;;;2.7705688;0.170240649;0.456267588;Uncertain;Uncertain;Uncertain;Benign;Benign;Benign;Benign;Benign;Benign;Uncertain;Benign;;;;;False;False;False;False;False;True;False;False;False;False;;;False;False;False;False
D;110;H;;;;;;;2.3476257;0.154077256;0.429716788;Uncertain;Uncertain;Benign;Benign;Benign;Benign;Benign;Benign;Benign;Uncertain;Benign;;;;;False;False;False;False;False;True;False;False;False;False;;;False;False;False;False
D;110;I;;;;;;;1.7427979;0.133473073;0.392935947;Uncertain;Uncertain;Benign;Benign;Benign;Benign;Benign;Benign;Benign;Benign;Benign;;;;;False;False;False;False;False;True;False;False;False;False;;;False;False;False;False
D;110;K;;;;;;;0.24050903;0.093595533;0.310778577;Uncertain;Benign;Benign;Benign;Benign;Benign;Benign;Benign;Benign;Benign;Benign;;;;;False;False;False;False;False;True;False;False;False;False;;;False;False;False;False
D;110;L;;;;;;;2.1001282;0.145298189;0.414465869;Uncertain;Uncertain;Benign;Benign;Benign;Benign;Benign;Benign;Benign;Uncertain;Benign;;;;;False;False;False;False;False;True;False;False;False;False;;;False;False;False;False
D;110;M;;;;;;;2.6677551;0.166174163;0.449767681;Uncertain;Uncertain;Uncertain;Benign;Benign;Benign;Benign;Benign;Benign;Uncertain;Benign;;;;;False;False;False;False;False;True;False;False;False;False;;;False;False;False;False
D;110;N;;;;;;;1.6811523;0.131531517;0.389287722;Uncertain;Uncertain;Benign;Benign;Benign;Benign;Benign;Benign;Benign;Benign;Benign;;;;;False;False;False;False;False;True;False;False;False;False;;;False;False;False;False
D;110;P;;;;;;;-2.663147;0.049195971;0.196140989;Benign;Benign;Benign;Benign;Benign;Benign;Benign;Benign;Benign;Benign;Benign;;;;;False;False;False;False;False;True;False;False;False;False;;;False;False;False;False
D;110;Q;;;;;;;-0.15097046;0.085464003;0.291915617;Benign;Benign;Benign;Benign;Benign;Benign;Benign;Benign;Benign;Benign;Benign;;;;;False;False;False;False;False;True;False;False;False;False;;;False;False;False;False
D;110;R;;;;;;;1.3759766;0.122331037;0.371543834;Uncertain;Benign;Benign;Benign;Benign;Benign;Benign;Benign;Benign;Benign;Benign;;;;;False;False;False;False;False;True;False;False;False;False;;;False;False;False;False
D;110;S;;;;;;;0.5522766;0.100684246;0.326583819;Uncertain;Benign;Benign;Benign;Benign;Benign;Benign;Benign;Benign;Benign;Benign;;;;;False;False;False;False;False;True;False;False;False;False;;;False;False;False;False
D;110;T;;;;;;;1.0365906;0.112871118;0.352476317;Uncertain;Benign;Benign;Benign;Benign;Benign;Benign;Benign;Benign;Benign;Benign;;;;;False;False;False;False;False;True;False;False;False;False;;;False;False;False;False
D;110;V;;;;;;;0.33013916;0.095575798;0.315251808;Uncertain;Benign;Benign;Benign;Benign;Benign;Benign;Benign;Benign;Benign;Benign;;;;;False;False;False;False;False;True;False;False;False;False;;;False;False;False;False
D;110;W;;;;;;;4.4742737;0.250869772;0.563288671;Uncertain;Uncertain;Uncertain;Uncertain;Uncertain;Benign;Benign;Benign;Benign;Uncertain;Benign;;;;;False;False;False;False;False;True;False;False;False;False;;;False;False;False;False
D;110;Y;Uncertain significance;1;1;uncertain;2.47E-05;2.47E-05;3.710205;0.211607216;0.516078341;Uncertain;Uncertain;Uncertain;Uncertain;Benign;Benign;Benign;Benign;Benign;Uncertain;Benign;3.6618958;0.209293972;0.513019732;Benign;False;False;False;False;False;True;False;False;False;False;uncertain;Uncertain significance;False;False;False;False
H;111;A;;;;;;;4.5441895;0.254713069;0.567453991;Uncertain;Uncertain;Uncertain;Uncertain;Uncertain;Benign;Benign;Benign;Benign;Uncertain;Benign;;;;;False;False;False;False;False;True;False;False;False;False;;;False;False;False;False
H;111;C;;;;;;;4.4315796;0.248543614;0.560729477;Uncertain;Uncertain;Uncertain;Uncertain;Uncertain;Benign;Benign;Benign;Benign;Uncertain;Benign;;;;;False;False;False;False;False;True;False;False;False;False;;;False;False;False;False
H;111;D;;;;;;;2.6012878;0.163592539;0.445579402;Uncertain;Uncertain;Uncertain;Benign;Benign;Benign;Benign;Benign;Benign;Uncertain;Benign;;;;;False;False;False;False;False;True;False;False;False;False;;;False;False;False;False
H;111;E;;;;;;;3.665039;0.209443866;0.513218901;Uncertain;Uncertain;Uncertain;Uncertain;Benign;Benign;Benign;Benign;Benign;Uncertain;Benign;;;;;False;False;False;False;False;True;False;False;False;False;;;False;False;False;False
H;111;F;;;;;;;3.0473633;0.181634784;0.473863356;Uncertain;Uncertain;Uncertain;Benign;Benign;Benign;Benign;Benign;Benign;Uncertain;Benign;;;;;False;False;False;False;False;True;False;False;False;False;;;False;False;False;False
H;111;G;;;;;;;5.7964478;0.332159415;0.635697368;Uncertain;Uncertain;Uncertain;Uncertain;Uncertain;Uncertain;Benign;Benign;Benign;Uncertain;Benign;;;;;False;False;False;False;False;True;False;False;False;False;;;False;False;False;False
H;111;H;;;;;;;;;;;;;;;;;;;;;;;;;False;False;False;False;False;False;False;False;False;False;;;False;False;False;False
H;111;I;;;;;;;4.5498047;0.255023575;0.567787106;Uncertain;Uncertain;Uncertain;Uncertain;Uncertain;Benign;Benign;Benign;Benign;Uncertain;Benign;;;;;False;False;False;False;False;True;False;False;False;False;;;False;False;False;False
H;111;K;;;;;;;3.9403381;0.222904266;0.530559293;Uncertain;Uncertain;Uncertain;Uncertain;Benign;Benign;Benign;Benign;Benign;Uncertain;Benign;;;;;False;False;False;False;False;True;False;False;False;False;;;False;False;False;False
H;111;L;;;;;;;1.4614258;0.12483927;0.376457278;Uncertain;Benign;Benign;Benign;Benign;Benign;Benign;Benign;Benign;Benign;Benign;;;;;False;False;False;False;False;True;False;False;False;False;;;False;False;False;False
H;111;M;;;;;;;4.5565796;0.255398574;0.568188734;Uncertain;Uncertain;Uncertain;Uncertain;Uncertain;Benign;Benign;Benign;Benign;Uncertain;Benign;;;;;False;False;False;False;False;True;False;False;False;False;;;False;False;False;False
H;111;N;;;;;;;-0.018310547;0.088127622;0.298184286;Benign;Benign;Benign;Benign;Benign;Benign;Benign;Benign;Benign;Benign;Benign;;;;;False;False;False;False;False;True;False;False;False;False;;;False;False;False;False
H;111;P;;;;;;;5.932129;0.342045183;0.642382725;Uncertain;Uncertain;Uncertain;Uncertain;Uncertain;Uncertain;Uncertain;Benign;Benign;Uncertain;Benign;;;;;False;False;False;False;False;True;False;False;False;False;;;False;False;False;False
H;111;Q;;;;;;;2.324646;0.153241344;0.428290567;Uncertain;Uncertain;Benign;Benign;Benign;Benign;Benign;Benign;Benign;Uncertain;Benign;;;;;False;False;False;False;False;True;False;False;False;False;;;False;False;False;False
H;111;R;;;;;;;2.473755;0.158742211;0.437578281;Uncertain;Uncertain;Benign;Benign;Benign;Benign;Benign;Benign;Benign;Uncertain;Benign;;;;;False;False;False;False;False;True;False;False;False;False;;;False;False;False;False
H;111;S;;;;;;;4.3719788;0.245322528;0.557137828;Uncertain;Uncertain;Uncertain;Uncertain;Uncertain;Benign;Benign;Benign;Benign;Uncertain;Benign;;;;;False;False;False;False;False;True;False;False;False;False;;;False;False;False;False
H;111;T;;;;;;;2.5247498;0.16066545;0.440771702;Uncertain;Uncertain;Uncertain;Benign;Benign;Benign;Benign;Benign;Benign;Uncertain;Benign;;;;;False;False;False;False;False;True;False;False;False;False;;;False;False;False;False
H;111;V;;;;;;;5.6448975;0.321623744;0.628087337;Uncertain;Uncertain;Uncertain;Uncertain;Uncertain;Uncertain;Benign;Benign;Benign;Uncertain;Benign;;;;;False;False;False;False;False;True;False;False;False;False;;;False;False;False;False
H;111;W;;;;;;;5.1903687;0.292336509;0.604230519;Uncertain;Uncertain;Uncertain;Uncertain;Uncertain;Uncertain;Benign;Benign;Benign;Uncertain;Benign;;;;;False;False;False;False;False;True;False;False;False;False;;;False;False;False;False
H;111;Y;Uncertain significance;1;1;uncertain;;;1.403717;0.123139616;0.373134131;Uncertain;Benign;Benign;Benign;Benign;Benign;Benign;Benign;Benign;Benign;Benign;1.3666992;0.122061834;0.371013022;Benign;False;False;False;False;False;True;False;False;False;False;uncertain;Uncertain significance;False;False;False;False
C;112;A;;;;;;;1.052002;0.113283727;0.353326162;Uncertain;Benign;Benign;Benign;Benign;Benign;Benign;Benign;Benign;Benign;Benign;;;;;False;False;False;False;False;True;False;False;False;False;;;False;False;False;False
C;112;C;;;;;;;;;;;;;;;;;;;;;;;;;False;False;False;False;False;False;False;False;False;False;;;False;False;False;False
C;112;D;;;;;;;0.24304199;0.093650871;0.310904204;Uncertain;Benign;Benign;Benign;Benign;Benign;Benign;Benign;Benign;Benign;Benign;;;;;False;False;False;False;False;True;False;False;False;False;;;False;False;False;False
C;112;E;;;;;;;1.9283752;0.139491378;0.404039113;Uncertain;Uncertain;Benign;Benign;Benign;Benign;Benign;Benign;Benign;Benign;Benign;;;;;False;False;False;False;False;True;False;False;False;False;;;False;False;False;False
C;112;F;;;;;;;3.321289;0.193559278;0.49134299;Uncertain;Uncertain;Uncertain;Benign;Benign;Benign;Benign;Benign;Benign;Uncertain;Benign;;;;;False;False;False;False;False;True;False;False;False;False;;;False;False;False;False
C;112;G;;;;;;;-0.07620239;0.086953934;0.295433107;Benign;Benign;Benign;Benign;Benign;Benign;Benign;Benign;Benign;Benign;Benign;;;;;False;False;False;False;False;True;False;False;False;False;;;False;False;False;False
C;112;H;;;;;;;3.7670593;0.214355543;0.519670552;Uncertain;Uncertain;Uncertain;Uncertain;Benign;Benign;Benign;Benign;Benign;Uncertain;Benign;;;;;False;False;False;False;False;True;False;False;False;False;;;False;False;False;False
C;112;I;;;;;;;4.3953247;0.246580606;0.558547282;Uncertain;Uncertain;Uncertain;Uncertain;Uncertain;Benign;Benign;Benign;Benign;Uncertain;Benign;;;;;False;False;False;False;False;True;False;False;False;False;;;False;False;False;False
C;112;K;;;;;;;2.647583;0.165386757;0.448495364;Uncertain;Uncertain;Uncertain;Benign;Benign;Benign;Benign;Benign;Benign;Uncertain;Benign;;;;;False;False;False;False;False;True;False;False;False;False;;;False;False;False;False
C;112;L;;;;;;;3.612671;0.206957708;0.509897866;Uncertain;Uncertain;Uncertain;Uncertain;Benign;Benign;Benign;Benign;Benign;Uncertain;Benign;;;;;False;False;False;False;False;True;False;False;False;False;;;False;False;False;False
C;112;M;;;;;;;4.570526;0.256171781;0.569014513;Uncertain;Uncertain;Uncertain;Uncertain;Uncertain;Benign;Benign;Benign;Benign;Uncertain;Benign;;;;;False;False;False;False;False;True;False;False;False;False;;;False;False;False;False
C;112;N;;;;;;;-2.2308044;0.053853181;0.209708078;Benign;Benign;Benign;Benign;Benign;Benign;Benign;Benign;Benign;Benign;Benign;;;;;False;False;False;False;False;True;False;False;False;False;;;False;False;False;False
C;112;P;;;;;;;4.3204956;0.2425647;0.554018218;Uncertain;Uncertain;Uncertain;Uncertain;Uncertain;Benign;Benign;Benign;Benign;Uncertain;Benign;;;;;False;False;False;False;False;True;False;False;False;False;;;False;False;False;False
C;112;Q;;;;;;;2.0576782;0.143841501;0.411876102;Uncertain;Uncertain;Benign;Benign;Benign;Benign;Benign;Benign;Benign;Uncertain;Benign;;;;;False;False;False;False;False;True;False;False;False;False;;;False;False;False;False
C;112;R;;;;;;;4.542938;0.254643902;0.567379718;Uncertain;Uncertain;Uncertain;Uncertain;Uncertain;Benign;Benign;Benign;Benign;Uncertain;Benign;;;;;False;False;False;False;False;True;False;False;False;False;;;False;False;False;False
C;112;S;;;;;;;-4.925812;0.031835433;0.14106554;Benign;Benign;Benign;Benign;Benign;Benign;Benign;Benign;Benign;Benign;Benign;;;;;False;False;False;False;False;True;False;False;False;False;;;False;False;False;False
C;112;T;;;;;;;-0.9698181;0.070919585;0.256011158;Benign;Benign;Benign;Benign;Benign;Benign;Benign;Benign;Benign;Benign;Benign;;;;;False;False;False;False;False;True;False;False;False;False;;;False;False;False;False
C;112;V;;;;;;;4.630829;0.259534584;0.572569543;Uncertain;Uncertain;Uncertain;Uncertain;Uncertain;Benign;Benign;Benign;Benign;Uncertain;Benign;;;;;False;False;False;False;False;True;False;False;False;False;;;False;False;False;False
C;112;W;;;;;;;4.586975;0.257085911;0.56998675;Uncertain;Uncertain;Uncertain;Uncertain;Uncertain;Benign;Benign;Benign;Benign;Uncertain;Benign;;;;;False;False;False;False;False;True;False;False;False;False;;;False;False;False;False
C;112;Y;;;;;;;1.5556335;0.127665376;0.381924462;Uncertain;Uncertain;Benign;Benign;Benign;Benign;Benign;Benign;Benign;Benign;Benign;;;;;False;False;False;False;False;True;False;False;False;False;;;False;False;False;False
I;113;A;;;;;;;5.7139587;0.326365396;0.631574733;Uncertain;Uncertain;Uncertain;Uncertain;Uncertain;Uncertain;Benign;Benign;Benign;Uncertain;Benign;;;;;False;False;False;False;False;True;False;False;False;False;;;False;False;False;False
I;113;C;;;;;;;8.6345825;0.719895138;0.593052329;Uncertain;Uncertain;Uncertain;Uncertain;Uncertain;Pathogenic;Pathogenic;Pathogenic;Pathogenic;Uncertain;Pathogenic;;;;;False;False;False;False;False;False;True;False;False;False;;;False;False;False;False
I;113;D;;;;;;;9.976654;0.846105025;0.429406241;Uncertain;Uncertain;Pathogenic;Pathogenic;Pathogenic;Pathogenic;Pathogenic;Pathogenic;Pathogenic;Uncertain;Pathogenic;;;;;False;False;False;False;False;False;True;False;False;False;;;False;False;False;False
I;113;E;;;;;;;10.010925;0.848237745;0.425753758;Uncertain;Uncertain;Pathogenic;Pathogenic;Pathogenic;Pathogenic;Pathogenic;Pathogenic;Pathogenic;Uncertain;Pathogenic;;;;;False;False;False;False;False;False;True;False;False;False;;;False;False;False;False
I;113;F;;;;;;;9.783539;0.833349896;0.450534552;Uncertain;Uncertain;Uncertain;Pathogenic;Pathogenic;Pathogenic;Pathogenic;Pathogenic;Pathogenic;Uncertain;Pathogenic;;;;;False;False;False;False;False;False;True;False;False;False;;;False;False;False;False
I;113;G;;;;;;;9.954712;0.844719709;0.431759985;Uncertain;Uncertain;Pathogenic;Pathogenic;Pathogenic;Pathogenic;Pathogenic;Pathogenic;Pathogenic;Uncertain;Pathogenic;;;;;False;False;False;False;False;False;True;False;False;False;;;False;False;False;False
I;113;H;;;;;;;10.015228;0.848502893;0.425297205;Uncertain;Uncertain;Pathogenic;Pathogenic;Pathogenic;Pathogenic;Pathogenic;Pathogenic;Pathogenic;Uncertain;Pathogenic;;;;;False;False;False;False;False;False;True;False;False;False;;;False;False;False;False
I;113;I;;;;;;;;;;;;;;;;;;;;;;;;;False;False;False;False;False;False;False;False;False;False;;;False;False;False;False
I;113;K;;;;;;;9.98584;0.846680358;0.428424386;Uncertain;Uncertain;Pathogenic;Pathogenic;Pathogenic;Pathogenic;Pathogenic;Pathogenic;Pathogenic;Uncertain;Pathogenic;;;;;False;False;False;False;False;False;True;False;False;False;;;False;False;False;False
I;113;L;;;;;;;6.639557;0.405206568;0.675066353;Uncertain;Uncertain;Uncertain;Uncertain;Uncertain;Uncertain;Uncertain;Uncertain;Benign;Uncertain;Uncertain;;;;;False;False;False;False;False;False;False;False;False;False;;;False;False;False;False
I;113;M;;;;;;;9.2204895;0.787339313;0.517460613;Uncertain;Uncertain;Uncertain;Uncertain;Pathogenic;Pathogenic;Pathogenic;Pathogenic;Pathogenic;Uncertain;Pathogenic;;;;;False;False;False;False;False;False;True;False;False;False;;;False;False;False;False
I;113;N;;;;;;;10.0589905;0.851166822;0.420679767;Uncertain;Uncertain;Pathogenic;Pathogenic;Pathogenic;Pathogenic;Pathogenic;Pathogenic;Pathogenic;Uncertain;Pathogenic;;;;;False;False;False;False;False;False;True;False;False;False;;;False;False;False;False
I;113;P;;;;;;;9.9878845;0.84680804;0.428206141;Uncertain;Uncertain;Pathogenic;Pathogenic;Pathogenic;Pathogenic;Pathogenic;Pathogenic;Pathogenic;Uncertain;Pathogenic;;;;;False;False;False;False;False;False;True;False;False;False;;;False;False;False;False
I;113;Q;;;;;;;10.047516;0.85047405;0.421885918;Uncertain;Uncertain;Pathogenic;Pathogenic;Pathogenic;Pathogenic;Pathogenic;Pathogenic;Pathogenic;Uncertain;Pathogenic;;;;;False;False;False;False;False;False;True;False;False;False;;;False;False;False;False
I;113;R;;;;;;;9.968994;0.845623186;0.430226584;Uncertain;Uncertain;Pathogenic;Pathogenic;Pathogenic;Pathogenic;Pathogenic;Pathogenic;Pathogenic;Uncertain;Pathogenic;;;;;False;False;False;False;False;False;True;False;False;False;;;False;False;False;False
I;113;S;;;;;;;8.582153;0.712641956;0.599769137;Uncertain;Uncertain;Uncertain;Uncertain;Uncertain;Uncertain;Pathogenic;Pathogenic;Pathogenic;Uncertain;Pathogenic;;;;;False;False;False;False;False;False;True;False;False;False;;;False;False;False;False
I;113;T;Pathogenic;0;1;uncertain;;;9.213837;0.786700178;0.518295997;Uncertain;Uncertain;Uncertain;Uncertain;Pathogenic;Pathogenic;Pathogenic;Pathogenic;Pathogenic;Uncertain;Pathogenic;9.114288;0.776822249;0.530900612;Pathogenic;False;False;False;True;False;False;True;False;False;False;pathogenic;Pathogenic;False;False;False;False
I;113;V;;;;;;;1.0646362;0.113623163;0.354024022;Uncertain;Benign;Benign;Benign;Benign;Benign;Benign;Benign;Benign;Benign;Benign;;;;;False;False;False;False;False;True;False;False;False;False;;;False;False;False;False
I;113;W;;;;;;;10.000763;0.84760925;0.426833768;Uncertain;Uncertain;Pathogenic;Pathogenic;Pathogenic;Pathogenic;Pathogenic;Pathogenic;Pathogenic;Uncertain;Pathogenic;;;;;False;False;False;False;False;False;True;False;False;False;;;False;False;False;False
I;113;Y;;;;;;;9.092194;0.774547728;0.533722608;Uncertain;Uncertain;Uncertain;Uncertain;Pathogenic;Pathogenic;Pathogenic;Pathogenic;Pathogenic;Uncertain;Pathogenic;;;;;False;False;False;False;False;False;True;False;False;False;;;False;False;False;False
I;114;A;;;;;;;6.800598;0.423756227;0.681475474;Uncertain;Uncertain;Uncertain;Uncertain;Uncertain;Uncertain;Uncertain;Uncertain;Benign;Uncertain;Uncertain;;;;;False;False;True;False;False;False;False;False;False;False;;;False;False;False;False
I;114;C;;;;;;;8.761871;0.736626489;0.576556011;Uncertain;Uncertain;Uncertain;Uncertain;Uncertain;Pathogenic;Pathogenic;Pathogenic;Pathogenic;Uncertain;Pathogenic;;;;;False;False;True;False;False;False;True;False;False;True;pathogenic;Likely Pathogenic;False;False;False;False
I;114;D;;;;;;;8.480804;0.698019749;0.61253284;Uncertain;Uncertain;Uncertain;Uncertain;Uncertain;Uncertain;Pathogenic;Pathogenic;Pathogenic;Uncertain;Pathogenic;;;;;False;False;True;False;False;False;True;False;False;True;pathogenic;Likely Pathogenic;False;False;False;False
I;114;E;;;;;;;9.414429;0.804898536;0.493536159;Uncertain;Uncertain;Uncertain;Pathogenic;Pathogenic;Pathogenic;Pathogenic;Pathogenic;Pathogenic;Uncertain;Pathogenic;;;;;False;False;True;False;False;False;True;False;False;True;pathogenic;Likely Pathogenic;False;False;False;False
I;114;F;;;;;;;7.143921;0.470440604;0.691398645;Uncertain;Uncertain;Uncertain;Uncertain;Uncertain;Uncertain;Uncertain;Uncertain;Uncertain;Uncertain;Uncertain;;;;;False;False;True;False;False;False;False;False;False;False;;;False;False;False;False
I;114;G;;;;;;;6.6065063;0.401638706;0.673670513;Uncertain;Uncertain;Uncertain;Uncertain;Uncertain;Uncertain;Uncertain;Uncertain;Benign;Uncertain;Uncertain;;;;;False;False;True;False;False;False;False;False;False;False;;;False;False;False;False
I;114;H;;;;;;;9.423218;0.805647665;0.492472707;Uncertain;Uncertain;Uncertain;Pathogenic;Pathogenic;Pathogenic;Pathogenic;Pathogenic;Pathogenic;Uncertain;Pathogenic;;;;;False;False;True;False;False;False;True;False;False;True;pathogenic;Likely Pathogenic;False;False;False;False
I;114;I;;;;;;;;;;;;;;;;;;;;;;;;;False;False;True;False;False;False;False;False;False;False;;;False;False;False;False
I;114;K;;;;;;;8.325653;0.67413184;0.631213839;Uncertain;Uncertain;Uncertain;Uncertain;Uncertain;Uncertain;Pathogenic;Pathogenic;Pathogenic;Uncertain;Pathogenic;;;;;False;False;True;False;False;False;True;False;False;True;pathogenic;Likely Pathogenic;False;False;False;False
I;114;L;;;;;;;1.9317322;0.139602674;0.404241567;Uncertain;Uncertain;Benign;Benign;Benign;Benign;Benign;Benign;Benign;Benign;Benign;;;;;False;False;True;False;False;True;False;False;False;False;;;False;False;False;False
I;114;M;;;;uncertain;3.98E-06;3.98E-06;5.651825;0.322095186;0.628438675;Uncertain;Uncertain;Uncertain;Uncertain;Uncertain;Uncertain;Benign;Benign;Benign;Uncertain;Benign;5.6832275;0.324243795;0.630027024;Benign;False;False;True;False;False;True;False;False;False;False;uncertain;uncertain;False;False;False;False
I;114;N;;;;;;;9.693817;0.826962154;0.460670556;Uncertain;Uncertain;Uncertain;Pathogenic;Pathogenic;Pathogenic;Pathogenic;Pathogenic;Pathogenic;Uncertain;Pathogenic;;;;;False;False;True;False;False;False;True;False;False;True;pathogenic;Likely Pathogenic;False;False;False;False
I;114;P;;;;;;;9.499756;0.812012475;0.483291662;Uncertain;Uncertain;Uncertain;Pathogenic;Pathogenic;Pathogenic;Pathogenic;Pathogenic;Pathogenic;Uncertain;Pathogenic;;;;;False;False;True;False;False;False;True;False;False;True;pathogenic;Likely Pathogenic;False;False;False;False
I;114;Q;;;;;;;9.418274;0.805226737;0.493070691;Uncertain;Uncertain;Uncertain;Pathogenic;Pathogenic;Pathogenic;Pathogenic;Pathogenic;Pathogenic;Uncertain;Pathogenic;;;;;False;False;True;False;False;False;True;False;False;True;pathogenic;Likely Pathogenic;False;False;False;False
I;114;R;;;;;;;9.452576;0.808122406;0.48893407;Uncertain;Uncertain;Uncertain;Pathogenic;Pathogenic;Pathogenic;Pathogenic;Pathogenic;Pathogenic;Uncertain;Pathogenic;;;;;False;False;True;False;False;False;True;False;False;True;pathogenic;Likely Pathogenic;False;False;False;False
I;114;S;;;;;;;9.1736145;0.782780647;0.523365992;Uncertain;Uncertain;Uncertain;Uncertain;Pathogenic;Pathogenic;Pathogenic;Pathogenic;Pathogenic;Uncertain;Pathogenic;;;;;False;False;True;False;False;False;True;False;False;True;pathogenic;Likely Pathogenic;False;False;False;False
I;114;T;Pathogenic;2;5;pathogenic;4.77E-05;4.77E-05;6.942383;0.44181565;0.686360979;Uncertain;Uncertain;Uncertain;Uncertain;Uncertain;Uncertain;Uncertain;Uncertain;Uncertain;Uncertain;Uncertain;6.9509277;0.442958346;0.68662549;Uncertain;False;False;True;True;False;False;False;False;False;False;pathogenic;Pathogenic;False;False;False;False
I;114;V;;;;;;;1.2805786;0.119591749;0.36611079;Uncertain;Benign;Benign;Benign;Benign;Benign;Benign;Benign;Benign;Benign;Benign;;;;;False;False;True;False;False;True;False;False;False;False;;;False;False;False;False
I;114;W;;;;;;;9.509277;0.812784784;0.482159709;Uncertain;Uncertain;Uncertain;Pathogenic;Pathogenic;Pathogenic;Pathogenic;Pathogenic;Pathogenic;Uncertain;Pathogenic;;;;;False;False;True;False;False;False;True;False;False;True;pathogenic;Likely Pathogenic;False;False;False;False
I;114;Y;;;;;;;8.655212;0.722690907;0.590393865;Uncertain;Uncertain;Uncertain;Uncertain;Uncertain;Pathogenic;Pathogenic;Pathogenic;Pathogenic;Uncertain;Pathogenic;;;;;False;False;True;False;False;False;True;False;False;True;pathogenic;Likely Pathogenic;False;False;False;False
G;115;A;;;;;;;9.239349;0.789137369;0.515097352;Uncertain;Uncertain;Uncertain;Uncertain;Pathogenic;Pathogenic;Pathogenic;Pathogenic;Pathogenic;Uncertain;Pathogenic;;;;;False;False;True;False;False;False;True;False;False;True;pathogenic;Likely Pathogenic;False;False;False;False
G;115;C;;;;;;;11.456543;0.912402333;0.296944182;Pathogenic;Pathogenic;Pathogenic;Pathogenic;Pathogenic;Pathogenic;Pathogenic;Pathogenic;Pathogenic;Pathogenic;Pathogenic;;;;;False;False;True;False;False;False;True;False;False;True;pathogenic;Likely Pathogenic;False;False;False;False
G;115;D;;;;;;;10.526398;0.876303877;0.374225138;Uncertain;Pathogenic;Pathogenic;Pathogenic;Pathogenic;Pathogenic;Pathogenic;Pathogenic;Pathogenic;Pathogenic;Pathogenic;;;;;False;False;True;False;False;False;True;False;False;True;pathogenic;Likely Pathogenic;False;False;False;False
G;115;E;;;;;;;8.886139;0.751790762;0.560359226;Uncertain;Uncertain;Uncertain;Uncertain;Uncertain;Pathogenic;Pathogenic;Pathogenic;Pathogenic;Uncertain;Pathogenic;;;;;False;False;True;False;False;False;True;False;False;True;pathogenic;Likely Pathogenic;False;False;False;False
G;115;F;;;;;;;11.100525;0.900440213;0.324114649;Uncertain;Pathogenic;Pathogenic;Pathogenic;Pathogenic;Pathogenic;Pathogenic;Pathogenic;Pathogenic;Pathogenic;Pathogenic;;;;;False;False;True;False;False;False;True;False;False;True;pathogenic;Likely Pathogenic;False;False;False;False
G;115;G;;;;;;;;;;;;;;;;;;;;;;;;;False;False;True;False;False;False;False;False;False;False;;;False;False;False;False
G;115;H;;;;;;;10.305664;0.865141343;0.395519536;Uncertain;Uncertain;Pathogenic;Pathogenic;Pathogenic;Pathogenic;Pathogenic;Pathogenic;Pathogenic;Pathogenic;Pathogenic;;;;;False;False;True;False;False;False;True;False;False;True;pathogenic;Likely Pathogenic;False;False;False;False
G;115;I;;;;;;;11.383087;0.910104755;0.302295392;Pathogenic;Pathogenic;Pathogenic;Pathogenic;Pathogenic;Pathogenic;Pathogenic;Pathogenic;Pathogenic;Pathogenic;Pathogenic;;;;;False;False;True;False;False;False;True;False;False;True;pathogenic;Likely Pathogenic;False;False;False;False
G;115;K;;;;;;;9.9748535;0.845991938;0.429598934;Uncertain;Uncertain;Pathogenic;Pathogenic;Pathogenic;Pathogenic;Pathogenic;Pathogenic;Pathogenic;Uncertain;Pathogenic;;;;;False;False;True;False;False;False;True;False;False;True;pathogenic;Likely Pathogenic;False;False;False;False
G;115;L;;;;;;;11.508362;0.913971612;0.29325136;Pathogenic;Pathogenic;Pathogenic;Pathogenic;Pathogenic;Pathogenic;Pathogenic;Pathogenic;Pathogenic;Pathogenic;Pathogenic;;;;;False;False;True;False;False;False;True;False;False;True;pathogenic;Likely Pathogenic;False;False;False;False
G;115;M;;;;;;;11.408203;0.91090005;0.300450475;Pathogenic;Pathogenic;Pathogenic;Pathogenic;Pathogenic;Pathogenic;Pathogenic;Pathogenic;Pathogenic;Pathogenic;Pathogenic;;;;;False;False;True;False;False;False;True;False;False;True;pathogenic;Likely Pathogenic;False;False;False;False
G;115;N;;;;;;;6.8114014;0.425073471;0.681876807;Uncertain;Uncertain;Uncertain;Uncertain;Uncertain;Uncertain;Uncertain;Uncertain;Benign;Uncertain;Uncertain;;;;;False;False;True;False;False;False;False;False;False;False;;;False;False;False;False
G;115;P;;;;;;;11.510223;0.914027184;0.293120016;Pathogenic;Pathogenic;Pathogenic;Pathogenic;Pathogenic;Pathogenic;Pathogenic;Pathogenic;Pathogenic;Pathogenic;Pathogenic;;;;;False;False;True;False;False;False;True;False;False;True;pathogenic;Likely Pathogenic;False;False;False;False
G;115;Q;;;;;;;10.412445;0.870688219;0.385076333;Uncertain;Uncertain;Pathogenic;Pathogenic;Pathogenic;Pathogenic;Pathogenic;Pathogenic;Pathogenic;Pathogenic;Pathogenic;;;;;False;False;True;False;False;False;True;False;False;True;pathogenic;Likely Pathogenic;False;False;False;False
G;115;R;;;;;;;11.622925;0.917292145;0.285333586;Pathogenic;Pathogenic;Pathogenic;Pathogenic;Pathogenic;Pathogenic;Pathogenic;Pathogenic;Pathogenic;Pathogenic;Pathogenic;;;;;False;False;True;False;False;False;True;False;False;True;pathogenic;Likely Pathogenic;False;False;False;False
G;115;S;Likely pathogenic;1;1;pathogenic;;;8.327545;0.674433695;0.630994203;Uncertain;Uncertain;Uncertain;Uncertain;Uncertain;Uncertain;Pathogenic;Pathogenic;Pathogenic;Uncertain;Pathogenic;8.373474;0.681683178;0.625594209;Pathogenic;False;False;True;True;False;False;True;False;False;True;pathogenic;Likely Pathogenic;False;False;False;False
G;115;T;;;;;;;10.430969;0.871621916;0.38329184;Uncertain;Uncertain;Pathogenic;Pathogenic;Pathogenic;Pathogenic;Pathogenic;Pathogenic;Pathogenic;Pathogenic;Pathogenic;;;;;False;False;True;False;False;False;True;False;False;True;pathogenic;Likely Pathogenic;False;False;False;False
G;115;V;;;;;;;11.456146;0.912390147;0.296972738;Pathogenic;Pathogenic;Pathogenic;Pathogenic;Pathogenic;Pathogenic;Pathogenic;Pathogenic;Pathogenic;Pathogenic;Pathogenic;;;;;False;False;True;False;False;False;True;False;False;True;pathogenic;Likely Pathogenic;False;False;False;False
G;115;W;;;;;;;11.394226;0.910458721;0.301475223;Pathogenic;Pathogenic;Pathogenic;Pathogenic;Pathogenic;Pathogenic;Pathogenic;Pathogenic;Pathogenic;Pathogenic;Pathogenic;;;;;False;False;True;False;False;False;True;False;False;True;pathogenic;Likely Pathogenic;False;False;False;False
G;115;Y;;;;;;;11.462372;0.912580973;0.29652537;Pathogenic;Pathogenic;Pathogenic;Pathogenic;Pathogenic;Pathogenic;Pathogenic;Pathogenic;Pathogenic;Pathogenic;Pathogenic;;;;;False;False;True;False;False;False;True;False;False;True;pathogenic;Likely Pathogenic;False;False;False;False
R;116;A;;;;;;;11.441528;0.911939689;0.29802697;Pathogenic;Pathogenic;Pathogenic;Pathogenic;Pathogenic;Pathogenic;Pathogenic;Pathogenic;Pathogenic;Pathogenic;Pathogenic;;;;;False;False;True;False;False;False;True;False;False;True;pathogenic;Likely Pathogenic;False;False;False;False
R;116;C;;;;uncertain;3.98E-06;3.98E-06;12.440399;0.935217858;0.239927868;Pathogenic;Pathogenic;Pathogenic;Pathogenic;Pathogenic;Pathogenic;Pathogenic;Pathogenic;Pathogenic;Pathogenic;Pathogenic;12.512085;0.9363032;0.237020503;Pathogenic;False;False;True;False;False;False;True;False;False;True;pathogenic;Likely Pathogenic;False;False;False;False
R;116;D;;;;;;;11.504669;0.913861172;0.293512264;Pathogenic;Pathogenic;Pathogenic;Pathogenic;Pathogenic;Pathogenic;Pathogenic;Pathogenic;Pathogenic;Pathogenic;Pathogenic;;;;;False;False;True;False;False;False;True;False;False;True;pathogenic;Likely Pathogenic;False;False;False;False
R;116;E;;;;;;;11.496002;0.913601144;0.294125949;Pathogenic;Pathogenic;Pathogenic;Pathogenic;Pathogenic;Pathogenic;Pathogenic;Pathogenic;Pathogenic;Pathogenic;Pathogenic;;;;;False;False;True;False;False;False;True;False;False;True;pathogenic;Likely Pathogenic;False;False;False;False
R;116;F;;;;;;;11.466339;0.912702242;0.296240835;Pathogenic;Pathogenic;Pathogenic;Pathogenic;Pathogenic;Pathogenic;Pathogenic;Pathogenic;Pathogenic;Pathogenic;Pathogenic;;;;;False;False;True;False;False;False;True;False;False;True;pathogenic;Likely Pathogenic;False;False;False;False
R;116;G;Pathogenic;2;2;pathogenic;7.95E-06;7.95E-06;11.070984;0.89935118;0.326506242;Uncertain;Pathogenic;Pathogenic;Pathogenic;Pathogenic;Pathogenic;Pathogenic;Pathogenic;Pathogenic;Pathogenic;Pathogenic;11.126953;0.901401522;0.321992556;Pathogenic;False;False;True;True;False;False;True;False;False;True;pathogenic;Pathogenic;False;False;False;False
R;116;H;;;;;;;7.3065186;0.495997587;0.693115142;Uncertain;Uncertain;Uncertain;Uncertain;Uncertain;Uncertain;Uncertain;Uncertain;Uncertain;Uncertain;Uncertain;;;;;False;False;True;False;False;False;False;False;False;False;;;False;False;False;False
R;116;I;;;;;;;11.429047;0.911552395;0.298931357;Pathogenic;Pathogenic;Pathogenic;Pathogenic;Pathogenic;Pathogenic;Pathogenic;Pathogenic;Pathogenic;Pathogenic;Pathogenic;;;;;False;False;True;False;False;False;True;False;False;True;pathogenic;Likely Pathogenic;False;False;False;False
R;116;K;;;;;;;6.936035;0.440970777;0.686162003;Uncertain;Uncertain;Uncertain;Uncertain;Uncertain;Uncertain;Uncertain;Uncertain;Uncertain;Uncertain;Uncertain;;;;;False;False;True;False;False;False;False;False;False;False;;;False;False;False;False
R;116;L;;;;;;;7.2808228;0.491822428;0.693013429;Uncertain;Uncertain;Uncertain;Uncertain;Uncertain;Uncertain;Uncertain;Uncertain;Uncertain;Uncertain;Uncertain;;;;;False;False;True;False;False;False;False;False;False;False;;;False;False;False;False
R;116;M;;;;;;;11.417786;0.911200827;0.299750708;Pathogenic;Pathogenic;Pathogenic;Pathogenic;Pathogenic;Pathogenic;Pathogenic;Pathogenic;Pathogenic;Pathogenic;Pathogenic;;;;;False;False;True;False;False;False;True;False;False;True;pathogenic;Likely Pathogenic;False;False;False;False
R;116;N;;;;;;;11.470032;0.91281491;0.295976312;Pathogenic;Pathogenic;Pathogenic;Pathogenic;Pathogenic;Pathogenic;Pathogenic;Pathogenic;Pathogenic;Pathogenic;Pathogenic;;;;;False;False;True;False;False;False;True;False;False;True;pathogenic;Likely Pathogenic;False;False;False;False
R;116;P;;;;;;;11.421448;0.911315377;0.299483911;Pathogenic;Pathogenic;Pathogenic;Pathogenic;Pathogenic;Pathogenic;Pathogenic;Pathogenic;Pathogenic;Pathogenic;Pathogenic;;;;;False;False;True;False;False;False;True;False;False;True;pathogenic;Likely Pathogenic;False;False;False;False
R;116;Q;;;;;;;11.309723;0.907723224;0.307774043;Uncertain;Pathogenic;Pathogenic;Pathogenic;Pathogenic;Pathogenic;Pathogenic;Pathogenic;Pathogenic;Pathogenic;Pathogenic;;;;;False;False;True;False;False;False;True;False;False;True;pathogenic;Likely Pathogenic;False;False;False;False
R;116;R;;;;;;;;;;;;;;;;;;;;;;;;;False;False;True;False;False;False;False;False;False;False;;;False;False;False;False
R;116;S;;;;;;;11.464447;0.912644436;0.296376489;Pathogenic;Pathogenic;Pathogenic;Pathogenic;Pathogenic;Pathogenic;Pathogenic;Pathogenic;Pathogenic;Pathogenic;Pathogenic;;;;;False;False;True;False;False;False;True;False;False;True;pathogenic;Likely Pathogenic;False;False;False;False
R;116;T;;;;;;;11.157074;0.902482382;0.319594134;Uncertain;Pathogenic;Pathogenic;Pathogenic;Pathogenic;Pathogenic;Pathogenic;Pathogenic;Pathogenic;Pathogenic;Pathogenic;;;;;False;False;True;False;False;False;True;False;False;True;pathogenic;Likely Pathogenic;False;False;False;False
R;116;V;;;;;;;12.8107605;0.939913684;0.227204958;Pathogenic;Pathogenic;Pathogenic;Pathogenic;Pathogenic;Pathogenic;Pathogenic;Pathogenic;Pathogenic;Pathogenic;Pathogenic;;;;;False;False;True;False;False;False;True;False;False;True;pathogenic;Likely Pathogenic;False;False;False;False
R;116;W;;;;;;;11.533264;0.914710734;0.29150124;Pathogenic;Pathogenic;Pathogenic;Pathogenic;Pathogenic;Pathogenic;Pathogenic;Pathogenic;Pathogenic;Pathogenic;Pathogenic;;;;;False;False;True;False;False;False;True;False;False;True;pathogenic;Likely Pathogenic;False;False;False;False
R;116;Y;;;;;;;11.459625;0.912496854;0.296722633;Pathogenic;Pathogenic;Pathogenic;Pathogenic;Pathogenic;Pathogenic;Pathogenic;Pathogenic;Pathogenic;Pathogenic;Pathogenic;;;;;False;False;True;False;False;False;True;False;False;True;pathogenic;Likely Pathogenic;False;False;False;False
T;117;A;;;;;;;0.9043274;0.109394432;0.345247375;Uncertain;Benign;Benign;Benign;Benign;Benign;Benign;Benign;Benign;Benign;Benign;;;;;False;False;False;False;False;True;False;False;False;False;;;False;False;False;False
T;117;C;;;;;;;5.2197876;0.294148983;0.605824931;Uncertain;Uncertain;Uncertain;Uncertain;Uncertain;Uncertain;Benign;Benign;Benign;Uncertain;Benign;;;;;False;False;False;False;False;True;False;False;False;False;;;False;False;False;False
T;117;D;;;;;;;8.706329;0.729477652;0.583777687;Uncertain;Uncertain;Uncertain;Uncertain;Uncertain;Pathogenic;Pathogenic;Pathogenic;Pathogenic;Uncertain;Pathogenic;;;;;False;False;False;False;False;False;True;False;False;False;;;False;False;False;False
T;117;E;;;;;;;8.712402;0.73027069;0.58298942;Uncertain;Uncertain;Uncertain;Uncertain;Uncertain;Pathogenic;Pathogenic;Pathogenic;Pathogenic;Uncertain;Pathogenic;;;;;False;False;False;False;False;False;True;False;False;False;;;False;False;False;False
T;117;F;;;;;;;8.720825;0.731365958;0.581895489;Uncertain;Uncertain;Uncertain;Uncertain;Uncertain;Pathogenic;Pathogenic;Pathogenic;Pathogenic;Uncertain;Pathogenic;;;;;False;False;False;False;False;False;True;False;False;False;;;False;False;False;False
T;117;G;;;;;;;3.683197;0.210311467;0.514369049;Uncertain;Uncertain;Uncertain;Uncertain;Benign;Benign;Benign;Benign;Benign;Uncertain;Benign;;;;;False;False;False;False;False;True;False;False;False;False;;;False;False;False;False
T;117;H;;;;;;;8.64444;0.721235143;0.591782985;Uncertain;Uncertain;Uncertain;Uncertain;Uncertain;Pathogenic;Pathogenic;Pathogenic;Pathogenic;Uncertain;Pathogenic;;;;;False;False;False;False;False;False;True;False;False;False;;;False;False;False;False
T;117;I;;;;;;;7.787842;0.580592687;0.680099976;Uncertain;Uncertain;Uncertain;Uncertain;Uncertain;Uncertain;Uncertain;Uncertain;Pathogenic;Uncertain;Uncertain;;;;;False;False;False;False;False;False;False;False;False;False;;;False;False;False;False
T;117;K;;;;;;;8.706604;0.729513624;0.583742001;Uncertain;Uncertain;Uncertain;Uncertain;Uncertain;Pathogenic;Pathogenic;Pathogenic;Pathogenic;Uncertain;Pathogenic;;;;;False;False;False;False;False;False;True;False;False;False;;;False;False;False;False
T;117;L;;;;;;;8.7725525;0.737974673;0.575164704;Uncertain;Uncertain;Uncertain;Uncertain;Uncertain;Pathogenic;Pathogenic;Pathogenic;Pathogenic;Uncertain;Pathogenic;;;;;False;False;False;False;False;False;True;False;False;False;;;False;False;False;False
T;117;M;;;;;;;6.097687;0.354834204;0.650387947;Uncertain;Uncertain;Uncertain;Uncertain;Uncertain;Uncertain;Uncertain;Benign;Benign;Uncertain;Benign;;;;;False;False;False;False;False;True;False;False;False;False;;;False;False;False;False
T;117;N;;;;;;;8.842346;0.746575489;0.566066177;Uncertain;Uncertain;Uncertain;Uncertain;Uncertain;Pathogenic;Pathogenic;Pathogenic;Pathogenic;Uncertain;Pathogenic;;;;;False;False;False;False;False;False;True;False;False;False;;;False;False;False;False
T;117;P;;;;;;;7.2397156;0.485246262;0.692711772;Uncertain;Uncertain;Uncertain;Uncertain;Uncertain;Uncertain;Uncertain;Uncertain;Uncertain;Uncertain;Uncertain;;;;;False;False;False;False;False;False;False;False;False;False;;;False;False;False;False
T;117;Q;;;;;;;8.755829;0.735860102;0.577342733;Uncertain;Uncertain;Uncertain;Uncertain;Uncertain;Pathogenic;Pathogenic;Pathogenic;Pathogenic;Uncertain;Pathogenic;;;;;False;False;False;False;False;False;True;False;False;False;;;False;False;False;False
T;117;R;;;;;;;7.8888245;0.598933823;0.673441597;Uncertain;Uncertain;Uncertain;Uncertain;Uncertain;Uncertain;Uncertain;Uncertain;Pathogenic;Uncertain;Uncertain;;;;;False;False;False;False;False;False;False;False;False;False;;;False;False;False;False
T;117;S;;;;;;;0.616272;0.102210437;0.329912831;Uncertain;Benign;Benign;Benign;Benign;Benign;Benign;Benign;Benign;Benign;Benign;;;;;False;False;False;False;False;True;False;False;False;False;;;False;False;False;False
T;117;T;;;;;;;;;;;;;;;;;;;;;;;;;False;False;False;False;False;False;False;False;False;False;;;False;False;False;False
T;117;V;;;;;;;7.4231567;0.515522568;0.692665203;Uncertain;Uncertain;Uncertain;Uncertain;Uncertain;Uncertain;Uncertain;Uncertain;Uncertain;Uncertain;Uncertain;;;;;False;False;False;False;False;False;False;False;False;False;;;False;False;False;False
T;117;W;;;;;;;8.688934;0.727190584;0.58603317;Uncertain;Uncertain;Uncertain;Uncertain;Uncertain;Pathogenic;Pathogenic;Pathogenic;Pathogenic;Uncertain;Pathogenic;;;;;False;False;False;False;False;False;True;False;False;False;;;False;False;False;False
T;117;Y;;;;;;;8.718842;0.731108588;0.582153093;Uncertain;Uncertain;Uncertain;Uncertain;Uncertain;Pathogenic;Pathogenic;Pathogenic;Pathogenic;Uncertain;Pathogenic;;;;;False;False;False;False;False;False;True;False;False;False;;;False;False;False;False
L;118;A;;;;;;;3.927826;0.222278297;0.529776438;Uncertain;Uncertain;Uncertain;Uncertain;Benign;Benign;Benign;Benign;Benign;Uncertain;Benign;;;;;False;False;False;False;False;True;False;False;False;False;;;False;False;False;False
L;118;C;;;;;;;4.4292603;0.248417698;0.560590122;Uncertain;Uncertain;Uncertain;Uncertain;Uncertain;Benign;Benign;Benign;Benign;Uncertain;Benign;;;;;False;False;False;False;False;True;False;False;False;False;;;False;False;False;False
L;118;D;;;;;;;7.796692;0.582203432;0.679570821;Uncertain;Uncertain;Uncertain;Uncertain;Uncertain;Uncertain;Uncertain;Uncertain;Pathogenic;Uncertain;Uncertain;;;;;False;False;False;False;False;False;False;False;False;False;;;False;False;False;False
L;118;E;;;;;;;7.840851;0.590234252;0.676773174;Uncertain;Uncertain;Uncertain;Uncertain;Uncertain;Uncertain;Uncertain;Uncertain;Pathogenic;Uncertain;Uncertain;;;;;False;False;False;False;False;False;False;False;False;False;;;False;False;False;False
L;118;F;;;;;;;2.2679749;0.151198179;0.424781833;Uncertain;Uncertain;Benign;Benign;Benign;Benign;Benign;Benign;Benign;Uncertain;Benign;;;;;False;False;False;False;False;True;False;False;False;False;;;False;False;False;False
L;118;G;;;;;;;7.8755493;0.596530125;0.674393521;Uncertain;Uncertain;Uncertain;Uncertain;Uncertain;Uncertain;Uncertain;Uncertain;Pathogenic;Uncertain;Uncertain;;;;;False;False;False;False;False;False;False;False;False;False;;;False;False;False;False
L;118;H;;;;;;;7.7977905;0.582403349;0.679504401;Uncertain;Uncertain;Uncertain;Uncertain;Uncertain;Uncertain;Uncertain;Uncertain;Pathogenic;Uncertain;Uncertain;;;;;False;False;False;False;False;False;False;False;False;False;;;False;False;False;False
L;118;I;;;;;;;0.47711182;0.098923144;0.322710415;Uncertain;Benign;Benign;Benign;Benign;Benign;Benign;Benign;Benign;Benign;Benign;;;;;False;False;False;False;False;True;False;False;False;False;;;False;False;False;False
L;118;K;;;;;;;7.751892;0.574049468;0.682140088;Uncertain;Uncertain;Uncertain;Uncertain;Uncertain;Uncertain;Uncertain;Uncertain;Pathogenic;Uncertain;Uncertain;;;;;False;False;False;False;False;False;False;False;False;False;;;False;False;False;False
L;118;L;;;;;;;;;;;;;;;;;;;;;;;;;False;False;False;False;False;False;False;False;False;False;;;False;False;False;False
L;118;M;;;;;;;0.79577637;0.106625796;0.339402073;Uncertain;Benign;Benign;Benign;Benign;Benign;Benign;Benign;Benign;Benign;Benign;;;;;False;False;False;False;False;True;False;False;False;False;;;False;False;False;False
L;118;N;;;;;;;7.7850647;0.580087169;0.680263849;Uncertain;Uncertain;Uncertain;Uncertain;Uncertain;Uncertain;Uncertain;Uncertain;Pathogenic;Uncertain;Uncertain;;;;;False;False;False;False;False;False;False;False;False;False;;;False;False;False;False
L;118;P;;;;;;;7.7612;0.575743365;0.681628773;Uncertain;Uncertain;Uncertain;Uncertain;Uncertain;Uncertain;Uncertain;Uncertain;Pathogenic;Uncertain;Uncertain;;;;;False;False;False;False;False;False;False;False;False;False;;;False;False;False;False
L;118;Q;;;;;;;7.832245;0.58867038;0.677338829;Uncertain;Uncertain;Uncertain;Uncertain;Uncertain;Uncertain;Uncertain;Uncertain;Pathogenic;Uncertain;Uncertain;;;;;False;False;False;False;False;False;False;False;False;False;;;False;False;False;False
L;118;R;;;;;;;7.8292236;0.588121161;0.677535086;Uncertain;Uncertain;Uncertain;Uncertain;Uncertain;Uncertain;Uncertain;Uncertain;Pathogenic;Uncertain;Uncertain;;;;;False;False;False;False;False;False;False;False;False;False;;;False;False;False;False
L;118;S;;;;;;;7.830963;0.588437353;0.677422251;Uncertain;Uncertain;Uncertain;Uncertain;Uncertain;Uncertain;Uncertain;Uncertain;Pathogenic;Uncertain;Uncertain;;;;;False;False;False;False;False;False;False;False;False;False;;;False;False;False;False
L;118;T;;;;;;;7.731903;0.570413358;0.683198059;Uncertain;Uncertain;Uncertain;Uncertain;Uncertain;Uncertain;Uncertain;Uncertain;Pathogenic;Uncertain;Uncertain;;;;;False;False;False;False;False;False;False;False;False;False;;;False;False;False;False
L;118;V;Conflicting interpretations of pathogenicity;1;2;uncertain;;;-0.38485718;0.080986431;0.281171993;Benign;Benign;Benign;Benign;Benign;Benign;Benign;Benign;Benign;Benign;Benign;-0.38778687;0.080932062;0.281039909;Benign;False;False;False;False;False;True;False;False;False;False;uncertain;Conflicting interpretations of pathogenicity;False;False;False;False
L;118;W;;;;;;;7.901428;0.601212763;0.672516869;Uncertain;Uncertain;Uncertain;Uncertain;Uncertain;Uncertain;Uncertain;Uncertain;Pathogenic;Uncertain;Uncertain;;;;;False;False;False;False;False;False;False;False;False;False;;;False;False;False;False
L;118;Y;;;;;;;7.758148;0.575187917;0.681797733;Uncertain;Uncertain;Uncertain;Uncertain;Uncertain;Uncertain;Uncertain;Uncertain;Pathogenic;Uncertain;Uncertain;;;;;False;False;False;False;False;False;False;False;False;False;;;False;False;False;False
V;119;A;;;;;;;6.3015747;0.371995277;0.660009068;Uncertain;Uncertain;Uncertain;Uncertain;Uncertain;Uncertain;Uncertain;Benign;Benign;Uncertain;Uncertain;;;;;False;False;False;False;False;False;False;False;False;False;;;False;False;False;False
V;119;C;;;;;;;10.16983;0.857657234;0.409193597;Uncertain;Uncertain;Pathogenic;Pathogenic;Pathogenic;Pathogenic;Pathogenic;Pathogenic;Pathogenic;Uncertain;Pathogenic;;;;;False;False;False;False;False;False;True;False;False;False;;;False;False;False;False
V;119;D;;;;;;;8.602356;0.715462023;0.597188355;Uncertain;Uncertain;Uncertain;Uncertain;Uncertain;Pathogenic;Pathogenic;Pathogenic;Pathogenic;Uncertain;Pathogenic;;;;;False;False;False;False;False;False;True;False;False;False;;;False;False;False;False
V;119;E;;;;;;;9.381226;0.802033496;0.497570444;Uncertain;Uncertain;Uncertain;Uncertain;Pathogenic;Pathogenic;Pathogenic;Pathogenic;Pathogenic;Uncertain;Pathogenic;;;;;False;False;False;False;False;False;True;False;False;False;;;False;False;False;False
V;119;F;;;;;;;10.447601;0.872453254;0.38169642;Uncertain;Uncertain;Pathogenic;Pathogenic;Pathogenic;Pathogenic;Pathogenic;Pathogenic;Pathogenic;Pathogenic;Pathogenic;;;;;False;False;False;False;False;False;True;False;False;False;;;False;False;False;False
V;119;G;;;;;;;8.241394;0.660440335;0.640742974;Uncertain;Uncertain;Uncertain;Uncertain;Uncertain;Uncertain;Uncertain;Pathogenic;Pathogenic;Uncertain;Pathogenic;;;;;False;False;False;False;False;False;True;False;False;False;;;False;False;False;False
V;119;H;;;;;;;10.469391;0.873532509;0.379615955;Uncertain;Uncertain;Pathogenic;Pathogenic;Pathogenic;Pathogenic;Pathogenic;Pathogenic;Pathogenic;Pathogenic;Pathogenic;;;;;False;False;False;False;False;False;True;False;False;False;;;False;False;False;False
V;119;I;;;;;;;4.128235;0.232466619;0.542239651;Uncertain;Uncertain;Uncertain;Uncertain;Benign;Benign;Benign;Benign;Benign;Uncertain;Benign;;;;;False;False;False;False;False;True;False;False;False;False;;;False;False;False;False
V;119;K;;;;;;;9.425446;0.80583696;0.492203421;Uncertain;Uncertain;Uncertain;Pathogenic;Pathogenic;Pathogenic;Pathogenic;Pathogenic;Pathogenic;Uncertain;Pathogenic;;;;;False;False;False;False;False;False;True;False;False;False;;;False;False;False;False
V;119;L;Uncertain significance;1;1;uncertain;3.98E-06;3.98E-06;7.1216125;0.467101159;0.690980948;Uncertain;Uncertain;Uncertain;Uncertain;Uncertain;Uncertain;Uncertain;Uncertain;Uncertain;Uncertain;Uncertain;7.133789;0.468918723;0.691213843;Uncertain;False;False;False;False;False;False;False;False;False;False;uncertain;Uncertain significance;False;False;False;False
V;119;M;;;;;;;5.841156;0.335364922;0.637913081;Uncertain;Uncertain;Uncertain;Uncertain;Uncertain;Uncertain;Uncertain;Benign;Benign;Uncertain;Benign;;;;;False;False;False;False;False;True;False;False;False;False;;;False;False;False;False
V;119;N;;;;;;;9.50415;0.812369424;0.482768978;Uncertain;Uncertain;Uncertain;Pathogenic;Pathogenic;Pathogenic;Pathogenic;Pathogenic;Pathogenic;Uncertain;Pathogenic;;;;;False;False;False;False;False;False;True;False;False;False;;;False;False;False;False
V;119;P;;;;;;;10.409851;0.870556809;0.385326863;Uncertain;Uncertain;Pathogenic;Pathogenic;Pathogenic;Pathogenic;Pathogenic;Pathogenic;Pathogenic;Pathogenic;Pathogenic;;;;;False;False;False;False;False;False;True;False;False;False;;;False;False;False;False
V;119;Q;;;;;;;9.152679;0.78070248;0.526017417;Uncertain;Uncertain;Uncertain;Uncertain;Pathogenic;Pathogenic;Pathogenic;Pathogenic;Pathogenic;Uncertain;Pathogenic;;;;;False;False;False;False;False;False;True;False;False;False;;;False;False;False;False
V;119;R;;;;;;;10.353088;0.867640019;0.390848435;Uncertain;Uncertain;Pathogenic;Pathogenic;Pathogenic;Pathogenic;Pathogenic;Pathogenic;Pathogenic;Pathogenic;Pathogenic;;;;;False;False;False;False;False;False;True;False;False;False;;;False;False;False;False
V;119;S;;;;;;;8.464203;0.695549539;0.614588142;Uncertain;Uncertain;Uncertain;Uncertain;Uncertain;Uncertain;Pathogenic;Pathogenic;Pathogenic;Uncertain;Pathogenic;;;;;False;False;False;False;False;False;True;False;False;False;;;False;False;False;False
V;119;T;;;;;;;9.579376;0.818343839;0.473895533;Uncertain;Uncertain;Uncertain;Pathogenic;Pathogenic;Pathogenic;Pathogenic;Pathogenic;Pathogenic;Uncertain;Pathogenic;;;;;False;False;False;False;False;False;True;False;False;False;;;False;False;False;False
V;119;V;;;;;;;;;;;;;;;;;;;;;;;;;False;False;False;False;False;False;False;False;False;False;;;False;False;False;False
V;119;W;;;;;;;10.41272;0.870702141;0.385049783;Uncertain;Uncertain;Pathogenic;Pathogenic;Pathogenic;Pathogenic;Pathogenic;Pathogenic;Pathogenic;Pathogenic;Pathogenic;;;;;False;False;False;False;False;False;True;False;False;False;;;False;False;False;False
V;119;Y;;;;;;;10.380829;0.869075415;0.388140533;Uncertain;Uncertain;Pathogenic;Pathogenic;Pathogenic;Pathogenic;Pathogenic;Pathogenic;Pathogenic;Pathogenic;Pathogenic;;;;;False;False;False;False;False;False;True;False;False;False;;;False;False;False;False
V;120;A;;;;;;;10.297882;0.864725829;0.396291098;Uncertain;Uncertain;Pathogenic;Pathogenic;Pathogenic;Pathogenic;Pathogenic;Pathogenic;Pathogenic;Pathogenic;Pathogenic;;;;;False;False;False;False;False;False;True;False;False;False;;;False;False;False;False
V;120;C;;;;;;;8.447479;0.693039877;0.61664676;Uncertain;Uncertain;Uncertain;Uncertain;Uncertain;Uncertain;Pathogenic;Pathogenic;Pathogenic;Uncertain;Pathogenic;;;;;False;False;False;False;False;False;True;False;False;False;;;False;False;False;False
V;120;D;;;;;;;10.37619;0.868836709;0.388592107;Uncertain;Uncertain;Pathogenic;Pathogenic;Pathogenic;Pathogenic;Pathogenic;Pathogenic;Pathogenic;Pathogenic;Pathogenic;;;;;False;False;False;False;False;False;True;False;False;False;;;False;False;False;False
V;120;E;;;;;;;10.296173;0.864634369;0.396460732;Uncertain;Uncertain;Pathogenic;Pathogenic;Pathogenic;Pathogenic;Pathogenic;Pathogenic;Pathogenic;Pathogenic;Pathogenic;;;;;False;False;False;False;False;False;True;False;False;False;;;False;False;False;False
V;120;F;;;;;;;10.293701;0.86450194;0.396706222;Uncertain;Uncertain;Pathogenic;Pathogenic;Pathogenic;Pathogenic;Pathogenic;Pathogenic;Pathogenic;Pathogenic;Pathogenic;;;;;False;False;False;False;False;False;True;False;False;False;;;False;False;False;False
V;120;G;;;;;;;10.3758545;0.868819425;0.388624785;Uncertain;Uncertain;Pathogenic;Pathogenic;Pathogenic;Pathogenic;Pathogenic;Pathogenic;Pathogenic;Pathogenic;Pathogenic;;;;;False;False;False;False;False;False;True;False;False;False;;;False;False;False;False
V;120;H;;;;;;;10.371277;0.868583324;0.389070903;Uncertain;Uncertain;Pathogenic;Pathogenic;Pathogenic;Pathogenic;Pathogenic;Pathogenic;Pathogenic;Pathogenic;Pathogenic;;;;;False;False;False;False;False;False;True;False;False;False;;;False;False;False;False
V;120;I;;;;;;;1.9663696;0.140756116;0.406333684;Uncertain;Uncertain;Benign;Benign;Benign;Benign;Benign;Benign;Benign;Benign;Benign;;;;;False;False;False;False;False;True;False;False;False;False;;;False;False;False;False
V;120;K;;;;;;;10.41571;0.87085339;0.384761222;Uncertain;Uncertain;Pathogenic;Pathogenic;Pathogenic;Pathogenic;Pathogenic;Pathogenic;Pathogenic;Pathogenic;Pathogenic;;;;;False;False;False;False;False;False;True;False;False;False;;;False;False;False;False
V;120;L;;;;uncertain;7.96E-06;7.96E-06;4.1619263;0.234213285;0.544317396;Uncertain;Uncertain;Uncertain;Uncertain;Benign;Benign;Benign;Benign;Benign;Uncertain;Benign;4.206238;0.236525367;0.547041584;Benign;False;False;False;False;False;True;False;False;False;False;uncertain;uncertain;False;False;False;False
V;120;M;;;;;;;9.161499;0.781581217;0.52489937;Uncertain;Uncertain;Uncertain;Uncertain;Pathogenic;Pathogenic;Pathogenic;Pathogenic;Pathogenic;Uncertain;Pathogenic;;;;;False;False;False;False;False;False;True;False;False;False;;;False;False;False;False
V;120;N;;;;;;;10.401855;0.870150713;0.386100107;Uncertain;Uncertain;Pathogenic;Pathogenic;Pathogenic;Pathogenic;Pathogenic;Pathogenic;Pathogenic;Pathogenic;Pathogenic;;;;;False;False;False;False;False;False;True;False;False;False;;;False;False;False;False
V;120;P;;;;;;;10.402588;0.870188004;0.386029161;Uncertain;Uncertain;Pathogenic;Pathogenic;Pathogenic;Pathogenic;Pathogenic;Pathogenic;Pathogenic;Pathogenic;Pathogenic;;;;;False;False;False;False;False;False;True;False;False;False;;;False;False;False;False
V;120;Q;;;;;;;10.357788;0.867884558;0.390388381;Uncertain;Uncertain;Pathogenic;Pathogenic;Pathogenic;Pathogenic;Pathogenic;Pathogenic;Pathogenic;Pathogenic;Pathogenic;;;;;False;False;False;False;False;False;True;False;False;False;;;False;False;False;False
V;120;R;;;;;;;10.37027;0.868531315;0.38916911;Uncertain;Uncertain;Pathogenic;Pathogenic;Pathogenic;Pathogenic;Pathogenic;Pathogenic;Pathogenic;Pathogenic;Pathogenic;;;;;False;False;False;False;False;False;True;False;False;False;;;False;False;False;False
V;120;S;;;;;;;10.358551;0.867924204;0.390313745;Uncertain;Uncertain;Pathogenic;Pathogenic;Pathogenic;Pathogenic;Pathogenic;Pathogenic;Pathogenic;Pathogenic;Pathogenic;;;;;False;False;False;False;False;False;True;False;False;False;;;False;False;False;False
V;120;T;;;;;;;9.067505;0.771969544;0.536885545;Uncertain;Uncertain;Uncertain;Uncertain;Pathogenic;Pathogenic;Pathogenic;Pathogenic;Pathogenic;Uncertain;Pathogenic;;;;;False;False;False;False;False;False;True;False;False;False;;;False;False;False;False
V;120;V;;;;;;;;;;;;;;;;;;;;;;;;;False;False;False;False;False;False;False;False;False;False;;;False;False;False;False
V;120;W;;;;;;;10.326324;0.866236909;0.39347809;Uncertain;Uncertain;Pathogenic;Pathogenic;Pathogenic;Pathogenic;Pathogenic;Pathogenic;Pathogenic;Pathogenic;Pathogenic;;;;;False;False;False;False;False;False;True;False;False;False;;;False;False;False;False
V;120;Y;;;;;;;10.311279;0.865440181;0.394963713;Uncertain;Uncertain;Pathogenic;Pathogenic;Pathogenic;Pathogenic;Pathogenic;Pathogenic;Pathogenic;Pathogenic;Pathogenic;;;;;False;False;False;False;False;False;True;False;False;False;;;False;False;False;False
H;121;A;;;;;;;8.851074;0.747625937;0.564928321;Uncertain;Uncertain;Uncertain;Uncertain;Uncertain;Pathogenic;Pathogenic;Pathogenic;Pathogenic;Uncertain;Pathogenic;;;;;False;False;False;False;False;False;True;False;False;False;;;False;False;False;False
H;121;C;;;;;;;9.30307;0.795064212;0.507169211;Uncertain;Uncertain;Uncertain;Uncertain;Pathogenic;Pathogenic;Pathogenic;Pathogenic;Pathogenic;Uncertain;Pathogenic;;;;;False;False;False;False;False;False;True;False;False;False;;;False;False;False;False
H;121;D;;;;;;;8.225586;0.657819373;0.642471291;Uncertain;Uncertain;Uncertain;Uncertain;Uncertain;Uncertain;Uncertain;Pathogenic;Pathogenic;Uncertain;Pathogenic;;;;;False;False;False;False;False;False;True;False;False;False;;;False;False;False;False
H;121;E;;;;;;;10.110931;0.854253099;0.41526016;Uncertain;Uncertain;Pathogenic;Pathogenic;Pathogenic;Pathogenic;Pathogenic;Pathogenic;Pathogenic;Uncertain;Pathogenic;;;;;False;False;False;False;False;False;True;False;False;False;;;False;False;False;False
H;121;F;;;;;;;10.008301;0.848075769;0.426032392;Uncertain;Uncertain;Pathogenic;Pathogenic;Pathogenic;Pathogenic;Pathogenic;Pathogenic;Pathogenic;Uncertain;Pathogenic;;;;;False;False;False;False;False;False;True;False;False;False;;;False;False;False;False
H;121;G;;;;;;;10.8645935;0.891301868;0.343784782;Uncertain;Pathogenic;Pathogenic;Pathogenic;Pathogenic;Pathogenic;Pathogenic;Pathogenic;Pathogenic;Pathogenic;Pathogenic;;;;;False;False;False;False;False;False;True;False;False;False;;;False;False;False;False
H;121;H;;;;;;;;;;;;;;;;;;;;;;;;;False;False;False;False;False;False;False;False;False;False;;;False;False;False;False
H;121;I;;;;;;;11.03125;0.897861987;0.329755432;Uncertain;Pathogenic;Pathogenic;Pathogenic;Pathogenic;Pathogenic;Pathogenic;Pathogenic;Pathogenic;Pathogenic;Pathogenic;;;;;False;False;False;False;False;False;True;False;False;False;;;False;False;False;False
H;121;K;;;;;;;8.905121;0.754008698;0.557888134;Uncertain;Uncertain;Uncertain;Uncertain;Uncertain;Pathogenic;Pathogenic;Pathogenic;Pathogenic;Uncertain;Pathogenic;;;;;False;False;False;False;False;False;True;False;False;False;;;False;False;False;False
H;121;L;;;;;;;10.979889;0.895894948;0.33401019;Uncertain;Pathogenic;Pathogenic;Pathogenic;Pathogenic;Pathogenic;Pathogenic;Pathogenic;Pathogenic;Pathogenic;Pathogenic;;;;;False;False;False;False;False;False;True;False;False;False;;;False;False;False;False
H;121;M;;;;;;;10.157196;0.856935407;0.410487843;Uncertain;Uncertain;Pathogenic;Pathogenic;Pathogenic;Pathogenic;Pathogenic;Pathogenic;Pathogenic;Uncertain;Pathogenic;;;;;False;False;False;False;False;False;True;False;False;False;;;False;False;False;False
H;121;N;;;;;;;9.369232;0.800984756;0.499034227;Uncertain;Uncertain;Uncertain;Uncertain;Pathogenic;Pathogenic;Pathogenic;Pathogenic;Pathogenic;Uncertain;Pathogenic;;;;;False;False;False;False;False;False;True;False;False;False;;;False;False;False;False
H;121;P;;;;;;;10.9800415;0.89590086;0.333997466;Uncertain;Pathogenic;Pathogenic;Pathogenic;Pathogenic;Pathogenic;Pathogenic;Pathogenic;Pathogenic;Pathogenic;Pathogenic;;;;;False;False;False;False;False;False;True;False;False;False;;;False;False;False;False
H;121;Q;;;;;;;9.947754;0.844277128;0.43250887;Uncertain;Uncertain;Pathogenic;Pathogenic;Pathogenic;Pathogenic;Pathogenic;Pathogenic;Pathogenic;Uncertain;Pathogenic;;;;;False;False;False;False;False;False;True;False;False;False;;;False;False;False;False
H;121;R;;;;uncertain;7.96E-06;7.96E-06;9.5954895;0.819590834;0.472013357;Uncertain;Uncertain;Uncertain;Pathogenic;Pathogenic;Pathogenic;Pathogenic;Pathogenic;Pathogenic;Uncertain;Pathogenic;9.531006;0.814531699;0.479584824;Pathogenic;False;False;False;False;False;False;True;False;False;False;uncertain;uncertain;False;False;False;False
H;121;S;;;;;;;7.172882;0.474837854;0.691880378;Uncertain;Uncertain;Uncertain;Uncertain;Uncertain;Uncertain;Uncertain;Uncertain;Uncertain;Uncertain;Uncertain;;;;;False;False;False;False;False;False;False;False;False;False;;;False;False;False;False
H;121;T;;;;;;;6.2906494;0.371028972;0.659501046;Uncertain;Uncertain;Uncertain;Uncertain;Uncertain;Uncertain;Uncertain;Benign;Benign;Uncertain;Uncertain;;;;;False;False;False;False;False;False;False;False;False;False;;;False;False;False;False
H;121;V;;;;;;;11.007507;0.896958614;0.331714647;Uncertain;Pathogenic;Pathogenic;Pathogenic;Pathogenic;Pathogenic;Pathogenic;Pathogenic;Pathogenic;Pathogenic;Pathogenic;;;;;False;False;False;False;False;False;True;False;False;False;;;False;False;False;False
H;121;W;;;;;;;11.023376;0.897563524;0.330403714;Uncertain;Pathogenic;Pathogenic;Pathogenic;Pathogenic;Pathogenic;Pathogenic;Pathogenic;Pathogenic;Pathogenic;Pathogenic;;;;;False;False;False;False;False;False;True;False;False;False;;;False;False;False;False
H;121;Y;;;;;;;8.773102;0.738043798;0.575093114;Uncertain;Uncertain;Uncertain;Uncertain;Uncertain;Pathogenic;Pathogenic;Pathogenic;Pathogenic;Uncertain;Pathogenic;;;;;False;False;False;False;False;False;True;False;False;False;;;False;False;False;False
E;122;A;;;;;;;-1.0651245;0.06942145;0.252139841;Benign;Benign;Benign;Benign;Benign;Benign;Benign;Benign;Benign;Benign;Benign;;;;;False;False;False;False;False;True;False;False;False;False;;;False;False;False;False
E;122;C;;;;;;;6.673889;0.408995994;0.676491039;Uncertain;Uncertain;Uncertain;Uncertain;Uncertain;Uncertain;Uncertain;Uncertain;Benign;Uncertain;Uncertain;;;;;False;False;False;False;False;False;False;False;False;False;;;False;False;False;False
E;122;D;;;;;;;3.0333862;0.1810437;0.472972415;Uncertain;Uncertain;Uncertain;Benign;Benign;Benign;Benign;Benign;Benign;Uncertain;Benign;;;;;False;False;False;False;False;True;False;False;False;False;;;False;False;False;False
E;122;E;;;;;;;;;;;;;;;;;;;;;;;;;False;False;False;False;False;False;False;False;False;False;;;False;False;False;False
E;122;F;;;;;;;7.505005;0.529711987;0.691380536;Uncertain;Uncertain;Uncertain;Uncertain;Uncertain;Uncertain;Uncertain;Uncertain;Uncertain;Uncertain;Uncertain;;;;;False;False;False;False;False;False;False;False;False;False;;;False;False;False;False
E;122;G;;;;;;;3.1670532;0.186765321;0.481498504;Uncertain;Uncertain;Uncertain;Benign;Benign;Benign;Benign;Benign;Benign;Uncertain;Benign;;;;;False;False;False;False;False;True;False;False;False;False;;;False;False;False;False
E;122;H;;;;;;;6.086975;0.353978869;0.649874981;Uncertain;Uncertain;Uncertain;Uncertain;Uncertain;Uncertain;Uncertain;Benign;Benign;Uncertain;Benign;;;;;False;False;False;False;False;True;False;False;False;False;;;False;False;False;False
E;122;I;;;;;;;5.508789;0.312533788;0.621113013;Uncertain;Uncertain;Uncertain;Uncertain;Uncertain;Uncertain;Benign;Benign;Benign;Uncertain;Benign;;;;;False;False;False;False;False;True;False;False;False;False;;;False;False;False;False
E;122;K;;;;;;;3.7113647;0.211662996;0.516151697;Uncertain;Uncertain;Uncertain;Uncertain;Benign;Benign;Benign;Benign;Benign;Uncertain;Benign;;;;;False;False;False;False;False;True;False;False;False;False;;;False;False;False;False
E;122;L;;;;;;;5.080475;0.285650652;0.598211272;Uncertain;Uncertain;Uncertain;Uncertain;Uncertain;Benign;Benign;Benign;Benign;Uncertain;Benign;;;;;False;False;False;False;False;True;False;False;False;False;;;False;False;False;False
E;122;M;;;;;;;5.6464844;0.321731658;0.628167849;Uncertain;Uncertain;Uncertain;Uncertain;Uncertain;Uncertain;Benign;Benign;Benign;Uncertain;Benign;;;;;False;False;False;False;False;True;False;False;False;False;;;False;False;False;False
E;122;N;;;;;;;5.036804;0.28302919;0.595791563;Uncertain;Uncertain;Uncertain;Uncertain;Uncertain;Benign;Benign;Benign;Benign;Uncertain;Benign;;;;;False;False;False;False;False;True;False;False;False;False;;;False;False;False;False
E;122;P;;;;;;;7.4398193;0.518381772;0.692471249;Uncertain;Uncertain;Uncertain;Uncertain;Uncertain;Uncertain;Uncertain;Uncertain;Uncertain;Uncertain;Uncertain;;;;;False;False;False;False;False;False;False;False;False;False;;;False;False;False;False
E;122;Q;;;;;;;3.4776306;0.200656557;0.501311258;Uncertain;Uncertain;Uncertain;Uncertain;Benign;Benign;Benign;Benign;Benign;Uncertain;Benign;;;;;False;False;False;False;False;True;False;False;False;False;;;False;False;False;False
E;122;R;;;;;;;4.9793396;0.279609106;0.592583754;Uncertain;Uncertain;Uncertain;Uncertain;Uncertain;Benign;Benign;Benign;Benign;Uncertain;Benign;;;;;False;False;False;False;False;True;False;False;False;False;;;False;False;False;False
E;122;S;;;;;;;1.8930359;0.138325031;0.401911241;Uncertain;Uncertain;Benign;Benign;Benign;Benign;Benign;Benign;Benign;Benign;Benign;;;;;False;False;False;False;False;True;False;False;False;False;;;False;False;False;False
E;122;T;;;;;;;3.3050537;0.19283442;0.4903069;Uncertain;Uncertain;Uncertain;Benign;Benign;Benign;Benign;Benign;Benign;Uncertain;Benign;;;;;False;False;False;False;False;True;False;False;False;False;;;False;False;False;False
E;122;V;;;;;;;2.793518;0.171160526;0.457721611;Uncertain;Uncertain;Uncertain;Benign;Benign;Benign;Benign;Benign;Benign;Uncertain;Benign;;;;;False;False;False;False;False;True;False;False;False;False;;;False;False;False;False
E;122;W;;;;;;;7.4067383;0.512721234;0.692823486;Uncertain;Uncertain;Uncertain;Uncertain;Uncertain;Uncertain;Uncertain;Uncertain;Uncertain;Uncertain;Uncertain;;;;;False;False;False;False;False;False;False;False;False;False;;;False;False;False;False
E;122;Y;;;;;;;6.5302734;0.393695859;0.670372614;Uncertain;Uncertain;Uncertain;Uncertain;Uncertain;Uncertain;Uncertain;Uncertain;Benign;Uncertain;Uncertain;;;;;False;False;False;False;False;False;False;False;False;False;;;False;False;False;False
K;123;A;;;;;;;3.411255;0.197617447;0.497081711;Uncertain;Uncertain;Uncertain;Uncertain;Benign;Benign;Benign;Benign;Benign;Uncertain;Benign;;;;;False;False;False;False;False;True;False;False;False;False;;;False;False;False;False
K;123;C;;;;;;;6.6676636;0.408302449;0.676234738;Uncertain;Uncertain;Uncertain;Uncertain;Uncertain;Uncertain;Uncertain;Uncertain;Benign;Uncertain;Uncertain;;;;;False;False;False;False;False;False;False;False;False;False;;;False;False;False;False
K;123;D;;;;;;;-1.5671692;0.062124006;0.232772239;Benign;Benign;Benign;Benign;Benign;Benign;Benign;Benign;Benign;Benign;Benign;;;;;False;False;False;False;False;True;False;False;False;False;;;False;False;False;False
K;123;E;;;;;;;3.0795288;0.183001431;0.475914314;Uncertain;Uncertain;Uncertain;Benign;Benign;Benign;Benign;Benign;Benign;Uncertain;Benign;;;;;False;False;False;False;False;True;False;False;False;False;;;False;False;False;False
K;123;F;;;;;;;4.8638306;0.272831569;0.586054888;Uncertain;Uncertain;Uncertain;Uncertain;Uncertain;Benign;Benign;Benign;Benign;Uncertain;Benign;;;;;False;False;False;False;False;True;False;False;False;False;;;False;False;False;False
K;123;G;;;;;;;-0.66690063;0.075939186;0.268737652;Benign;Benign;Benign;Benign;Benign;Benign;Benign;Benign;Benign;Benign;Benign;;;;;False;False;False;False;False;True;False;False;False;False;;;False;False;False;False
K;123;H;;;;;;;4.1228333;0.232187484;0.541906023;Uncertain;Uncertain;Uncertain;Uncertain;Benign;Benign;Benign;Benign;Benign;Uncertain;Benign;;;;;False;False;False;False;False;True;False;False;False;False;;;False;False;False;False
K;123;I;;;;;;;6.3005676;0.37190596;0.659962278;Uncertain;Uncertain;Uncertain;Uncertain;Uncertain;Uncertain;Uncertain;Benign;Benign;Uncertain;Uncertain;;;;;False;False;False;False;False;False;False;False;False;False;;;False;False;False;False
K;123;K;;;;;;;;;;;;;;;;;;;;;;;;;False;False;False;False;False;False;False;False;False;False;;;False;False;False;False
K;123;L;;;;;;;1.5856323;0.128578839;0.383676181;Uncertain;Uncertain;Benign;Benign;Benign;Benign;Benign;Benign;Benign;Benign;Benign;;;;;False;False;False;False;False;True;False;False;False;False;;;False;False;False;False
K;123;M;;;;;;;2.588501;0.163100131;0.444775035;Uncertain;Uncertain;Uncertain;Benign;Benign;Benign;Benign;Benign;Benign;Uncertain;Benign;;;;;False;False;False;False;False;True;False;False;False;False;;;False;False;False;False
K;123;N;;;;;;;1.0442505;0.113075999;0.352898519;Uncertain;Benign;Benign;Benign;Benign;Benign;Benign;Benign;Benign;Benign;Benign;;;;;False;False;False;False;False;True;False;False;False;False;;;False;False;False;False
K;123;P;;;;;;;6.677826;0.40943608;0.676652642;Uncertain;Uncertain;Uncertain;Uncertain;Uncertain;Uncertain;Uncertain;Uncertain;Benign;Uncertain;Uncertain;;;;;False;False;False;False;False;False;False;False;False;False;;;False;False;False;False
K;123;Q;;;;;;;2.2809448;0.15166349;0.42558376;Uncertain;Uncertain;Benign;Benign;Benign;Benign;Benign;Benign;Benign;Uncertain;Benign;;;;;False;False;False;False;False;True;False;False;False;False;;;False;False;False;False
K;123;R;;;;;;;2.982788;0.178917968;0.469748777;Uncertain;Uncertain;Uncertain;Benign;Benign;Benign;Benign;Benign;Benign;Uncertain;Benign;;;;;False;False;False;False;False;True;False;False;False;False;;;False;False;False;False
K;123;S;;;;;;;3.3453064;0.194635777;0.492875497;Uncertain;Uncertain;Uncertain;Benign;Benign;Benign;Benign;Benign;Benign;Uncertain;Benign;;;;;False;False;False;False;False;True;False;False;False;False;;;False;False;False;False
K;123;T;;;;;;;4.9678345;0.278928287;0.591938275;Uncertain;Uncertain;Uncertain;Uncertain;Uncertain;Benign;Benign;Benign;Benign;Uncertain;Benign;;;;;False;False;False;False;False;True;False;False;False;False;;;False;False;False;False
K;123;V;;;;;;;5.528778;0.313849243;0.622145962;Uncertain;Uncertain;Uncertain;Uncertain;Uncertain;Uncertain;Benign;Benign;Benign;Uncertain;Benign;;;;;False;False;False;False;False;True;False;False;False;False;;;False;False;False;False
K;123;W;;;;;;;6.130829;0.357507423;0.651970559;Uncertain;Uncertain;Uncertain;Uncertain;Uncertain;Uncertain;Uncertain;Benign;Benign;Uncertain;Benign;;;;;False;False;False;False;False;True;False;False;False;False;;;False;False;False;False
K;123;Y;;;;;;;5.5804443;0.317279575;0.624801847;Uncertain;Uncertain;Uncertain;Uncertain;Uncertain;Uncertain;Benign;Benign;Benign;Uncertain;Benign;;;;;False;False;False;False;False;True;False;False;False;False;;;False;False;False;False
A;124;A;;;;;;;;;;;;;;;;;;;;;;;;;False;False;False;False;False;False;False;False;False;False;;;False;False;False;False
A;124;C;;;;;;;4.339142;0.243560916;0.555149881;Uncertain;Uncertain;Uncertain;Uncertain;Uncertain;Benign;Benign;Benign;Benign;Uncertain;Benign;;;;;False;False;False;False;False;True;False;False;False;False;;;False;False;False;False
A;124;D;;;;;;;2.761078;0.169861531;0.455666585;Uncertain;Uncertain;Uncertain;Benign;Benign;Benign;Benign;Benign;Benign;Uncertain;Benign;;;;;False;False;False;False;False;True;False;False;False;False;;;False;False;False;False
A;124;E;;;;;;;-2.0358276;0.056134212;0.216195432;Benign;Benign;Benign;Benign;Benign;Benign;Benign;Benign;Benign;Benign;Benign;;;;;False;False;False;False;False;True;False;False;False;False;;;False;False;False;False
A;124;F;;;;;;;3.9138489;0.221580632;0.528901246;Uncertain;Uncertain;Uncertain;Uncertain;Benign;Benign;Benign;Benign;Benign;Uncertain;Benign;;;;;False;False;False;False;False;True;False;False;False;False;;;False;False;False;False
A;124;G;;;;;;;3.457489;0.199730298;0.50002831;Uncertain;Uncertain;Uncertain;Uncertain;Benign;Benign;Benign;Benign;Benign;Uncertain;Benign;;;;;False;False;False;False;False;True;False;False;False;False;;;False;False;False;False
A;124;H;;;;;;;3.6573486;0.209077275;0.51273156;Uncertain;Uncertain;Uncertain;Uncertain;Benign;Benign;Benign;Benign;Benign;Uncertain;Benign;;;;;False;False;False;False;False;True;False;False;False;False;;;False;False;False;False
A;124;I;;;;;;;0.65893555;0.103241761;0.332148019;Uncertain;Benign;Benign;Benign;Benign;Benign;Benign;Benign;Benign;Benign;Benign;;;;;False;False;False;False;False;True;False;False;False;False;;;False;False;False;False
A;124;K;;;;;;;0.14059448;0.091441253;0.305859736;Uncertain;Benign;Benign;Benign;Benign;Benign;Benign;Benign;Benign;Benign;Benign;;;;;False;False;False;False;False;True;False;False;False;False;;;False;False;False;False
A;124;L;;;;;;;4.7848816;0.268271177;0.581531721;Uncertain;Uncertain;Uncertain;Uncertain;Uncertain;Benign;Benign;Benign;Benign;Uncertain;Benign;;;;;False;False;False;False;False;True;False;False;False;False;;;False;False;False;False
A;124;M;;;;;;;2.3392334;0.153771479;0.429195699;Uncertain;Uncertain;Benign;Benign;Benign;Benign;Benign;Benign;Benign;Uncertain;Benign;;;;;False;False;False;False;False;True;False;False;False;False;;;False;False;False;False
A;124;N;;;;;;;3.8496704;0.218398812;0.524873908;Uncertain;Uncertain;Uncertain;Uncertain;Benign;Benign;Benign;Benign;Benign;Uncertain;Benign;;;;;False;False;False;False;False;True;False;False;False;False;;;False;False;False;False
A;124;P;;;;;;;-1.6930847;0.060440955;0.228179106;Benign;Benign;Benign;Benign;Benign;Benign;Benign;Benign;Benign;Benign;Benign;;;;;False;False;False;False;False;True;False;False;False;False;;;False;False;False;False
A;124;Q;;;;;;;-0.21231079;0.084263125;0.289059885;Benign;Benign;Benign;Benign;Benign;Benign;Benign;Benign;Benign;Benign;Benign;;;;;False;False;False;False;False;True;False;False;False;False;;;False;False;False;False
A;124;R;;;;;;;0.15377808;0.091722337;0.306504676;Uncertain;Benign;Benign;Benign;Benign;Benign;Benign;Benign;Benign;Benign;Benign;;;;;False;False;False;False;False;True;False;False;False;False;;;False;False;False;False
A;124;S;;;;;;;1.993988;0.141682495;0.408005985;Uncertain;Uncertain;Benign;Benign;Benign;Benign;Benign;Benign;Benign;Uncertain;Benign;;;;;False;False;False;False;False;True;False;False;False;False;;;False;False;False;False
A;124;T;;;;;;;-0.0592041;0.087296726;0.296238411;Benign;Benign;Benign;Benign;Benign;Benign;Benign;Benign;Benign;Benign;Benign;;;;;False;False;False;False;False;True;False;False;False;False;;;False;False;False;False
A;124;V;;;;;;;-1.3773499;0.064769749;0.239894778;Benign;Benign;Benign;Benign;Benign;Benign;Benign;Benign;Benign;Benign;Benign;;;;;False;False;False;False;False;True;False;False;False;False;;;False;False;False;False
A;124;W;;;;;;;5.2117004;0.293649751;0.605387344;Uncertain;Uncertain;Uncertain;Uncertain;Uncertain;Uncertain;Benign;Benign;Benign;Uncertain;Benign;;;;;False;False;False;False;False;True;False;False;False;False;;;False;False;False;False
A;124;Y;;;;;;;4.1414795;0.233152096;0.543057092;Uncertain;Uncertain;Uncertain;Uncertain;Benign;Benign;Benign;Benign;Benign;Uncertain;Benign;;;;;False;False;False;False;False;True;False;False;False;False;;;False;False;False;False
D;125;A;Uncertain significance;1;1;uncertain;;;12.536987;0.93666098;0.236057784;Pathogenic;Pathogenic;Pathogenic;Pathogenic;Pathogenic;Pathogenic;Pathogenic;Pathogenic;Pathogenic;Pathogenic;Pathogenic;12.526398;0.936510065;0.236464132;Pathogenic;False;False;False;False;False;False;True;False;False;False;uncertain;Uncertain significance;False;False;False;False
D;125;C;;;;;;;12.561676;0.937005793;0.235127916;Pathogenic;Pathogenic;Pathogenic;Pathogenic;Pathogenic;Pathogenic;Pathogenic;Pathogenic;Pathogenic;Pathogenic;Pathogenic;;;;;False;False;False;False;False;False;True;False;False;False;;;False;False;False;False
D;125;D;;;;;;;;;;;;;;;;;;;;;;;;;False;False;False;False;False;False;False;False;False;False;;;False;False;False;False
D;125;E;;;;;;;12.545349;0.936778875;0.235740081;Pathogenic;Pathogenic;Pathogenic;Pathogenic;Pathogenic;Pathogenic;Pathogenic;Pathogenic;Pathogenic;Pathogenic;Pathogenic;;;;;False;False;False;False;False;False;True;False;False;False;;;False;False;False;False
D;125;F;;;;;;;12.5477295;0.93681223;0.235650153;Pathogenic;Pathogenic;Pathogenic;Pathogenic;Pathogenic;Pathogenic;Pathogenic;Pathogenic;Pathogenic;Pathogenic;Pathogenic;;;;;False;False;False;False;False;False;True;False;False;False;;;False;False;False;False
D;125;G;;;;;;;13.462372;0.941790376;0.222012554;Pathogenic;Pathogenic;Pathogenic;Pathogenic;Pathogenic;Pathogenic;Pathogenic;Pathogenic;Pathogenic;Pathogenic;Pathogenic;;;;;False;False;False;False;False;False;True;False;False;False;;;False;False;False;False
D;125;H;;;;;;;12.502228;0.936158822;0.237408387;Pathogenic;Pathogenic;Pathogenic;Pathogenic;Pathogenic;Pathogenic;Pathogenic;Pathogenic;Pathogenic;Pathogenic;Pathogenic;;;;;False;False;False;False;False;False;True;False;False;False;;;False;False;False;False
D;125;I;;;;;;;12.51535;0.936350679;0.23689287;Pathogenic;Pathogenic;Pathogenic;Pathogenic;Pathogenic;Pathogenic;Pathogenic;Pathogenic;Pathogenic;Pathogenic;Pathogenic;;;;;False;False;False;False;False;False;True;False;False;False;;;False;False;False;False
D;125;K;;;;;;;12.550446;0.93685018;0.235547812;Pathogenic;Pathogenic;Pathogenic;Pathogenic;Pathogenic;Pathogenic;Pathogenic;Pathogenic;Pathogenic;Pathogenic;Pathogenic;;;;;False;False;False;False;False;False;True;False;False;False;;;False;False;False;False
D;125;L;;;;;;;12.537231;0.936664437;0.236048473;Pathogenic;Pathogenic;Pathogenic;Pathogenic;Pathogenic;Pathogenic;Pathogenic;Pathogenic;Pathogenic;Pathogenic;Pathogenic;;;;;False;False;False;False;False;False;True;False;False;False;;;False;False;False;False
D;125;M;;;;;;;12.477051;0.935782994;0.238416453;Pathogenic;Pathogenic;Pathogenic;Pathogenic;Pathogenic;Pathogenic;Pathogenic;Pathogenic;Pathogenic;Pathogenic;Pathogenic;;;;;False;False;False;False;False;False;True;False;False;False;;;False;False;False;False
D;125;N;;;;;;;11.999725;0.9268042;0.261828126;Pathogenic;Pathogenic;Pathogenic;Pathogenic;Pathogenic;Pathogenic;Pathogenic;Pathogenic;Pathogenic;Pathogenic;Pathogenic;;;;;False;False;False;False;False;False;True;False;False;False;;;False;False;False;False
D;125;P;;;;;;;12.573486;0.937167225;0.234691887;Pathogenic;Pathogenic;Pathogenic;Pathogenic;Pathogenic;Pathogenic;Pathogenic;Pathogenic;Pathogenic;Pathogenic;Pathogenic;;;;;False;False;False;False;False;False;True;False;False;False;;;False;False;False;False
D;125;Q;;;;;;;12.535034;0.936633282;0.236132391;Pathogenic;Pathogenic;Pathogenic;Pathogenic;Pathogenic;Pathogenic;Pathogenic;Pathogenic;Pathogenic;Pathogenic;Pathogenic;;;;;False;False;False;False;False;False;True;False;False;False;;;False;False;False;False
D;125;R;;;;;;;12.572144;0.937148996;0.234741146;Pathogenic;Pathogenic;Pathogenic;Pathogenic;Pathogenic;Pathogenic;Pathogenic;Pathogenic;Pathogenic;Pathogenic;Pathogenic;;;;;False;False;False;False;False;False;True;False;False;False;;;False;False;False;False
D;125;S;;;;;;;12.610657;0.937660377;0.233357129;Pathogenic;Pathogenic;Pathogenic;Pathogenic;Pathogenic;Pathogenic;Pathogenic;Pathogenic;Pathogenic;Pathogenic;Pathogenic;;;;;False;False;False;False;False;False;True;False;False;False;;;False;False;False;False
D;125;T;;;;;;;12.463501;0.935576547;0.238969194;Pathogenic;Pathogenic;Pathogenic;Pathogenic;Pathogenic;Pathogenic;Pathogenic;Pathogenic;Pathogenic;Pathogenic;Pathogenic;;;;;False;False;False;False;False;False;True;False;False;False;;;False;False;False;False
D;125;V;;;;;;;12.098236;0.928939941;0.256372399;Pathogenic;Pathogenic;Pathogenic;Pathogenic;Pathogenic;Pathogenic;Pathogenic;Pathogenic;Pathogenic;Pathogenic;Pathogenic;;;;;False;False;False;False;False;False;True;False;False;False;;;False;False;False;False
D;125;W;;;;;;;12.586975;0.937348814;0.234200883;Pathogenic;Pathogenic;Pathogenic;Pathogenic;Pathogenic;Pathogenic;Pathogenic;Pathogenic;Pathogenic;Pathogenic;Pathogenic;;;;;False;False;False;False;False;False;True;False;False;False;;;False;False;False;False
D;125;Y;;;;;;;12.535278;0.936636746;0.236123062;Pathogenic;Pathogenic;Pathogenic;Pathogenic;Pathogenic;Pathogenic;Pathogenic;Pathogenic;Pathogenic;Pathogenic;Pathogenic;;;;;False;False;False;False;False;False;True;False;False;False;;;False;False;False;False
D;126;A;Likely pathogenic;1;1;pathogenic;;;11.721039;0.919975372;0.278829517;Pathogenic;Pathogenic;Pathogenic;Pathogenic;Pathogenic;Pathogenic;Pathogenic;Pathogenic;Pathogenic;Pathogenic;Pathogenic;11.674957;0.918733414;0.281851969;Pathogenic;False;False;True;True;False;False;True;False;False;True;pathogenic;Likely Pathogenic;False;False;False;False
D;126;C;;;;;;;11.70929;0.919661791;0.27959462;Pathogenic;Pathogenic;Pathogenic;Pathogenic;Pathogenic;Pathogenic;Pathogenic;Pathogenic;Pathogenic;Pathogenic;Pathogenic;;;;;False;False;True;False;False;False;True;False;False;True;pathogenic;Likely Pathogenic;False;False;False;False
D;126;D;;;;;;;;;;;;;;;;;;;;;;;;;False;False;True;False;False;False;False;False;False;False;;;False;False;False;False
D;126;E;;;;;;;10.654144;0.882250194;0.362417532;Uncertain;Pathogenic;Pathogenic;Pathogenic;Pathogenic;Pathogenic;Pathogenic;Pathogenic;Pathogenic;Pathogenic;Pathogenic;;;;;False;False;True;False;False;False;True;False;False;True;pathogenic;Likely Pathogenic;False;False;False;False
D;126;F;;;;;;;11.629974;0.917489829;0.284857678;Pathogenic;Pathogenic;Pathogenic;Pathogenic;Pathogenic;Pathogenic;Pathogenic;Pathogenic;Pathogenic;Pathogenic;Pathogenic;;;;;False;False;True;False;False;False;True;False;False;True;pathogenic;Likely Pathogenic;False;False;False;False
D;126;G;;;;;;;11.642883;0.917849876;0.283989567;Pathogenic;Pathogenic;Pathogenic;Pathogenic;Pathogenic;Pathogenic;Pathogenic;Pathogenic;Pathogenic;Pathogenic;Pathogenic;;;;;False;False;True;False;False;False;True;False;False;True;pathogenic;Likely Pathogenic;False;False;False;False
D;126;H;;;;;;;11.696747;0.919324703;0.280415591;Pathogenic;Pathogenic;Pathogenic;Pathogenic;Pathogenic;Pathogenic;Pathogenic;Pathogenic;Pathogenic;Pathogenic;Pathogenic;;;;;False;False;True;False;False;False;True;False;False;True;pathogenic;Likely Pathogenic;False;False;False;False
D;126;I;;;;;;;11.662903;0.918403208;0.282652074;Pathogenic;Pathogenic;Pathogenic;Pathogenic;Pathogenic;Pathogenic;Pathogenic;Pathogenic;Pathogenic;Pathogenic;Pathogenic;;;;;False;False;True;False;False;False;True;False;False;True;pathogenic;Likely Pathogenic;False;False;False;False
D;126;K;;;;;;;9.121826;0.77759129;0.529939723;Uncertain;Uncertain;Uncertain;Uncertain;Pathogenic;Pathogenic;Pathogenic;Pathogenic;Pathogenic;Uncertain;Pathogenic;;;;;False;False;True;False;False;False;True;False;False;True;pathogenic;Likely Pathogenic;False;False;False;False
D;126;L;;;;;;;11.6008;0.9166667;0.286835903;Pathogenic;Pathogenic;Pathogenic;Pathogenic;Pathogenic;Pathogenic;Pathogenic;Pathogenic;Pathogenic;Pathogenic;Pathogenic;;;;;False;False;True;False;False;False;True;False;False;True;pathogenic;Likely Pathogenic;False;False;False;False
D;126;M;;;;;;;11.657623;0.91825787;0.283003775;Pathogenic;Pathogenic;Pathogenic;Pathogenic;Pathogenic;Pathogenic;Pathogenic;Pathogenic;Pathogenic;Pathogenic;Pathogenic;;;;;False;False;True;False;False;False;True;False;False;True;pathogenic;Likely Pathogenic;False;False;False;False
D;126;N;Likely pathogenic;1;1;pathogenic;;;8.625275;0.718623021;0.594249123;Uncertain;Uncertain;Uncertain;Uncertain;Uncertain;Pathogenic;Pathogenic;Pathogenic;Pathogenic;Uncertain;Pathogenic;8.589508;0.713672267;0.598830763;Pathogenic;False;False;True;True;False;False;True;False;False;True;pathogenic;Likely Pathogenic;False;False;False;False
D;126;P;;;;;;;11.749878;0.920736215;0.276967587;Pathogenic;Pathogenic;Pathogenic;Pathogenic;Pathogenic;Pathogenic;Pathogenic;Pathogenic;Pathogenic;Pathogenic;Pathogenic;;;;;False;False;True;False;False;False;True;False;False;True;pathogenic;Likely Pathogenic;False;False;False;False
D;126;Q;;;;;;;8.488251;0.699121031;0.611607212;Uncertain;Uncertain;Uncertain;Uncertain;Uncertain;Uncertain;Pathogenic;Pathogenic;Pathogenic;Uncertain;Pathogenic;;;;;False;False;True;False;False;False;True;False;False;True;pathogenic;Likely Pathogenic;False;False;False;False
D;126;R;;;;;;;11.649658;0.918037817;0.283535741;Pathogenic;Pathogenic;Pathogenic;Pathogenic;Pathogenic;Pathogenic;Pathogenic;Pathogenic;Pathogenic;Pathogenic;Pathogenic;;;;;False;False;True;False;False;False;True;False;False;True;pathogenic;Likely Pathogenic;False;False;False;False
D;126;S;;;;;;;11.637726;0.917706348;0.284335834;Pathogenic;Pathogenic;Pathogenic;Pathogenic;Pathogenic;Pathogenic;Pathogenic;Pathogenic;Pathogenic;Pathogenic;Pathogenic;;;;;False;False;True;False;False;False;True;False;False;True;pathogenic;Likely Pathogenic;False;False;False;False
D;126;T;;;;;;;11.667389;0.918526356;0.28235385;Pathogenic;Pathogenic;Pathogenic;Pathogenic;Pathogenic;Pathogenic;Pathogenic;Pathogenic;Pathogenic;Pathogenic;Pathogenic;;;;;False;False;True;False;False;False;True;False;False;True;pathogenic;Likely Pathogenic;False;False;False;False
D;126;V;;;;;;;8.928101;0.75665977;0.554899654;Uncertain;Uncertain;Uncertain;Uncertain;Uncertain;Pathogenic;Pathogenic;Pathogenic;Pathogenic;Uncertain;Pathogenic;;;;;False;False;True;False;False;False;True;False;False;True;pathogenic;Likely Pathogenic;False;False;False;False
D;126;W;;;;;;;11.619385;0.91719258;0.285573085;Pathogenic;Pathogenic;Pathogenic;Pathogenic;Pathogenic;Pathogenic;Pathogenic;Pathogenic;Pathogenic;Pathogenic;Pathogenic;;;;;False;False;True;False;False;False;True;False;False;True;pathogenic;Likely Pathogenic;False;False;False;False
D;126;Y;;;;;;;11.613464;0.917025617;0.285974414;Pathogenic;Pathogenic;Pathogenic;Pathogenic;Pathogenic;Pathogenic;Pathogenic;Pathogenic;Pathogenic;Pathogenic;Pathogenic;;;;;False;False;True;False;False;False;True;False;False;True;pathogenic;Likely Pathogenic;False;False;False;False
L;127;A;;;;;;;9.509735;0.812821829;0.482105315;Uncertain;Uncertain;Uncertain;Pathogenic;Pathogenic;Pathogenic;Pathogenic;Pathogenic;Pathogenic;Uncertain;Pathogenic;;;;;False;False;False;False;False;False;True;False;False;False;;;False;False;False;False
L;127;C;;;;;;;7.351166;0.503364574;0.69312454;Uncertain;Uncertain;Uncertain;Uncertain;Uncertain;Uncertain;Uncertain;Uncertain;Uncertain;Uncertain;Uncertain;;;;;False;False;False;False;False;False;False;False;False;False;;;False;False;False;False
L;127;D;;;;;;;10.364166;0.868215519;0.389764907;Uncertain;Uncertain;Pathogenic;Pathogenic;Pathogenic;Pathogenic;Pathogenic;Pathogenic;Pathogenic;Pathogenic;Pathogenic;;;;;False;False;False;False;False;False;True;False;False;False;;;False;False;False;False
L;127;E;;;;;;;8.473022;0.696864407;0.61349772;Uncertain;Uncertain;Uncertain;Uncertain;Uncertain;Uncertain;Pathogenic;Pathogenic;Pathogenic;Uncertain;Pathogenic;;;;;False;False;False;False;False;False;True;False;False;False;;;False;False;False;False
L;127;F;;;;;;;4.122864;0.232189069;0.541907919;Uncertain;Uncertain;Uncertain;Uncertain;Benign;Benign;Benign;Benign;Benign;Uncertain;Benign;;;;;False;False;False;False;False;True;False;False;False;False;;;False;False;False;False
L;127;G;;;;;;;9.4748535;0.809972406;0.486262974;Uncertain;Uncertain;Uncertain;Pathogenic;Pathogenic;Pathogenic;Pathogenic;Pathogenic;Pathogenic;Uncertain;Pathogenic;;;;;False;False;False;False;False;False;True;False;False;False;;;False;False;False;False
L;127;H;;;;;;;7.6398926;0.553740752;0.687359871;Uncertain;Uncertain;Uncertain;Uncertain;Uncertain;Uncertain;Uncertain;Uncertain;Uncertain;Uncertain;Uncertain;;;;;False;False;False;False;False;False;False;False;False;False;;;False;False;False;False
L;127;I;;;;;;;9.329712;0.797476226;0.503881275;Uncertain;Uncertain;Uncertain;Uncertain;Pathogenic;Pathogenic;Pathogenic;Pathogenic;Pathogenic;Uncertain;Pathogenic;;;;;False;False;False;False;False;False;True;False;False;False;;;False;False;False;False
L;127;K;;;;;;;9.625458;0.8218803;0.468530289;Uncertain;Uncertain;Uncertain;Pathogenic;Pathogenic;Pathogenic;Pathogenic;Pathogenic;Pathogenic;Uncertain;Pathogenic;;;;;False;False;False;False;False;False;True;False;False;False;;;False;False;False;False
L;127;L;;;;;;;;;;;;;;;;;;;;;;;;;False;False;False;False;False;False;False;False;False;False;;;False;False;False;False
L;127;M;;;;;;;6.671997;0.408784912;0.676413244;Uncertain;Uncertain;Uncertain;Uncertain;Uncertain;Uncertain;Uncertain;Uncertain;Benign;Uncertain;Uncertain;;;;;False;False;False;False;False;False;False;False;False;False;;;False;False;False;False
L;127;N;;;;;;;8.928345;0.756687721;0.554867944;Uncertain;Uncertain;Uncertain;Uncertain;Uncertain;Pathogenic;Pathogenic;Pathogenic;Pathogenic;Uncertain;Pathogenic;;;;;False;False;False;False;False;False;True;False;False;False;;;False;False;False;False
L;127;P;;;;;;;10.3229065;0.866056439;0.393815084;Uncertain;Uncertain;Pathogenic;Pathogenic;Pathogenic;Pathogenic;Pathogenic;Pathogenic;Pathogenic;Pathogenic;Pathogenic;;;;;False;False;False;False;False;False;True;False;False;False;;;False;False;False;False
L;127;Q;;;;;;;9.679535;0.825916209;0.462302857;Uncertain;Uncertain;Uncertain;Pathogenic;Pathogenic;Pathogenic;Pathogenic;Pathogenic;Pathogenic;Uncertain;Pathogenic;;;;;False;False;False;False;False;False;True;False;False;False;;;False;False;False;False
L;127;R;;;;;;;10.363312;0.868171263;0.389848334;Uncertain;Uncertain;Pathogenic;Pathogenic;Pathogenic;Pathogenic;Pathogenic;Pathogenic;Pathogenic;Pathogenic;Pathogenic;;;;;False;False;False;False;False;False;True;False;False;False;;;False;False;False;False
L;127;S;;;;;;;10.366455;0.868334051;0.389541381;Uncertain;Uncertain;Pathogenic;Pathogenic;Pathogenic;Pathogenic;Pathogenic;Pathogenic;Pathogenic;Pathogenic;Pathogenic;;;;;False;False;False;False;False;False;True;False;False;False;;;False;False;False;False
L;127;T;;;;;;;10.409302;0.870528976;0.385379906;Uncertain;Uncertain;Pathogenic;Pathogenic;Pathogenic;Pathogenic;Pathogenic;Pathogenic;Pathogenic;Pathogenic;Pathogenic;;;;;False;False;False;False;False;False;True;False;False;False;;;False;False;False;False
L;127;V;;;;;;;9.212067;0.786529694;0.518518417;Uncertain;Uncertain;Uncertain;Uncertain;Pathogenic;Pathogenic;Pathogenic;Pathogenic;Pathogenic;Uncertain;Pathogenic;;;;;False;False;False;False;False;False;True;False;False;False;;;False;False;False;False
L;127;W;;;;;;;10.4086;0.870493376;0.385447741;Uncertain;Uncertain;Pathogenic;Pathogenic;Pathogenic;Pathogenic;Pathogenic;Pathogenic;Pathogenic;Pathogenic;Pathogenic;;;;;False;False;False;False;False;False;True;False;False;False;;;False;False;False;False
L;127;Y;;;;;;;5.155792;0.290218732;0.602347415;Uncertain;Uncertain;Uncertain;Uncertain;Uncertain;Uncertain;Benign;Benign;Benign;Uncertain;Benign;;;;;False;False;False;False;False;True;False;False;False;False;;;False;False;False;False
G;128;A;;;;;;;11.813965;0.922382007;0.272912785;Pathogenic;Pathogenic;Pathogenic;Pathogenic;Pathogenic;Pathogenic;Pathogenic;Pathogenic;Pathogenic;Pathogenic;Pathogenic;;;;;False;False;False;False;False;False;True;False;False;False;;;False;False;False;False
G;128;C;;;;;;;10.546967;0.877285635;0.372298512;Uncertain;Pathogenic;Pathogenic;Pathogenic;Pathogenic;Pathogenic;Pathogenic;Pathogenic;Pathogenic;Pathogenic;Pathogenic;;;;;False;False;False;False;False;False;True;False;False;False;;;False;False;False;False
G;128;D;;;;;;;10.625916;0.880966792;0.36499429;Uncertain;Pathogenic;Pathogenic;Pathogenic;Pathogenic;Pathogenic;Pathogenic;Pathogenic;Pathogenic;Pathogenic;Pathogenic;;;;;False;False;False;False;False;False;True;False;False;False;;;False;False;False;False
G;128;E;;;;;;;10.258789;0.86261458;0.400188726;Uncertain;Uncertain;Pathogenic;Pathogenic;Pathogenic;Pathogenic;Pathogenic;Pathogenic;Pathogenic;Pathogenic;Pathogenic;;;;;False;False;False;False;False;False;True;False;False;False;;;False;False;False;False
G;128;F;;;;;;;11.708221;0.919633155;0.279664422;Pathogenic;Pathogenic;Pathogenic;Pathogenic;Pathogenic;Pathogenic;Pathogenic;Pathogenic;Pathogenic;Pathogenic;Pathogenic;;;;;False;False;False;False;False;False;True;False;False;False;;;False;False;False;False
G;128;G;;;;;;;;;;;;;;;;;;;;;;;;;False;False;False;False;False;False;False;False;False;False;;;False;False;False;False
G;128;H;;;;;;;10.779694;0.887757197;0.351178918;Uncertain;Pathogenic;Pathogenic;Pathogenic;Pathogenic;Pathogenic;Pathogenic;Pathogenic;Pathogenic;Pathogenic;Pathogenic;;;;;False;False;False;False;False;False;True;False;False;False;;;False;False;False;False
G;128;I;;;;;;;10.869507;0.891502728;0.343361941;Uncertain;Pathogenic;Pathogenic;Pathogenic;Pathogenic;Pathogenic;Pathogenic;Pathogenic;Pathogenic;Pathogenic;Pathogenic;;;;;False;False;False;False;False;False;True;False;False;False;;;False;False;False;False
G;128;K;;;;;;;8.452576;0.693806993;0.616020661;Uncertain;Uncertain;Uncertain;Uncertain;Uncertain;Uncertain;Pathogenic;Pathogenic;Pathogenic;Uncertain;Pathogenic;;;;;False;False;False;False;False;False;True;False;False;False;;;False;False;False;False
G;128;L;;;;;;;11.739044;0.920451865;0.277664372;Pathogenic;Pathogenic;Pathogenic;Pathogenic;Pathogenic;Pathogenic;Pathogenic;Pathogenic;Pathogenic;Pathogenic;Pathogenic;;;;;False;False;False;False;False;False;True;False;False;False;;;False;False;False;False
G;128;M;;;;;;;10.970703;0.895538075;0.33477765;Uncertain;Pathogenic;Pathogenic;Pathogenic;Pathogenic;Pathogenic;Pathogenic;Pathogenic;Pathogenic;Pathogenic;Pathogenic;;;;;False;False;False;False;False;False;True;False;False;False;;;False;False;False;False
G;128;N;;;;;;;10.739288;0.886020063;0.354756297;Uncertain;Pathogenic;Pathogenic;Pathogenic;Pathogenic;Pathogenic;Pathogenic;Pathogenic;Pathogenic;Pathogenic;Pathogenic;;;;;False;False;False;False;False;False;True;False;False;False;;;False;False;False;False
G;128;P;;;;;;;11.751953;0.920790473;0.276834504;Pathogenic;Pathogenic;Pathogenic;Pathogenic;Pathogenic;Pathogenic;Pathogenic;Pathogenic;Pathogenic;Pathogenic;Pathogenic;;;;;False;False;False;False;False;False;True;False;False;False;;;False;False;False;False
G;128;Q;;;;;;;11.8280945;0.92273654;0.272034379;Pathogenic;Pathogenic;Pathogenic;Pathogenic;Pathogenic;Pathogenic;Pathogenic;Pathogenic;Pathogenic;Pathogenic;Pathogenic;;;;;False;False;False;False;False;False;True;False;False;False;;;False;False;False;False
G;128;R;;;;;;;11.729095;0.920189177;0.278307092;Pathogenic;Pathogenic;Pathogenic;Pathogenic;Pathogenic;Pathogenic;Pathogenic;Pathogenic;Pathogenic;Pathogenic;Pathogenic;;;;;False;False;False;False;False;False;True;False;False;False;;;False;False;False;False
G;128;S;;;;;;;10.82135;0.889514007;0.347530217;Uncertain;Pathogenic;Pathogenic;Pathogenic;Pathogenic;Pathogenic;Pathogenic;Pathogenic;Pathogenic;Pathogenic;Pathogenic;;;;;False;False;False;False;False;False;True;False;False;False;;;False;False;False;False
G;128;T;;;;;;;7.140991;0.469999618;0.691346053;Uncertain;Uncertain;Uncertain;Uncertain;Uncertain;Uncertain;Uncertain;Uncertain;Uncertain;Uncertain;Uncertain;;;;;False;False;False;False;False;False;False;False;False;False;;;False;False;False;False
G;128;V;;;;;;;9.438782;0.806964892;0.490594096;Uncertain;Uncertain;Uncertain;Pathogenic;Pathogenic;Pathogenic;Pathogenic;Pathogenic;Pathogenic;Uncertain;Pathogenic;;;;;False;False;False;False;False;False;True;False;False;False;;;False;False;False;False
G;128;W;;;;;;;11.796814;0.921947625;0.273986634;Pathogenic;Pathogenic;Pathogenic;Pathogenic;Pathogenic;Pathogenic;Pathogenic;Pathogenic;Pathogenic;Pathogenic;Pathogenic;;;;;False;False;False;False;False;False;True;False;False;False;;;False;False;False;False
G;128;Y;;;;;;;11.648804;0.918014165;0.283592879;Pathogenic;Pathogenic;Pathogenic;Pathogenic;Pathogenic;Pathogenic;Pathogenic;Pathogenic;Pathogenic;Pathogenic;Pathogenic;;;;;False;False;False;False;False;False;True;False;False;False;;;False;False;False;False
K;129;A;;;;;;;5.3598022;0.302917059;0.613315697;Uncertain;Uncertain;Uncertain;Uncertain;Uncertain;Uncertain;Benign;Benign;Benign;Uncertain;Benign;;;;;False;False;False;False;False;True;False;False;False;False;;;False;False;False;False
K;129;C;;;;;;;6.6607056;0.40753067;0.675947185;Uncertain;Uncertain;Uncertain;Uncertain;Uncertain;Uncertain;Uncertain;Uncertain;Benign;Uncertain;Uncertain;;;;;False;False;False;False;False;False;False;False;False;False;;;False;False;False;False
K;129;D;;;;;;;6.9776;0.446565646;0.6874258;Uncertain;Uncertain;Uncertain;Uncertain;Uncertain;Uncertain;Uncertain;Uncertain;Uncertain;Uncertain;Uncertain;;;;;False;False;False;False;False;False;False;False;False;False;;;False;False;False;False
K;129;E;;;;;;;5.8191223;0.333779113;0.636822712;Uncertain;Uncertain;Uncertain;Uncertain;Uncertain;Uncertain;Benign;Benign;Benign;Uncertain;Benign;;;;;False;False;False;False;False;True;False;False;False;False;;;False;False;False;False
K;129;F;;;;;;;7.9355774;0.607369607;0.669910164;Uncertain;Uncertain;Uncertain;Uncertain;Uncertain;Uncertain;Uncertain;Uncertain;Pathogenic;Uncertain;Uncertain;;;;;False;False;False;False;False;False;False;False;False;False;;;False;False;False;False
K;129;G;;;;;;;7.2518616;0.487175853;0.692818227;Uncertain;Uncertain;Uncertain;Uncertain;Uncertain;Uncertain;Uncertain;Uncertain;Uncertain;Uncertain;Uncertain;;;;;False;False;False;False;False;False;False;False;False;False;;;False;False;False;False
K;129;H;;;;;;;5.669983;0.323335251;0.629357962;Uncertain;Uncertain;Uncertain;Uncertain;Uncertain;Uncertain;Benign;Benign;Benign;Uncertain;Benign;;;;;False;False;False;False;False;True;False;False;False;False;;;False;False;False;False
K;129;I;;;;;;;6.7747803;0.420646527;0.680499824;Uncertain;Uncertain;Uncertain;Uncertain;Uncertain;Uncertain;Uncertain;Uncertain;Benign;Uncertain;Uncertain;;;;;False;False;False;False;False;False;False;False;False;False;;;False;False;False;False
K;129;K;;;;;;;;;;;;;;;;;;;;;;;;;False;False;False;False;False;False;False;False;False;False;;;False;False;False;False
K;129;L;;;;;;;1.8858643;0.138089511;0.401480178;Uncertain;Uncertain;Benign;Benign;Benign;Benign;Benign;Benign;Benign;Benign;Benign;;;;;False;False;False;False;False;True;False;False;False;False;;;False;False;False;False
K;129;M;;;;;;;5.810089;0.333132377;0.636374785;Uncertain;Uncertain;Uncertain;Uncertain;Uncertain;Uncertain;Benign;Benign;Benign;Uncertain;Benign;;;;;False;False;False;False;False;True;False;False;False;False;;;False;False;False;False
K;129;N;;;;;;;7.2272034;0.483270531;0.692587326;Uncertain;Uncertain;Uncertain;Uncertain;Uncertain;Uncertain;Uncertain;Uncertain;Uncertain;Uncertain;Uncertain;;;;;False;False;False;False;False;False;False;False;False;False;;;False;False;False;False
K;129;P;;;;;;;8.584534;0.712975952;0.599465513;Uncertain;Uncertain;Uncertain;Uncertain;Uncertain;Uncertain;Pathogenic;Pathogenic;Pathogenic;Uncertain;Pathogenic;;;;;False;False;False;False;False;False;True;False;False;False;;;False;False;False;False
K;129;Q;;;;;;;2.9560852;0.177804984;0.468048706;Uncertain;Uncertain;Uncertain;Benign;Benign;Benign;Benign;Benign;Benign;Uncertain;Benign;;;;;False;False;False;False;False;True;False;False;False;False;;;False;False;False;False
K;129;R;;;;;;;1.300415;0.12015609;0.367235874;Uncertain;Benign;Benign;Benign;Benign;Benign;Benign;Benign;Benign;Benign;Benign;;;;;False;False;False;False;False;True;False;False;False;False;;;False;False;False;False
K;129;S;;;;;;;7.968994;0.613364041;0.667219501;Uncertain;Uncertain;Uncertain;Uncertain;Uncertain;Uncertain;Uncertain;Uncertain;Pathogenic;Uncertain;Uncertain;;;;;False;False;False;False;False;False;False;False;False;False;;;False;False;False;False
K;129;T;;;;;;;5.0530396;0.28400149;0.596692974;Uncertain;Uncertain;Uncertain;Uncertain;Uncertain;Benign;Benign;Benign;Benign;Uncertain;Benign;;;;;False;False;False;False;False;True;False;False;False;False;;;False;False;False;False
K;129;V;;;;;;;4.9665527;0.278852516;0.591866294;Uncertain;Uncertain;Uncertain;Uncertain;Uncertain;Benign;Benign;Benign;Benign;Uncertain;Benign;;;;;False;False;False;False;False;True;False;False;False;False;;;False;False;False;False
K;129;W;;;;;;;8.563965;0.710076169;0.602083468;Uncertain;Uncertain;Uncertain;Uncertain;Uncertain;Uncertain;Pathogenic;Pathogenic;Pathogenic;Uncertain;Pathogenic;;;;;False;False;False;False;False;False;True;False;False;False;;;False;False;False;False
K;129;Y;;;;;;;8.170959;0.648643179;0.648282521;Uncertain;Uncertain;Uncertain;Uncertain;Uncertain;Uncertain;Uncertain;Pathogenic;Pathogenic;Uncertain;Pathogenic;;;;;False;False;False;False;False;False;True;False;False;False;;;False;False;False;False
G;130;A;;;;;;;6.2927246;0.371212071;0.659597616;Uncertain;Uncertain;Uncertain;Uncertain;Uncertain;Uncertain;Uncertain;Benign;Benign;Uncertain;Uncertain;;;;;False;False;False;False;False;False;False;False;False;False;;;False;False;False;False
G;130;C;;;;;;;10.262695;0.862827337;0.399797663;Uncertain;Uncertain;Pathogenic;Pathogenic;Pathogenic;Pathogenic;Pathogenic;Pathogenic;Pathogenic;Pathogenic;Pathogenic;;;;;False;False;False;False;False;False;True;False;False;False;;;False;False;False;False
G;130;D;;;;;;;8.483215;0.698376757;0.612233405;Uncertain;Uncertain;Uncertain;Uncertain;Uncertain;Uncertain;Pathogenic;Pathogenic;Pathogenic;Uncertain;Pathogenic;;;;;False;False;False;False;False;False;True;False;False;False;;;False;False;False;False
G;130;E;;;;;;;9.372681;0.80128709;0.498612952;Uncertain;Uncertain;Uncertain;Uncertain;Pathogenic;Pathogenic;Pathogenic;Pathogenic;Pathogenic;Uncertain;Pathogenic;;;;;False;False;False;False;False;False;True;False;False;False;;;False;False;False;False
G;130;F;;;;;;;10.31485;0.865629813;0.394610611;Uncertain;Uncertain;Pathogenic;Pathogenic;Pathogenic;Pathogenic;Pathogenic;Pathogenic;Pathogenic;Pathogenic;Pathogenic;;;;;False;False;False;False;False;False;True;False;False;False;;;False;False;False;False
G;130;G;;;;;;;;;;;;;;;;;;;;;;;;;False;False;False;False;False;False;False;False;False;False;;;False;False;False;False
G;130;H;;;;;;;10.305267;0.865120184;0.395558863;Uncertain;Uncertain;Pathogenic;Pathogenic;Pathogenic;Pathogenic;Pathogenic;Pathogenic;Pathogenic;Pathogenic;Pathogenic;;;;;False;False;False;False;False;False;True;False;False;False;;;False;False;False;False
G;130;I;;;;;;;10.259613;0.862659496;0.400106198;Uncertain;Uncertain;Pathogenic;Pathogenic;Pathogenic;Pathogenic;Pathogenic;Pathogenic;Pathogenic;Pathogenic;Pathogenic;;;;;False;False;False;False;False;False;True;False;False;False;;;False;False;False;False
G;130;K;;;;;;;8.335083;0.675633823;0.630116859;Uncertain;Uncertain;Uncertain;Uncertain;Uncertain;Uncertain;Pathogenic;Pathogenic;Pathogenic;Uncertain;Pathogenic;;;;;False;False;False;False;False;False;True;False;False;False;;;False;False;False;False
G;130;L;;;;;;;9.082977;0.773589769;0.534902268;Uncertain;Uncertain;Uncertain;Uncertain;Pathogenic;Pathogenic;Pathogenic;Pathogenic;Pathogenic;Uncertain;Pathogenic;;;;;False;False;False;False;False;False;True;False;False;False;;;False;False;False;False
G;130;M;;;;;;;10.199341;0.859325848;0.406185381;Uncertain;Uncertain;Pathogenic;Pathogenic;Pathogenic;Pathogenic;Pathogenic;Pathogenic;Pathogenic;Pathogenic;Pathogenic;;;;;False;False;False;False;False;False;True;False;False;False;;;False;False;False;False
G;130;N;;;;;;;7.260559;0.488564572;0.69288562;Uncertain;Uncertain;Uncertain;Uncertain;Uncertain;Uncertain;Uncertain;Uncertain;Uncertain;Uncertain;Uncertain;;;;;False;False;False;False;False;False;False;False;False;False;;;False;False;False;False
G;130;P;;;;;;;10.279053;0.86371396;0.398163858;Uncertain;Uncertain;Pathogenic;Pathogenic;Pathogenic;Pathogenic;Pathogenic;Pathogenic;Pathogenic;Pathogenic;Pathogenic;;;;;False;False;False;False;False;False;True;False;False;False;;;False;False;False;False
G;130;Q;;;;;;;7.796234;0.582120079;0.679598465;Uncertain;Uncertain;Uncertain;Uncertain;Uncertain;Uncertain;Uncertain;Uncertain;Pathogenic;Uncertain;Uncertain;;;;;False;False;False;False;False;False;False;False;False;False;;;False;False;False;False
G;130;R;;;;;;;7.9344788;0.607171993;0.669996295;Uncertain;Uncertain;Uncertain;Uncertain;Uncertain;Uncertain;Uncertain;Uncertain;Pathogenic;Uncertain;Uncertain;;;;;False;False;False;False;False;False;False;False;False;False;;;False;False;False;False
G;130;S;;;;uncertain;1.59E-05;1.59E-05;5.562805;0.316103416;0.623897359;Uncertain;Uncertain;Uncertain;Uncertain;Uncertain;Uncertain;Benign;Benign;Benign;Uncertain;Benign;5.620056;0.319940539;0.626824629;Benign;False;False;False;False;False;True;False;False;False;False;uncertain;uncertain;False;False;False;False
G;130;T;;;;;;;4.266205;0.239681103;0.550712063;Uncertain;Uncertain;Uncertain;Uncertain;Benign;Benign;Benign;Benign;Benign;Uncertain;Benign;;;;;False;False;False;False;False;True;False;False;False;False;;;False;False;False;False
G;130;V;;;;;;;8.466461;0.695886758;0.614309265;Uncertain;Uncertain;Uncertain;Uncertain;Uncertain;Uncertain;Pathogenic;Pathogenic;Pathogenic;Uncertain;Pathogenic;;;;;False;False;False;False;False;False;True;False;False;False;;;False;False;False;False
G;130;W;;;;;;;9.832611;0.836715132;0.445077017;Uncertain;Uncertain;Uncertain;Pathogenic;Pathogenic;Pathogenic;Pathogenic;Pathogenic;Pathogenic;Uncertain;Pathogenic;;;;;False;False;False;False;False;False;True;False;False;False;;;False;False;False;False
G;130;Y;;;;;;;10.217102;0.860318464;0.404384959;Uncertain;Uncertain;Pathogenic;Pathogenic;Pathogenic;Pathogenic;Pathogenic;Pathogenic;Pathogenic;Pathogenic;Pathogenic;;;;;False;False;False;False;False;False;True;False;False;False;;;False;False;False;False
G;131;A;;;;;;;5.553589;0.315490999;0.623423866;Uncertain;Uncertain;Uncertain;Uncertain;Uncertain;Uncertain;Benign;Benign;Benign;Uncertain;Benign;;;;;False;False;False;False;False;True;False;False;False;False;;;False;False;False;False
G;131;C;;;;;;;7.1087036;0.465187942;0.69072146;Uncertain;Uncertain;Uncertain;Uncertain;Uncertain;Uncertain;Uncertain;Uncertain;Uncertain;Uncertain;Uncertain;;;;;False;False;False;False;False;False;False;False;False;False;;;False;False;False;False
G;131;D;;;;;;;3.6686401;0.209615701;0.513447058;Uncertain;Uncertain;Uncertain;Uncertain;Benign;Benign;Benign;Benign;Benign;Uncertain;Benign;;;;;False;False;False;False;False;True;False;False;False;False;;;False;False;False;False
G;131;E;;;;uncertain;7.96E-06;7.96E-06;4.9586487;0.27838564;0.591422145;Uncertain;Uncertain;Uncertain;Uncertain;Uncertain;Benign;Benign;Benign;Benign;Uncertain;Benign;5.034668;0.282901471;0.59567281;Benign;False;False;False;False;False;True;False;False;False;False;uncertain;uncertain;False;False;False;False
G;131;F;;;;;;;8.67215;0.724961921;0.588205687;Uncertain;Uncertain;Uncertain;Uncertain;Uncertain;Pathogenic;Pathogenic;Pathogenic;Pathogenic;Uncertain;Pathogenic;;;;;False;False;False;False;False;False;True;False;False;False;;;False;False;False;False
G;131;G;;;;;;;;;;;;;;;;;;;;;;;;;False;False;False;False;False;False;False;False;False;False;;;False;False;False;False
G;131;H;;;;;;;6.891571;0.435149356;0.684712226;Uncertain;Uncertain;Uncertain;Uncertain;Uncertain;Uncertain;Uncertain;Uncertain;Benign;Uncertain;Uncertain;;;;;False;False;False;False;False;False;False;False;False;False;;;False;False;False;False
G;131;I;;;;;;;8.931366;0.757033437;0.554475368;Uncertain;Uncertain;Uncertain;Uncertain;Uncertain;Pathogenic;Pathogenic;Pathogenic;Pathogenic;Uncertain;Pathogenic;;;;;False;False;False;False;False;False;True;False;False;False;;;False;False;False;False
G;131;K;;;;;;;4.256531;0.239169928;0.550121231;Uncertain;Uncertain;Uncertain;Uncertain;Benign;Benign;Benign;Benign;Benign;Uncertain;Benign;;;;;False;False;False;False;False;True;False;False;False;False;;;False;False;False;False
G;131;L;;;;;;;7.0610046;0.458241602;0.689655587;Uncertain;Uncertain;Uncertain;Uncertain;Uncertain;Uncertain;Uncertain;Uncertain;Uncertain;Uncertain;Uncertain;;;;;False;False;False;False;False;False;False;False;False;False;;;False;False;False;False
G;131;M;;;;;;;6.2612;0.368452649;0.658127016;Uncertain;Uncertain;Uncertain;Uncertain;Uncertain;Uncertain;Uncertain;Benign;Benign;Uncertain;Uncertain;;;;;False;False;False;False;False;False;False;False;False;False;;;False;False;False;False
G;131;N;;;;;;;3.2520752;0.190484984;0.486925433;Uncertain;Uncertain;Uncertain;Benign;Benign;Benign;Benign;Benign;Benign;Uncertain;Benign;;;;;False;False;False;False;False;True;False;False;False;False;;;False;False;False;False
G;131;P;;;;;;;7.001129;0.449798729;0.688098343;Uncertain;Uncertain;Uncertain;Uncertain;Uncertain;Uncertain;Uncertain;Uncertain;Uncertain;Uncertain;Uncertain;;;;;False;False;False;False;False;False;False;False;False;False;;;False;False;False;False
G;131;Q;;;;;;;4.772766;0.267576379;0.580833323;Uncertain;Uncertain;Uncertain;Uncertain;Uncertain;Benign;Benign;Benign;Benign;Uncertain;Benign;;;;;False;False;False;False;False;True;False;False;False;False;;;False;False;False;False
G;131;R;;;;;;;5.074707;0.285303288;0.597892581;Uncertain;Uncertain;Uncertain;Uncertain;Uncertain;Benign;Benign;Benign;Benign;Uncertain;Benign;;;;;False;False;False;False;False;True;False;False;False;False;;;False;False;False;False
G;131;S;;;;;;;4.4240417;0.248134547;0.560276439;Uncertain;Uncertain;Uncertain;Uncertain;Uncertain;Benign;Benign;Benign;Benign;Uncertain;Benign;;;;;False;False;False;False;False;True;False;False;False;False;;;False;False;False;False
G;131;T;;;;;;;4.888153;0.274248158;0.587438523;Uncertain;Uncertain;Uncertain;Uncertain;Uncertain;Benign;Benign;Benign;Benign;Uncertain;Benign;;;;;False;False;False;False;False;True;False;False;False;False;;;False;False;False;False
G;131;V;;;;;;;7.5335693;0.534742284;0.690731182;Uncertain;Uncertain;Uncertain;Uncertain;Uncertain;Uncertain;Uncertain;Uncertain;Uncertain;Uncertain;Uncertain;;;;;False;False;False;False;False;False;False;False;False;False;;;False;False;False;False
G;131;W;;;;;;;9.016815;0.766552797;0.543408202;Uncertain;Uncertain;Uncertain;Uncertain;Pathogenic;Pathogenic;Pathogenic;Pathogenic;Pathogenic;Uncertain;Pathogenic;;;;;False;False;False;False;False;False;True;False;False;False;;;False;False;False;False
G;131;Y;;;;;;;7.3054504;0.495823059;0.693112286;Uncertain;Uncertain;Uncertain;Uncertain;Uncertain;Uncertain;Uncertain;Uncertain;Uncertain;Uncertain;Uncertain;;;;;False;False;False;False;False;False;False;False;False;False;;;False;False;False;False
N;132;A;;;;;;;2.5221252;0.160565939;0.440607145;Uncertain;Uncertain;Uncertain;Benign;Benign;Benign;Benign;Benign;Benign;Uncertain;Benign;;;;;False;False;False;False;False;True;False;False;False;False;;;False;False;False;False
N;132;C;;;;;;;6.577545;0.398575035;0.672429661;Uncertain;Uncertain;Uncertain;Uncertain;Uncertain;Uncertain;Uncertain;Uncertain;Benign;Uncertain;Uncertain;;;;;False;False;False;False;False;False;False;False;False;False;;;False;False;False;False
N;132;D;;;;;;;0.9633789;0.110932495;0.348460512;Uncertain;Benign;Benign;Benign;Benign;Benign;Benign;Benign;Benign;Benign;Benign;;;;;False;False;False;False;False;True;False;False;False;False;;;False;False;False;False
N;132;E;;;;;;;5.2274475;0.294622535;0.606238899;Uncertain;Uncertain;Uncertain;Uncertain;Uncertain;Uncertain;Benign;Benign;Benign;Uncertain;Benign;;;;;False;False;False;False;False;True;False;False;False;False;;;False;False;False;False
N;132;F;;;;;;;1.1031799;0.114665293;0.356159446;Uncertain;Benign;Benign;Benign;Benign;Benign;Benign;Benign;Benign;Benign;Benign;;;;;False;False;False;False;False;True;False;False;False;False;;;False;False;False;False
N;132;G;;;;;;;3.774353;0.214710145;0.52013076;Uncertain;Uncertain;Uncertain;Uncertain;Benign;Benign;Benign;Benign;Benign;Uncertain;Benign;;;;;False;False;False;False;False;True;False;False;False;False;;;False;False;False;False
N;132;H;;;;;;;-1.672821;0.060708033;0.228911272;Benign;Benign;Benign;Benign;Benign;Benign;Benign;Benign;Benign;Benign;Benign;;;;;False;False;False;False;False;True;False;False;False;False;;;False;False;False;False
N;132;I;;;;;;;6.120117;0.356638881;0.651459777;Uncertain;Uncertain;Uncertain;Uncertain;Uncertain;Uncertain;Uncertain;Benign;Benign;Uncertain;Benign;;;;;False;False;False;False;False;True;False;False;False;False;;;False;False;False;False
N;132;K;;;;;;;2.8510742;0.173487221;0.461372786;Uncertain;Uncertain;Uncertain;Benign;Benign;Benign;Benign;Benign;Benign;Uncertain;Benign;;;;;False;False;False;False;False;True;False;False;False;False;;;False;False;False;False
N;132;L;;;;;;;4.6650696;0.261458205;0.574576635;Uncertain;Uncertain;Uncertain;Uncertain;Uncertain;Benign;Benign;Benign;Benign;Uncertain;Benign;;;;;False;False;False;False;False;True;False;False;False;False;;;False;False;False;False
N;132;M;;;;;;;5.303131;0.299338916;0.610303126;Uncertain;Uncertain;Uncertain;Uncertain;Uncertain;Uncertain;Benign;Benign;Benign;Uncertain;Benign;;;;;False;False;False;False;False;True;False;False;False;False;;;False;False;False;False
N;132;N;;;;;;;;;;;;;;;;;;;;;;;;;False;False;False;False;False;False;False;False;False;False;;;False;False;False;False
N;132;P;;;;;;;7.2164;0.481574561;0.692468033;Uncertain;Uncertain;Uncertain;Uncertain;Uncertain;Uncertain;Uncertain;Uncertain;Uncertain;Uncertain;Uncertain;;;;;False;False;False;False;False;False;False;False;False;False;;;False;False;False;False
N;132;Q;;;;;;;2.612854;0.164039119;0.446307374;Uncertain;Uncertain;Uncertain;Benign;Benign;Benign;Benign;Benign;Benign;Uncertain;Benign;;;;;False;False;False;False;False;True;False;False;False;False;;;False;False;False;False
N;132;R;;;;;;;3.5057373;0.201954998;0.503100712;Uncertain;Uncertain;Uncertain;Uncertain;Benign;Benign;Benign;Benign;Benign;Uncertain;Benign;;;;;False;False;False;False;False;True;False;False;False;False;;;False;False;False;False
N;132;S;;;;uncertain;1.77E-05;1.77E-05;2.1678162;0.147650429;0.418611777;Uncertain;Uncertain;Benign;Benign;Benign;Benign;Benign;Benign;Benign;Uncertain;Benign;2.2051086;0.148961975;0.420904294;Benign;False;False;False;False;False;True;False;False;False;False;uncertain;uncertain;False;False;False;False
N;132;T;;;;;;;2.1663208;0.147598069;0.418519971;Uncertain;Uncertain;Benign;Benign;Benign;Benign;Benign;Benign;Benign;Uncertain;Benign;;;;;False;False;False;False;False;True;False;False;False;False;;;False;False;False;False
N;132;V;;;;;;;3.3790283;0.196155695;0.495026678;Uncertain;Uncertain;Uncertain;Benign;Benign;Benign;Benign;Benign;Benign;Uncertain;Benign;;;;;False;False;False;False;False;True;False;False;False;False;;;False;False;False;False
N;132;W;;;;;;;6.6214294;0.403240091;0.674303559;Uncertain;Uncertain;Uncertain;Uncertain;Uncertain;Uncertain;Uncertain;Uncertain;Benign;Uncertain;Uncertain;;;;;False;False;False;False;False;False;False;False;False;False;;;False;False;False;False
N;132;Y;;;;;;;3.4257812;0.198279281;0.498007727;Uncertain;Uncertain;Uncertain;Uncertain;Benign;Benign;Benign;Benign;Benign;Uncertain;Benign;;;;;False;False;False;False;False;True;False;False;False;False;;;False;False;False;False
E;133;A;;;;;;;3.2277527;0.1894145;0.485372869;Uncertain;Uncertain;Uncertain;Benign;Benign;Benign;Benign;Benign;Benign;Uncertain;Benign;;;;;False;False;False;False;False;True;False;False;False;False;;;False;False;False;False
E;133;C;;;;;;;8.45578;0.6942882;0.615626498;Uncertain;Uncertain;Uncertain;Uncertain;Uncertain;Uncertain;Pathogenic;Pathogenic;Pathogenic;Uncertain;Pathogenic;;;;;False;False;False;False;False;False;True;False;False;False;;;False;False;False;False
E;133;D;;;;;;;2.2861023;0.151848899;0.42590283;Uncertain;Uncertain;Benign;Benign;Benign;Benign;Benign;Benign;Benign;Uncertain;Benign;;;;;False;False;False;False;False;True;False;False;False;False;;;False;False;False;False
E;133;E;;;;;;;;;;;;;;;;;;;;;;;;;False;False;False;False;False;False;False;False;False;False;;;False;False;False;False
E;133;F;;;;;;;7.108429;0.465147397;0.690715801;Uncertain;Uncertain;Uncertain;Uncertain;Uncertain;Uncertain;Uncertain;Uncertain;Uncertain;Uncertain;Uncertain;;;;;False;False;False;False;False;False;False;False;False;False;;;False;False;False;False
E;133;G;;;;;;;6.8381042;0.42837027;0.682850152;Uncertain;Uncertain;Uncertain;Uncertain;Uncertain;Uncertain;Uncertain;Uncertain;Benign;Uncertain;Uncertain;;;;;False;False;False;False;False;False;False;False;False;False;;;False;False;False;False
E;133;H;;;;;;;6.526001;0.393262099;0.670184921;Uncertain;Uncertain;Uncertain;Uncertain;Uncertain;Uncertain;Uncertain;Uncertain;Benign;Uncertain;Uncertain;;;;;False;False;False;False;False;False;False;False;False;False;;;False;False;False;False
E;133;I;;;;;;;7.323242;0.498740613;0.693144008;Uncertain;Uncertain;Uncertain;Uncertain;Uncertain;Uncertain;Uncertain;Uncertain;Uncertain;Uncertain;Uncertain;;;;;False;False;False;False;False;False;False;False;False;False;;;False;False;False;False
E;133;K;;;;;;;3.4327393;0.198596951;0.498451221;Uncertain;Uncertain;Uncertain;Uncertain;Benign;Benign;Benign;Benign;Benign;Uncertain;Benign;;;;;False;False;False;False;False;True;False;False;False;False;;;False;False;False;False
E;133;L;;;;;;;6.5203857;0.392693782;0.66993781;Uncertain;Uncertain;Uncertain;Uncertain;Uncertain;Uncertain;Uncertain;Uncertain;Benign;Uncertain;Uncertain;;;;;False;False;False;False;False;False;False;False;False;False;;;False;False;False;False
E;133;M;;;;;;;8.43335;0.690903179;0.618376106;Uncertain;Uncertain;Uncertain;Uncertain;Uncertain;Uncertain;Pathogenic;Pathogenic;Pathogenic;Uncertain;Pathogenic;;;;;False;False;False;False;False;False;True;False;False;False;;;False;False;False;False
E;133;N;;;;;;;4.1120605;0.231631541;0.541240248;Uncertain;Uncertain;Uncertain;Uncertain;Benign;Benign;Benign;Benign;Benign;Uncertain;Benign;;;;;False;False;False;False;False;True;False;False;False;False;;;False;False;False;False
E;133;P;;;;;;;2.5971985;0.163434916;0.445322111;Uncertain;Uncertain;Uncertain;Benign;Benign;Benign;Benign;Benign;Benign;Uncertain;Benign;;;;;False;False;False;False;False;True;False;False;False;False;;;False;False;False;False
E;133;Q;;;;;;;4.3414;0.243681756;0.555286784;Uncertain;Uncertain;Uncertain;Uncertain;Uncertain;Benign;Benign;Benign;Benign;Uncertain;Benign;;;;;False;False;False;False;False;True;False;False;False;False;;;False;False;False;False
E;133;R;;;;;;;6.9527893;0.443208132;0.686682606;Uncertain;Uncertain;Uncertain;Uncertain;Uncertain;Uncertain;Uncertain;Uncertain;Uncertain;Uncertain;Uncertain;;;;;False;False;False;False;False;False;False;False;False;False;;;False;False;False;False
E;133;S;;;;;;;4.2171326;0.237096399;0.547709832;Uncertain;Uncertain;Uncertain;Uncertain;Benign;Benign;Benign;Benign;Benign;Uncertain;Benign;;;;;False;False;False;False;False;True;False;False;False;False;;;False;False;False;False
E;133;T;;;;;;;4.420746;0.247955849;0.560078252;Uncertain;Uncertain;Uncertain;Uncertain;Uncertain;Benign;Benign;Benign;Benign;Uncertain;Benign;;;;;False;False;False;False;False;True;False;False;False;False;;;False;False;False;False
E;133;V;;;;;;;5.5506287;0.315294583;0.623271638;Uncertain;Uncertain;Uncertain;Uncertain;Uncertain;Uncertain;Benign;Benign;Benign;Uncertain;Benign;;;;;False;False;False;False;False;True;False;False;False;False;;;False;False;False;False
E;133;W;;;;;;;8.584412;0.712958849;0.599481074;Uncertain;Uncertain;Uncertain;Uncertain;Uncertain;Uncertain;Pathogenic;Pathogenic;Pathogenic;Uncertain;Pathogenic;;;;;False;False;False;False;False;False;True;False;False;False;;;False;False;False;False
E;133;Y;;;;;;;7.4637756;0.522519882;0.692132547;Uncertain;Uncertain;Uncertain;Uncertain;Uncertain;Uncertain;Uncertain;Uncertain;Uncertain;Uncertain;Uncertain;;;;;False;False;False;False;False;False;False;False;False;False;;;False;False;False;False
E;134;A;;;;;;;3.5670776;0.204812556;0.507002096;Uncertain;Uncertain;Uncertain;Uncertain;Benign;Benign;Benign;Benign;Benign;Uncertain;Benign;;;;;False;False;True;False;False;True;False;False;False;False;;;False;False;False;False
E;134;C;;;;;;;6.7005615;0.412000166;0.677578273;Uncertain;Uncertain;Uncertain;Uncertain;Uncertain;Uncertain;Uncertain;Uncertain;Benign;Uncertain;Uncertain;;;;;False;False;True;False;False;False;False;False;False;False;;;False;False;False;False
E;134;D;;;;;;;0.24505615;0.0936949;0.311004133;Uncertain;Benign;Benign;Benign;Benign;Benign;Benign;Benign;Benign;Benign;Benign;;;;;False;False;True;False;False;True;False;False;False;False;;;False;False;False;False
E;134;E;;;;;;;;;;;;;;;;;;;;;;;;;False;False;True;False;False;False;False;False;False;False;;;False;False;False;False
E;134;F;;;;;;;4.0167847;0.226758112;0.535329361;Uncertain;Uncertain;Uncertain;Uncertain;Benign;Benign;Benign;Benign;Benign;Uncertain;Benign;;;;;False;False;True;False;False;True;False;False;False;False;;;False;False;False;False
E;134;G;;;;;;;3.222229;0.189172104;0.485020278;Uncertain;Uncertain;Uncertain;Benign;Benign;Benign;Benign;Benign;Benign;Uncertain;Benign;;;;;False;False;True;False;False;True;False;False;False;False;;;False;False;False;False
E;134;H;;;;;;;6.9334717;0.440630598;0.68608107;Uncertain;Uncertain;Uncertain;Uncertain;Uncertain;Uncertain;Uncertain;Uncertain;Uncertain;Uncertain;Uncertain;;;;;False;False;True;False;False;False;False;False;False;False;;;False;False;False;False
E;134;I;;;;;;;6.793274;0.422868608;0.681201031;Uncertain;Uncertain;Uncertain;Uncertain;Uncertain;Uncertain;Uncertain;Uncertain;Benign;Uncertain;Uncertain;;;;;False;False;True;False;False;False;False;False;False;False;;;False;False;False;False
E;134;K;Likely pathogenic;1;1;pathogenic;;;4.4052734;0.24711815;0.559146905;Uncertain;Uncertain;Uncertain;Uncertain;Uncertain;Benign;Benign;Benign;Benign;Uncertain;Benign;4.3703003;0.245232257;0.557036367;Benign;False;False;True;True;False;True;False;False;False;False;uncertain;Conflicting interpretations of pathogenicity;True;False;True;False
E;134;L;;;;;;;-1.0190125;0.070141583;0.254005023;Benign;Benign;Benign;Benign;Benign;Benign;Benign;Benign;Benign;Benign;Benign;;;;;False;False;True;False;False;True;False;False;False;False;;;False;False;False;False
E;134;M;;;;;;;5.2373047;0.295232934;0.606770905;Uncertain;Uncertain;Uncertain;Uncertain;Uncertain;Uncertain;Benign;Benign;Benign;Uncertain;Benign;;;;;False;False;True;False;False;True;False;False;False;False;;;False;False;False;False
E;134;N;;;;;;;4.249237;0.238785043;0.549675421;Uncertain;Uncertain;Uncertain;Uncertain;Benign;Benign;Benign;Benign;Benign;Uncertain;Benign;;;;;False;False;True;False;False;True;False;False;False;False;;;False;False;False;False
E;134;P;;;;;;;6.811096;0.425036104;0.68186552;Uncertain;Uncertain;Uncertain;Uncertain;Uncertain;Uncertain;Uncertain;Uncertain;Benign;Uncertain;Uncertain;;;;;False;False;True;False;False;False;False;False;False;False;;;False;False;False;False
E;134;Q;;;;;;;2.3631287;0.154643624;0.430680068;Uncertain;Uncertain;Benign;Benign;Benign;Benign;Benign;Benign;Benign;Uncertain;Benign;;;;;False;False;True;False;False;True;False;False;False;False;;;False;False;False;False
E;134;R;;;;;;;5.953369;0.343637772;0.643418955;Uncertain;Uncertain;Uncertain;Uncertain;Uncertain;Uncertain;Uncertain;Benign;Benign;Uncertain;Benign;;;;;False;False;True;False;False;True;False;False;False;False;;;False;False;False;False
E;134;S;;;;;;;4.243988;0.23850835;0.549354425;Uncertain;Uncertain;Uncertain;Uncertain;Benign;Benign;Benign;Benign;Benign;Uncertain;Benign;;;;;False;False;True;False;False;True;False;False;False;False;;;False;False;False;False
E;134;T;;;;;;;2.6425476;0.165190735;0.448177928;Uncertain;Uncertain;Uncertain;Benign;Benign;Benign;Benign;Benign;Benign;Uncertain;Benign;;;;;False;False;True;False;False;True;False;False;False;False;;;False;False;False;False
E;134;V;;;;;;;5.193756;0.292544696;0.604414465;Uncertain;Uncertain;Uncertain;Uncertain;Uncertain;Uncertain;Benign;Benign;Benign;Uncertain;Benign;;;;;False;False;True;False;False;True;False;False;False;False;;;False;False;False;False
E;134;W;;;;;;;7.2995605;0.494862226;0.693094386;Uncertain;Uncertain;Uncertain;Uncertain;Uncertain;Uncertain;Uncertain;Uncertain;Uncertain;Uncertain;Uncertain;;;;;False;False;True;False;False;False;False;False;False;False;;;False;False;False;False
E;134;Y;;;;;;;5.6467285;0.321748262;0.628180232;Uncertain;Uncertain;Uncertain;Uncertain;Uncertain;Uncertain;Benign;Benign;Benign;Uncertain;Benign;;;;;False;False;True;False;False;True;False;False;False;False;;;False;False;False;False
S;135;A;;;;;;;11.549988;0.915201688;0.290334874;Pathogenic;Pathogenic;Pathogenic;Pathogenic;Pathogenic;Pathogenic;Pathogenic;Pathogenic;Pathogenic;Pathogenic;Pathogenic;;;;;False;False;False;False;False;False;True;False;False;False;;;False;False;False;False
S;135;C;;;;;;;10.54718;0.877295752;0.372278612;Uncertain;Pathogenic;Pathogenic;Pathogenic;Pathogenic;Pathogenic;Pathogenic;Pathogenic;Pathogenic;Pathogenic;Pathogenic;;;;;False;False;False;False;False;False;True;False;False;False;;;False;False;False;False
S;135;D;;;;;;;11.6189575;0.917180543;0.28560203;Pathogenic;Pathogenic;Pathogenic;Pathogenic;Pathogenic;Pathogenic;Pathogenic;Pathogenic;Pathogenic;Pathogenic;Pathogenic;;;;;False;False;False;False;False;False;True;False;False;False;;;False;False;False;False
S;135;E;;;;;;;11.618561;0.917169376;0.28562888;Pathogenic;Pathogenic;Pathogenic;Pathogenic;Pathogenic;Pathogenic;Pathogenic;Pathogenic;Pathogenic;Pathogenic;Pathogenic;;;;;False;False;False;False;False;False;True;False;False;False;;;False;False;False;False
S;135;F;;;;;;;10.060883;0.851280696;0.420481145;Uncertain;Uncertain;Pathogenic;Pathogenic;Pathogenic;Pathogenic;Pathogenic;Pathogenic;Pathogenic;Uncertain;Pathogenic;;;;;False;False;False;False;False;False;True;False;False;False;;;False;False;False;False
S;135;G;;;;;;;11.480591;0.913135863;0.295221907;Pathogenic;Pathogenic;Pathogenic;Pathogenic;Pathogenic;Pathogenic;Pathogenic;Pathogenic;Pathogenic;Pathogenic;Pathogenic;;;;;False;False;False;False;False;False;True;False;False;False;;;False;False;False;False
S;135;H;;;;;;;11.631195;0.917523994;0.284775377;Pathogenic;Pathogenic;Pathogenic;Pathogenic;Pathogenic;Pathogenic;Pathogenic;Pathogenic;Pathogenic;Pathogenic;Pathogenic;;;;;False;False;False;False;False;False;True;False;False;False;;;False;False;False;False
S;135;I;;;;;;;11.6102295;0.916934181;0.286194043;Pathogenic;Pathogenic;Pathogenic;Pathogenic;Pathogenic;Pathogenic;Pathogenic;Pathogenic;Pathogenic;Pathogenic;Pathogenic;;;;;False;False;False;False;False;False;True;False;False;False;;;False;False;False;False
S;135;K;;;;;;;9.502716;0.812253031;0.482939505;Uncertain;Uncertain;Uncertain;Pathogenic;Pathogenic;Pathogenic;Pathogenic;Pathogenic;Pathogenic;Uncertain;Pathogenic;;;;;False;False;False;False;False;False;True;False;False;False;;;False;False;False;False
S;135;L;;;;;;;11.666168;0.918492868;0.282434967;Pathogenic;Pathogenic;Pathogenic;Pathogenic;Pathogenic;Pathogenic;Pathogenic;Pathogenic;Pathogenic;Pathogenic;Pathogenic;;;;;False;False;False;False;False;False;True;False;False;False;;;False;False;False;False
S;135;M;;;;;;;11.815308;0.922415834;0.272829049;Pathogenic;Pathogenic;Pathogenic;Pathogenic;Pathogenic;Pathogenic;Pathogenic;Pathogenic;Pathogenic;Pathogenic;Pathogenic;;;;;False;False;False;False;False;False;True;False;False;False;;;False;False;False;False
S;135;N;Pathogenic;0;1;uncertain;3.98E-06;3.98E-06;11.604797;0.916780248;0.286563543;Pathogenic;Pathogenic;Pathogenic;Pathogenic;Pathogenic;Pathogenic;Pathogenic;Pathogenic;Pathogenic;Pathogenic;Pathogenic;11.623932;0.917320432;0.285265518;Pathogenic;False;False;False;True;False;False;True;False;False;False;pathogenic;Pathogenic;False;False;False;False
S;135;P;;;;;;;11.681641;0.918915559;0.281409997;Pathogenic;Pathogenic;Pathogenic;Pathogenic;Pathogenic;Pathogenic;Pathogenic;Pathogenic;Pathogenic;Pathogenic;Pathogenic;;;;;False;False;False;False;False;False;True;False;False;False;;;False;False;False;False
S;135;Q;;;;;;;11.684814;0.919001787;0.28120061;Pathogenic;Pathogenic;Pathogenic;Pathogenic;Pathogenic;Pathogenic;Pathogenic;Pathogenic;Pathogenic;Pathogenic;Pathogenic;;;;;False;False;False;False;False;False;True;False;False;False;;;False;False;False;False
S;135;R;;;;;;;10.525574;0.876264349;0.374302523;Uncertain;Pathogenic;Pathogenic;Pathogenic;Pathogenic;Pathogenic;Pathogenic;Pathogenic;Pathogenic;Pathogenic;Pathogenic;;;;;False;False;False;False;False;False;True;False;False;False;;;False;False;False;False
S;135;S;;;;;;;;;;;;;;;;;;;;;;;;;False;False;False;False;False;False;False;False;False;False;;;False;False;False;False
S;135;T;;;;;;;7.648407;0.555276944;0.68702359;Uncertain;Uncertain;Uncertain;Uncertain;Uncertain;Uncertain;Uncertain;Uncertain;Uncertain;Uncertain;Uncertain;;;;;False;False;False;False;False;False;False;False;False;False;;;False;False;False;False
S;135;V;;;;;;;11.569702;0.915774831;0.288969321;Pathogenic;Pathogenic;Pathogenic;Pathogenic;Pathogenic;Pathogenic;Pathogenic;Pathogenic;Pathogenic;Pathogenic;Pathogenic;;;;;False;False;False;False;False;False;True;False;False;False;;;False;False;False;False
S;135;W;;;;;;;11.608643;0.916889274;0.28630187;Pathogenic;Pathogenic;Pathogenic;Pathogenic;Pathogenic;Pathogenic;Pathogenic;Pathogenic;Pathogenic;Pathogenic;Pathogenic;;;;;False;False;False;False;False;False;True;False;False;False;;;False;False;False;False
S;135;Y;;;;;;;11.602203;0.916706585;0.286740253;Pathogenic;Pathogenic;Pathogenic;Pathogenic;Pathogenic;Pathogenic;Pathogenic;Pathogenic;Pathogenic;Pathogenic;Pathogenic;;;;;False;False;False;False;False;False;True;False;False;False;;;False;False;False;False
T;136;A;;;;;;;-0.0769043;0.086939812;0.295399898;Benign;Benign;Benign;Benign;Benign;Benign;Benign;Benign;Benign;Benign;Benign;;;;;False;False;False;False;False;True;False;False;False;False;;;False;False;False;False
T;136;C;;;;;;;3.7339478;0.212751534;0.517579502;Uncertain;Uncertain;Uncertain;Uncertain;Benign;Benign;Benign;Benign;Benign;Uncertain;Benign;;;;;False;False;False;False;False;True;False;False;False;False;;;False;False;False;False
T;136;D;;;;;;;3.5966187;0.206200395;0.508878772;Uncertain;Uncertain;Uncertain;Uncertain;Benign;Benign;Benign;Benign;Benign;Uncertain;Benign;;;;;False;False;False;False;False;True;False;False;False;False;;;False;False;False;False
T;136;E;;;;;;;3.319275;0.193469235;0.491214468;Uncertain;Uncertain;Uncertain;Benign;Benign;Benign;Benign;Benign;Benign;Uncertain;Benign;;;;;False;False;False;False;False;True;False;False;False;False;;;False;False;False;False
T;136;F;;;;;;;2.1371765;0.146581155;0.416732629;Uncertain;Uncertain;Benign;Benign;Benign;Benign;Benign;Benign;Benign;Uncertain;Benign;;;;;False;False;False;False;False;True;False;False;False;False;;;False;False;False;False
T;136;G;;;;;;;2.7842407;0.170788125;0.457133688;Uncertain;Uncertain;Uncertain;Benign;Benign;Benign;Benign;Benign;Benign;Uncertain;Benign;;;;;False;False;False;False;False;True;False;False;False;False;;;False;False;False;False
T;136;H;;;;;;;1.9500427;0.140211264;0.405346806;Uncertain;Uncertain;Benign;Benign;Benign;Benign;Benign;Benign;Benign;Benign;Benign;;;;;False;False;False;False;False;True;False;False;False;False;;;False;False;False;False
T;136;I;;;;uncertain;7.07E-06;7.07E-06;1.517456;0.126512358;0.379702655;Uncertain;Uncertain;Benign;Benign;Benign;Benign;Benign;Benign;Benign;Benign;Benign;1.4962769;0.125877278;0.378473753;Benign;False;False;False;False;False;True;False;False;False;False;uncertain;uncertain;False;False;False;False
T;136;K;;;;;;;-3.7079468;0.039906905;0.167648174;Benign;Benign;Benign;Benign;Benign;Benign;Benign;Benign;Benign;Benign;Benign;;;;;False;False;False;False;False;True;False;False;False;False;;;False;False;False;False
T;136;L;;;;;;;-3.1034546;0.044968777;0.183425738;Benign;Benign;Benign;Benign;Benign;Benign;Benign;Benign;Benign;Benign;Benign;;;;;False;False;False;False;False;True;False;False;False;False;;;False;False;False;False
T;136;M;;;;;;;1.9362488;0.139752552;0.404514042;Uncertain;Uncertain;Benign;Benign;Benign;Benign;Benign;Benign;Benign;Benign;Benign;;;;;False;False;False;False;False;True;False;False;False;False;;;False;False;False;False
T;136;N;;;;;;;1.5401306;0.127195887;0.381021227;Uncertain;Uncertain;Benign;Benign;Benign;Benign;Benign;Benign;Benign;Benign;Benign;;;;;False;False;False;False;False;True;False;False;False;False;;;False;False;False;False
T;136;P;;;;;;;0.70355225;0.10433229;0.334499027;Uncertain;Benign;Benign;Benign;Benign;Benign;Benign;Benign;Benign;Benign;Benign;;;;;False;False;False;False;False;True;False;False;False;False;;;False;False;False;False
T;136;Q;;;;;;;1.2405701;0.118461831;0.363849053;Uncertain;Benign;Benign;Benign;Benign;Benign;Benign;Benign;Benign;Benign;Benign;;;;;False;False;False;False;False;True;False;False;False;False;;;False;False;False;False
T;136;R;;;;;;;0.13955688;0.091419171;0.305809029;Uncertain;Benign;Benign;Benign;Benign;Benign;Benign;Benign;Benign;Benign;Benign;;;;;False;False;False;False;False;True;False;False;False;False;;;False;False;False;False
T;136;S;;;;;;;0.004364014;0.08859215;0.299268415;Benign;Benign;Benign;Benign;Benign;Benign;Benign;Benign;Benign;Benign;Benign;;;;;False;False;False;False;False;True;False;False;False;False;;;False;False;False;False
T;136;T;;;;;;;;;;;;;;;;;;;;;;;;;False;False;False;False;False;False;False;False;False;False;;;False;False;False;False
T;136;V;;;;;;;2.4741821;0.15875823;0.437604992;Uncertain;Uncertain;Benign;Benign;Benign;Benign;Benign;Benign;Benign;Uncertain;Benign;;;;;False;False;False;False;False;True;False;False;False;False;;;False;False;False;False
T;136;W;;;;;;;4.566925;0.255971975;0.568801422;Uncertain;Uncertain;Uncertain;Uncertain;Uncertain;Benign;Benign;Benign;Benign;Uncertain;Benign;;;;;False;False;False;False;False;True;False;False;False;False;;;False;False;False;False
T;136;Y;;;;;;;4.417267;0.247767314;0.559868968;Uncertain;Uncertain;Uncertain;Uncertain;Uncertain;Benign;Benign;Benign;Benign;Uncertain;Benign;;;;;False;False;False;False;False;True;False;False;False;False;;;False;False;False;False
K;137;A;;;;;;;3.5804138;0.205438152;0.507849505;Uncertain;Uncertain;Uncertain;Uncertain;Benign;Benign;Benign;Benign;Benign;Uncertain;Benign;;;;;False;False;False;False;False;True;False;False;False;False;;;False;False;False;False
K;137;C;;;;;;;7.291626;0.493571858;0.693064536;Uncertain;Uncertain;Uncertain;Uncertain;Uncertain;Uncertain;Uncertain;Uncertain;Uncertain;Uncertain;Uncertain;;;;;False;False;False;False;False;False;False;False;False;False;;;False;False;False;False
K;137;D;;;;;;;6.809967;0.42489803;0.681823764;Uncertain;Uncertain;Uncertain;Uncertain;Uncertain;Uncertain;Uncertain;Uncertain;Benign;Uncertain;Uncertain;;;;;False;False;False;False;False;False;False;False;False;False;;;False;False;False;False
K;137;E;;;;;;;3.5412598;0.203605843;0.505360733;Uncertain;Uncertain;Uncertain;Uncertain;Benign;Benign;Benign;Benign;Benign;Uncertain;Benign;;;;;False;False;False;False;False;True;False;False;False;False;;;False;False;False;False
K;137;F;;;;;;;7.475952;0.524635003;0.691932922;Uncertain;Uncertain;Uncertain;Uncertain;Uncertain;Uncertain;Uncertain;Uncertain;Uncertain;Uncertain;Uncertain;;;;;False;False;False;False;False;False;False;False;False;False;;;False;False;False;False
K;137;G;;;;;;;7.3900146;0.509884705;0.692951753;Uncertain;Uncertain;Uncertain;Uncertain;Uncertain;Uncertain;Uncertain;Uncertain;Uncertain;Uncertain;Uncertain;;;;;False;False;False;False;False;False;False;False;False;False;;;False;False;False;False
K;137;H;;;;;;;7.371277;0.506727574;0.693056657;Uncertain;Uncertain;Uncertain;Uncertain;Uncertain;Uncertain;Uncertain;Uncertain;Uncertain;Uncertain;Uncertain;;;;;False;False;False;False;False;False;False;False;False;False;;;False;False;False;False
K;137;I;;;;;;;2.027069;0.142799929;0.410013792;Uncertain;Uncertain;Benign;Benign;Benign;Benign;Benign;Benign;Benign;Uncertain;Benign;;;;;False;False;False;False;False;True;False;False;False;False;;;False;False;False;False
K;137;K;;;;;;;;;;;;;;;;;;;;;;;;;False;False;False;False;False;False;False;False;False;False;;;False;False;False;False
K;137;L;;;;;;;3.363617;0.19545985;0.494043654;Uncertain;Uncertain;Uncertain;Benign;Benign;Benign;Benign;Benign;Benign;Uncertain;Benign;;;;;False;False;False;False;False;True;False;False;False;False;;;False;False;False;False
K;137;M;;;;;;;5.511627;0.312720168;0.621259855;Uncertain;Uncertain;Uncertain;Uncertain;Uncertain;Uncertain;Benign;Benign;Benign;Uncertain;Benign;;;;;False;False;False;False;False;True;False;False;False;False;;;False;False;False;False
K;137;N;;;;;;;6.1454773;0.358702275;0.652667874;Uncertain;Uncertain;Uncertain;Uncertain;Uncertain;Uncertain;Uncertain;Benign;Benign;Uncertain;Benign;;;;;False;False;False;False;False;True;False;False;False;False;;;False;False;False;False
K;137;P;;;;;;;4.174225;0.234853315;0.54507448;Uncertain;Uncertain;Uncertain;Uncertain;Benign;Benign;Benign;Benign;Benign;Uncertain;Benign;;;;;False;False;False;False;False;True;False;False;False;False;;;False;False;False;False
K;137;Q;;;;;;;4.4311523;0.248520412;0.560703806;Uncertain;Uncertain;Uncertain;Uncertain;Uncertain;Benign;Benign;Benign;Benign;Uncertain;Benign;;;;;False;False;False;False;False;True;False;False;False;False;;;False;False;False;False
K;137;R;;;;;;;3.0914001;0.18350807;0.47667146;Uncertain;Uncertain;Uncertain;Benign;Benign;Benign;Benign;Benign;Benign;Uncertain;Benign;;;;;False;False;False;False;False;True;False;False;False;False;;;False;False;False;False
K;137;S;;;;;;;1.3772583;0.122368276;0.371617208;Uncertain;Benign;Benign;Benign;Benign;Benign;Benign;Benign;Benign;Benign;Benign;;;;;False;False;False;False;False;True;False;False;False;False;;;False;False;False;False
K;137;T;;;;;;;-1.038147;0.069841693;0.253229264;Benign;Benign;Benign;Benign;Benign;Benign;Benign;Benign;Benign;Benign;Benign;;;;;False;False;False;False;False;True;False;False;False;False;;;False;False;False;False
K;137;V;;;;;;;2.2893677;0.1519664;0.426104897;Uncertain;Uncertain;Benign;Benign;Benign;Benign;Benign;Benign;Benign;Uncertain;Benign;;;;;False;False;False;False;False;True;False;False;False;False;;;False;False;False;False
K;137;W;;;;;;;7.3289185;0.499676205;0.693146971;Uncertain;Uncertain;Uncertain;Uncertain;Uncertain;Uncertain;Uncertain;Uncertain;Uncertain;Uncertain;Uncertain;;;;;False;False;False;False;False;False;False;False;False;False;;;False;False;False;False
K;137;Y;;;;;;;6.746155;0.41726082;0.679392456;Uncertain;Uncertain;Uncertain;Uncertain;Uncertain;Uncertain;Uncertain;Uncertain;Benign;Uncertain;Uncertain;;;;;False;False;False;False;False;False;False;False;False;False;;;False;False;False;False
T;138;A;Conflicting interpretations of pathogenicity;1;2;uncertain;;;8.087616;0.634316463;0.656618356;Uncertain;Uncertain;Uncertain;Uncertain;Uncertain;Uncertain;Uncertain;Pathogenic;Pathogenic;Uncertain;Uncertain;8.068237;0.630934375;0.658456518;Uncertain;False;False;False;False;False;False;False;False;False;False;uncertain;Conflicting interpretations of pathogenicity;False;False;False;False
T;138;C;;;;;;;10.725952;0.885439473;0.355945255;Uncertain;Pathogenic;Pathogenic;Pathogenic;Pathogenic;Pathogenic;Pathogenic;Pathogenic;Pathogenic;Pathogenic;Pathogenic;;;;;False;False;False;False;False;False;True;False;False;False;;;False;False;False;False
T;138;D;;;;;;;7.1412964;0.47004555;0.691351567;Uncertain;Uncertain;Uncertain;Uncertain;Uncertain;Uncertain;Uncertain;Uncertain;Uncertain;Uncertain;Uncertain;;;;;False;False;False;False;False;False;False;False;False;False;;;False;False;False;False
T;138;E;;;;;;;11.172852;0.903042323;0.318346414;Uncertain;Pathogenic;Pathogenic;Pathogenic;Pathogenic;Pathogenic;Pathogenic;Pathogenic;Pathogenic;Pathogenic;Pathogenic;;;;;False;False;False;False;False;False;True;False;False;False;;;False;False;False;False
T;138;F;;;;;;;10.375732;0.868813113;0.388636718;Uncertain;Uncertain;Pathogenic;Pathogenic;Pathogenic;Pathogenic;Pathogenic;Pathogenic;Pathogenic;Pathogenic;Pathogenic;;;;;False;False;False;False;False;False;True;False;False;False;;;False;False;False;False
T;138;G;;;;;;;8.586548;0.713258124;0.599208575;Uncertain;Uncertain;Uncertain;Uncertain;Uncertain;Uncertain;Pathogenic;Pathogenic;Pathogenic;Uncertain;Pathogenic;;;;;False;False;False;False;False;False;True;False;False;False;;;False;False;False;False
T;138;H;;;;;;;10.249054;0.862082557;0.401164955;Uncertain;Uncertain;Pathogenic;Pathogenic;Pathogenic;Pathogenic;Pathogenic;Pathogenic;Pathogenic;Pathogenic;Pathogenic;;;;;False;False;False;False;False;False;True;False;False;False;;;False;False;False;False
T;138;I;;;;;;;11.144257;0.902024373;0.320612067;Uncertain;Pathogenic;Pathogenic;Pathogenic;Pathogenic;Pathogenic;Pathogenic;Pathogenic;Pathogenic;Pathogenic;Pathogenic;;;;;False;False;False;False;False;False;True;False;False;False;;;False;False;False;False
T;138;K;;;;;;;11.234711;0.90519675;0.31351214;Uncertain;Pathogenic;Pathogenic;Pathogenic;Pathogenic;Pathogenic;Pathogenic;Pathogenic;Pathogenic;Pathogenic;Pathogenic;;;;;False;False;False;False;False;False;True;False;False;False;;;False;False;False;False
T;138;L;;;;;;;11.188782;0.90360334;0.317092708;Uncertain;Pathogenic;Pathogenic;Pathogenic;Pathogenic;Pathogenic;Pathogenic;Pathogenic;Pathogenic;Pathogenic;Pathogenic;;;;;False;False;False;False;False;False;True;False;False;False;;;False;False;False;False
T;138;M;;;;;;;10.755615;0.88672595;0.35330625;Uncertain;Pathogenic;Pathogenic;Pathogenic;Pathogenic;Pathogenic;Pathogenic;Pathogenic;Pathogenic;Pathogenic;Pathogenic;;;;;False;False;False;False;False;False;True;False;False;False;;;False;False;False;False
T;138;N;;;;;;;5.891571;0.339039592;0.640396389;Uncertain;Uncertain;Uncertain;Uncertain;Uncertain;Uncertain;Uncertain;Benign;Benign;Uncertain;Benign;;;;;False;False;False;False;False;True;False;False;False;False;;;False;False;False;False
T;138;P;;;;;;;11.18692;0.903537988;0.317238936;Uncertain;Pathogenic;Pathogenic;Pathogenic;Pathogenic;Pathogenic;Pathogenic;Pathogenic;Pathogenic;Pathogenic;Pathogenic;;;;;False;False;False;False;False;False;True;False;False;False;;;False;False;False;False
T;138;Q;;;;;;;10.23999;0.861584926;0.402075921;Uncertain;Uncertain;Pathogenic;Pathogenic;Pathogenic;Pathogenic;Pathogenic;Pathogenic;Pathogenic;Pathogenic;Pathogenic;;;;;False;False;False;False;False;False;True;False;False;False;;;False;False;False;False
T;138;R;;;;;;;11.185425;0.903485474;0.317356402;Uncertain;Pathogenic;Pathogenic;Pathogenic;Pathogenic;Pathogenic;Pathogenic;Pathogenic;Pathogenic;Pathogenic;Pathogenic;;;;;False;False;False;False;False;False;True;False;False;False;;;False;False;False;False
T;138;S;;;;;;;5.352112;0.302429075;0.612908425;Uncertain;Uncertain;Uncertain;Uncertain;Uncertain;Uncertain;Benign;Benign;Benign;Uncertain;Benign;;;;;False;False;False;False;False;True;False;False;False;False;;;False;False;False;False
T;138;T;;;;;;;;;;;;;;;;;;;;;;;;;False;False;False;False;False;False;False;False;False;False;;;False;False;False;False
T;138;V;;;;;;;7.745575;0.572900102;0.682480349;Uncertain;Uncertain;Uncertain;Uncertain;Uncertain;Uncertain;Uncertain;Uncertain;Pathogenic;Uncertain;Uncertain;;;;;False;False;False;False;False;False;False;False;False;False;;;False;False;False;False
T;138;W;;;;;;;11.281342;0.9067783;0.309928965;Uncertain;Pathogenic;Pathogenic;Pathogenic;Pathogenic;Pathogenic;Pathogenic;Pathogenic;Pathogenic;Pathogenic;Pathogenic;;;;;False;False;False;False;False;False;True;False;False;False;;;False;False;False;False
T;138;Y;;;;;;;11.158142;0.902520418;0.319509489;Uncertain;Pathogenic;Pathogenic;Pathogenic;Pathogenic;Pathogenic;Pathogenic;Pathogenic;Pathogenic;Pathogenic;Pathogenic;;;;;False;False;False;False;False;False;True;False;False;False;;;False;False;False;False
G;139;A;;;;;;;11.132477;0.90160092;0.321551086;Uncertain;Pathogenic;Pathogenic;Pathogenic;Pathogenic;Pathogenic;Pathogenic;Pathogenic;Pathogenic;Pathogenic;Pathogenic;;;;;False;False;False;False;False;False;True;False;False;False;;;False;False;False;False
G;139;C;;;;;;;12.10553;0.929092299;0.255980585;Pathogenic;Pathogenic;Pathogenic;Pathogenic;Pathogenic;Pathogenic;Pathogenic;Pathogenic;Pathogenic;Pathogenic;Pathogenic;;;;;False;False;False;False;False;False;True;False;False;False;;;False;False;False;False
G;139;D;;;;;;;10.743164;0.886188128;0.354411503;Uncertain;Pathogenic;Pathogenic;Pathogenic;Pathogenic;Pathogenic;Pathogenic;Pathogenic;Pathogenic;Pathogenic;Pathogenic;;;;;False;False;False;False;False;False;True;False;False;False;;;False;False;False;False
G;139;E;Uncertain significance;1;1;uncertain;;;12.169403;0.930392348;0.252622879;Pathogenic;Pathogenic;Pathogenic;Pathogenic;Pathogenic;Pathogenic;Pathogenic;Pathogenic;Pathogenic;Pathogenic;Pathogenic;12.206085;0.931111181;0.250755138;Pathogenic;False;False;False;False;False;False;True;False;False;False;uncertain;Uncertain significance;False;False;False;False
G;139;F;;;;;;;12.224426;0.931462967;0.249838161;Pathogenic;Pathogenic;Pathogenic;Pathogenic;Pathogenic;Pathogenic;Pathogenic;Pathogenic;Pathogenic;Pathogenic;Pathogenic;;;;;False;False;False;False;False;False;True;False;False;False;;;False;False;False;False
G;139;G;;;;;;;;;;;;;;;;;;;;;;;;;False;False;False;False;False;False;False;False;False;False;;;False;False;False;False
G;139;H;;;;;;;12.207245;0.931133581;0.250696807;Pathogenic;Pathogenic;Pathogenic;Pathogenic;Pathogenic;Pathogenic;Pathogenic;Pathogenic;Pathogenic;Pathogenic;Pathogenic;;;;;False;False;False;False;False;False;True;False;False;False;;;False;False;False;False
G;139;I;;;;;;;12.155579;0.930116183;0.253338315;Pathogenic;Pathogenic;Pathogenic;Pathogenic;Pathogenic;Pathogenic;Pathogenic;Pathogenic;Pathogenic;Pathogenic;Pathogenic;;;;;False;False;False;False;False;False;True;False;False;False;;;False;False;False;False
G;139;K;;;;;;;12.220184;0.931382057;0.250049235;Pathogenic;Pathogenic;Pathogenic;Pathogenic;Pathogenic;Pathogenic;Pathogenic;Pathogenic;Pathogenic;Pathogenic;Pathogenic;;;;;False;False;False;False;False;False;True;False;False;False;;;False;False;False;False
G;139;L;;;;;;;12.140289;0.929807379;0.254136912;Pathogenic;Pathogenic;Pathogenic;Pathogenic;Pathogenic;Pathogenic;Pathogenic;Pathogenic;Pathogenic;Pathogenic;Pathogenic;;;;;False;False;False;False;False;False;True;False;False;False;;;False;False;False;False
G;139;M;;;;;;;12.194275;0.930881966;0.251351576;Pathogenic;Pathogenic;Pathogenic;Pathogenic;Pathogenic;Pathogenic;Pathogenic;Pathogenic;Pathogenic;Pathogenic;Pathogenic;;;;;False;False;False;False;False;False;True;False;False;False;;;False;False;False;False
G;139;N;;;;;;;12.125366;0.929502598;0.254923674;Pathogenic;Pathogenic;Pathogenic;Pathogenic;Pathogenic;Pathogenic;Pathogenic;Pathogenic;Pathogenic;Pathogenic;Pathogenic;;;;;False;False;False;False;False;False;True;False;False;False;;;False;False;False;False
G;139;P;;;;;;;12.221771;0.931412358;0.249970198;Pathogenic;Pathogenic;Pathogenic;Pathogenic;Pathogenic;Pathogenic;Pathogenic;Pathogenic;Pathogenic;Pathogenic;Pathogenic;;;;;False;False;False;False;False;False;True;False;False;False;;;False;False;False;False
G;139;Q;;;;;;;12.005585;0.926935306;0.261495172;Pathogenic;Pathogenic;Pathogenic;Pathogenic;Pathogenic;Pathogenic;Pathogenic;Pathogenic;Pathogenic;Pathogenic;Pathogenic;;;;;False;False;False;False;False;False;True;False;False;False;;;False;False;False;False
G;139;R;;;;;;;11.350586;0.909060512;0.304706084;Uncertain;Pathogenic;Pathogenic;Pathogenic;Pathogenic;Pathogenic;Pathogenic;Pathogenic;Pathogenic;Pathogenic;Pathogenic;;;;;False;False;False;False;False;False;True;False;False;False;;;False;False;False;False
G;139;S;;;;;;;12.243286;0.931819388;0.248907126;Pathogenic;Pathogenic;Pathogenic;Pathogenic;Pathogenic;Pathogenic;Pathogenic;Pathogenic;Pathogenic;Pathogenic;Pathogenic;;;;;False;False;False;False;False;False;True;False;False;False;;;False;False;False;False
G;139;T;;;;;;;12.228241;0.931535499;0.249648855;Pathogenic;Pathogenic;Pathogenic;Pathogenic;Pathogenic;Pathogenic;Pathogenic;Pathogenic;Pathogenic;Pathogenic;Pathogenic;;;;;False;False;False;False;False;False;True;False;False;False;;;False;False;False;False
G;139;V;;;;;;;12.188629;0.930771641;0.251638362;Pathogenic;Pathogenic;Pathogenic;Pathogenic;Pathogenic;Pathogenic;Pathogenic;Pathogenic;Pathogenic;Pathogenic;Pathogenic;;;;;False;False;False;False;False;False;True;False;False;False;;;False;False;False;False
G;139;W;;;;;;;12.273468;0.932378519;0.247442542;Pathogenic;Pathogenic;Pathogenic;Pathogenic;Pathogenic;Pathogenic;Pathogenic;Pathogenic;Pathogenic;Pathogenic;Pathogenic;;;;;False;False;False;False;False;False;True;False;False;False;;;False;False;False;False
G;139;Y;;;;;;;12.177643;0.930555591;0.252199429;Pathogenic;Pathogenic;Pathogenic;Pathogenic;Pathogenic;Pathogenic;Pathogenic;Pathogenic;Pathogenic;Pathogenic;Pathogenic;;;;;False;False;False;False;False;False;True;False;False;False;;;False;False;False;False
N;140;A;;;;;;;6.223053;0.365174813;0.656337604;Uncertain;Uncertain;Uncertain;Uncertain;Uncertain;Uncertain;Uncertain;Benign;Benign;Uncertain;Uncertain;;;;;False;False;True;False;False;False;False;False;False;False;;;False;False;False;False
N;140;C;;;;;;;10.360199;0.868009787;0.390152585;Uncertain;Uncertain;Pathogenic;Pathogenic;Pathogenic;Pathogenic;Pathogenic;Pathogenic;Pathogenic;Pathogenic;Pathogenic;;;;;False;False;True;False;False;False;True;False;False;True;pathogenic;Likely Pathogenic;False;False;False;False
N;140;D;;;;;;;5.8643494;0.337047286;0.639057506;Uncertain;Uncertain;Uncertain;Uncertain;Uncertain;Uncertain;Uncertain;Benign;Benign;Uncertain;Benign;;;;;False;False;True;False;False;True;False;False;False;False;;;False;False;False;False
N;140;E;;;;;;;9.489441;0.811170988;0.484520559;Uncertain;Uncertain;Uncertain;Pathogenic;Pathogenic;Pathogenic;Pathogenic;Pathogenic;Pathogenic;Uncertain;Pathogenic;;;;;False;False;True;False;False;False;True;False;False;True;pathogenic;Likely Pathogenic;False;False;False;False
N;140;F;;;;;;;10.361359;0.868069986;0.390039185;Uncertain;Uncertain;Pathogenic;Pathogenic;Pathogenic;Pathogenic;Pathogenic;Pathogenic;Pathogenic;Pathogenic;Pathogenic;;;;;False;False;True;False;False;False;True;False;False;True;pathogenic;Likely Pathogenic;False;False;False;False
N;140;G;;;;;;;8.962769;0.760589677;0.550399266;Uncertain;Uncertain;Uncertain;Uncertain;Pathogenic;Pathogenic;Pathogenic;Pathogenic;Pathogenic;Uncertain;Pathogenic;;;;;False;False;True;False;False;False;True;False;False;True;pathogenic;Likely Pathogenic;False;False;False;False
N;140;H;;;;;;;2.527954;0.160787013;0.440972626;Uncertain;Uncertain;Uncertain;Benign;Benign;Benign;Benign;Benign;Benign;Uncertain;Benign;;;;;False;False;True;False;False;True;False;False;False;False;;;False;False;False;False
N;140;I;;;;;;;10.313202;0.865542339;0.394773529;Uncertain;Uncertain;Pathogenic;Pathogenic;Pathogenic;Pathogenic;Pathogenic;Pathogenic;Pathogenic;Pathogenic;Pathogenic;;;;;False;False;True;False;False;False;True;False;False;True;pathogenic;Likely Pathogenic;False;False;False;False
N;140;K;Pathogenic;1;1;pathogenic;;;9.561615;0.81695617;0.475977743;Uncertain;Uncertain;Uncertain;Pathogenic;Pathogenic;Pathogenic;Pathogenic;Pathogenic;Pathogenic;Uncertain;Pathogenic;9.543396;0.81551816;0.478121903;Pathogenic;False;False;True;True;False;False;True;False;False;True;pathogenic;Pathogenic;False;False;False;False
N;140;L;;;;;;;10.405548;0.870338464;0.385742794;Uncertain;Uncertain;Pathogenic;Pathogenic;Pathogenic;Pathogenic;Pathogenic;Pathogenic;Pathogenic;Pathogenic;Pathogenic;;;;;False;False;True;False;False;False;True;False;False;True;pathogenic;Likely Pathogenic;False;False;False;False
N;140;M;;;;;;;10.441376;0.872142873;0.382292798;Uncertain;Uncertain;Pathogenic;Pathogenic;Pathogenic;Pathogenic;Pathogenic;Pathogenic;Pathogenic;Pathogenic;Pathogenic;;;;;False;False;True;False;False;False;True;False;False;True;pathogenic;Likely Pathogenic;False;False;False;False
N;140;N;;;;;;;;;;;;;;;;;;;;;;;;;False;False;True;False;False;False;False;False;False;False;;;False;False;False;False
N;140;P;;;;;;;10.484161;0.874257742;0.378212014;Uncertain;Uncertain;Pathogenic;Pathogenic;Pathogenic;Pathogenic;Pathogenic;Pathogenic;Pathogenic;Pathogenic;Pathogenic;;;;;False;False;True;False;False;False;True;False;False;True;pathogenic;Likely Pathogenic;False;False;False;False
N;140;Q;;;;;;;8.955078;0.759724993;0.551396716;Uncertain;Uncertain;Uncertain;Uncertain;Uncertain;Pathogenic;Pathogenic;Pathogenic;Pathogenic;Uncertain;Pathogenic;;;;;False;False;True;False;False;False;True;False;False;True;pathogenic;Likely Pathogenic;False;False;False;False
N;140;R;;;;;;;8.29184;0.668695205;0.635098825;Uncertain;Uncertain;Uncertain;Uncertain;Uncertain;Uncertain;Pathogenic;Pathogenic;Pathogenic;Uncertain;Pathogenic;;;;;False;False;True;False;False;False;True;False;False;True;pathogenic;Likely Pathogenic;False;False;False;False
N;140;S;;;;;;;5.8320007;0.334704549;0.637460395;Uncertain;Uncertain;Uncertain;Uncertain;Uncertain;Uncertain;Uncertain;Benign;Benign;Uncertain;Benign;;;;;False;False;True;False;False;True;False;False;False;False;;;False;False;False;False
N;140;T;;;;;;;7.729431;0.569963887;0.683325089;Uncertain;Uncertain;Uncertain;Uncertain;Uncertain;Uncertain;Uncertain;Uncertain;Pathogenic;Uncertain;Uncertain;;;;;False;False;True;False;False;False;False;False;False;False;;;False;False;False;False
N;140;V;;;;;;;10.432983;0.871722935;0.383098305;Uncertain;Uncertain;Pathogenic;Pathogenic;Pathogenic;Pathogenic;Pathogenic;Pathogenic;Pathogenic;Pathogenic;Pathogenic;;;;;False;False;True;False;False;False;True;False;False;True;pathogenic;Likely Pathogenic;False;False;False;False
N;140;W;;;;;;;10.421448;0.871143043;0.384208038;Uncertain;Uncertain;Pathogenic;Pathogenic;Pathogenic;Pathogenic;Pathogenic;Pathogenic;Pathogenic;Pathogenic;Pathogenic;;;;;False;False;True;False;False;False;True;False;False;True;pathogenic;Likely Pathogenic;False;False;False;False
N;140;Y;;;;;;;10.347809;0.867364696;0.391365782;Uncertain;Uncertain;Pathogenic;Pathogenic;Pathogenic;Pathogenic;Pathogenic;Pathogenic;Pathogenic;Pathogenic;Pathogenic;;;;;False;False;True;False;False;False;True;False;False;True;pathogenic;Likely Pathogenic;False;False;False;False
A;141;A;;;;;;;;;;;;;;;;;;;;;;;;;False;False;False;False;False;False;False;False;False;False;;;False;False;False;False
A;141;C;;;;;;;9.645996;0.823427364;0.46615642;Uncertain;Uncertain;Uncertain;Pathogenic;Pathogenic;Pathogenic;Pathogenic;Pathogenic;Pathogenic;Uncertain;Pathogenic;;;;;False;False;False;False;False;False;True;False;False;False;;;False;False;False;False
A;141;D;;;;;;;11.005554;0.896883853;0.331876391;Uncertain;Pathogenic;Pathogenic;Pathogenic;Pathogenic;Pathogenic;Pathogenic;Pathogenic;Pathogenic;Pathogenic;Pathogenic;;;;;False;False;False;False;False;False;True;False;False;False;;;False;False;False;False
A;141;E;;;;;;;11.068298;0.899251397;0.326724717;Uncertain;Pathogenic;Pathogenic;Pathogenic;Pathogenic;Pathogenic;Pathogenic;Pathogenic;Pathogenic;Pathogenic;Pathogenic;;;;;False;False;False;False;False;False;True;False;False;False;;;False;False;False;False
A;141;F;;;;;;;10.915649;0.893366549;0.339418346;Uncertain;Pathogenic;Pathogenic;Pathogenic;Pathogenic;Pathogenic;Pathogenic;Pathogenic;Pathogenic;Pathogenic;Pathogenic;;;;;False;False;False;False;False;False;True;False;False;False;;;False;False;False;False
A;141;G;Uncertain significance;1;1;uncertain;;;11.012024;0.897131261;0.3313409;Uncertain;Pathogenic;Pathogenic;Pathogenic;Pathogenic;Pathogenic;Pathogenic;Pathogenic;Pathogenic;Pathogenic;Pathogenic;11.043823;0.898336258;0.328723285;Pathogenic;False;False;False;False;False;False;True;False;False;False;uncertain;Uncertain significance;False;False;False;False
A;141;H;;;;;;;9.905792;0.841573908;0.437050741;Uncertain;Uncertain;Pathogenic;Pathogenic;Pathogenic;Pathogenic;Pathogenic;Pathogenic;Pathogenic;Uncertain;Pathogenic;;;;;False;False;False;False;False;False;True;False;False;False;;;False;False;False;False
A;141;I;;;;;;;11.058807;0.898897786;0.327498057;Uncertain;Pathogenic;Pathogenic;Pathogenic;Pathogenic;Pathogenic;Pathogenic;Pathogenic;Pathogenic;Pathogenic;Pathogenic;;;;;False;False;False;False;False;False;True;False;False;False;;;False;False;False;False
A;141;K;;;;;;;11.063416;0.899069705;0.327122245;Uncertain;Pathogenic;Pathogenic;Pathogenic;Pathogenic;Pathogenic;Pathogenic;Pathogenic;Pathogenic;Pathogenic;Pathogenic;;;;;False;False;False;False;False;False;True;False;False;False;;;False;False;False;False
A;141;L;;;;;;;11.030029;0.897815778;0.329855864;Uncertain;Pathogenic;Pathogenic;Pathogenic;Pathogenic;Pathogenic;Pathogenic;Pathogenic;Pathogenic;Pathogenic;Pathogenic;;;;;False;False;False;False;False;False;True;False;False;False;;;False;False;False;False
A;141;M;;;;;;;11.043701;0.89833167;0.328733282;Uncertain;Pathogenic;Pathogenic;Pathogenic;Pathogenic;Pathogenic;Pathogenic;Pathogenic;Pathogenic;Pathogenic;Pathogenic;;;;;False;False;False;False;False;False;True;False;False;False;;;False;False;False;False
A;141;N;;;;;;;10.943451;0.894470197;0.337066018;Uncertain;Pathogenic;Pathogenic;Pathogenic;Pathogenic;Pathogenic;Pathogenic;Pathogenic;Pathogenic;Pathogenic;Pathogenic;;;;;False;False;False;False;False;False;True;False;False;False;;;False;False;False;False
A;141;P;;;;;;;8.81369;0.743087576;0.569802572;Uncertain;Uncertain;Uncertain;Uncertain;Uncertain;Pathogenic;Pathogenic;Pathogenic;Pathogenic;Uncertain;Pathogenic;;;;;False;False;False;False;False;False;True;False;False;False;;;False;False;False;False
A;141;Q;;;;;;;10.858215;0.891040428;0.344334527;Uncertain;Pathogenic;Pathogenic;Pathogenic;Pathogenic;Pathogenic;Pathogenic;Pathogenic;Pathogenic;Pathogenic;Pathogenic;;;;;False;False;False;False;False;False;True;False;False;False;;;False;False;False;False
A;141;R;;;;;;;10.88385;0.892086418;0.342130819;Uncertain;Pathogenic;Pathogenic;Pathogenic;Pathogenic;Pathogenic;Pathogenic;Pathogenic;Pathogenic;Pathogenic;Pathogenic;;;;;False;False;False;False;False;False;True;False;False;False;;;False;False;False;False
A;141;S;;;;;;;3.4563293;0.199677074;0.499954427;Uncertain;Uncertain;Uncertain;Uncertain;Benign;Benign;Benign;Benign;Benign;Uncertain;Benign;;;;;False;False;False;False;False;True;False;False;False;False;;;False;False;False;False
A;141;T;;;;uncertain;3.98E-06;3.98E-06;7.821045;0.586634082;0.678060226;Uncertain;Uncertain;Uncertain;Uncertain;Uncertain;Uncertain;Uncertain;Uncertain;Pathogenic;Uncertain;Uncertain;7.856476;0.593071431;0.675721138;Uncertain;False;False;False;False;False;False;False;False;False;False;uncertain;uncertain;False;False;False;False
A;141;V;;;;;;;8.360504;0.679651321;0.627132002;Uncertain;Uncertain;Uncertain;Uncertain;Uncertain;Uncertain;Pathogenic;Pathogenic;Pathogenic;Uncertain;Pathogenic;;;;;False;False;False;False;False;False;True;False;False;False;;;False;False;False;False
A;141;W;;;;;;;11.030548;0.897835423;0.32981317;Uncertain;Pathogenic;Pathogenic;Pathogenic;Pathogenic;Pathogenic;Pathogenic;Pathogenic;Pathogenic;Pathogenic;Pathogenic;;;;;False;False;False;False;False;False;True;False;False;False;;;False;False;False;False
A;141;Y;;;;;;;11.004089;0.896827728;0.331997778;Uncertain;Pathogenic;Pathogenic;Pathogenic;Pathogenic;Pathogenic;Pathogenic;Pathogenic;Pathogenic;Pathogenic;Pathogenic;;;;;False;False;False;False;False;False;True;False;False;False;;;False;False;False;False
G;142;A;;;;;;;9.683655;0.826218781;0.461831448;Uncertain;Uncertain;Uncertain;Pathogenic;Pathogenic;Pathogenic;Pathogenic;Pathogenic;Pathogenic;Uncertain;Pathogenic;;;;;False;False;False;False;False;False;True;False;False;False;;;False;False;False;False
G;142;C;;;;;;;11.696808;0.919326348;0.280411588;Pathogenic;Pathogenic;Pathogenic;Pathogenic;Pathogenic;Pathogenic;Pathogenic;Pathogenic;Pathogenic;Pathogenic;Pathogenic;;;;;False;False;False;False;False;False;True;False;False;False;;;False;False;False;False
G;142;D;;;;;;;11.685455;0.919019188;0.281158343;Pathogenic;Pathogenic;Pathogenic;Pathogenic;Pathogenic;Pathogenic;Pathogenic;Pathogenic;Pathogenic;Pathogenic;Pathogenic;;;;;False;False;False;False;False;False;True;False;False;False;;;False;False;False;False
G;142;E;;;;;;;11.740601;0.920492839;0.277564034;Pathogenic;Pathogenic;Pathogenic;Pathogenic;Pathogenic;Pathogenic;Pathogenic;Pathogenic;Pathogenic;Pathogenic;Pathogenic;;;;;False;False;False;False;False;False;True;False;False;False;;;False;False;False;False
G;142;F;;;;;;;11.733673;0.920310238;0.278011008;Pathogenic;Pathogenic;Pathogenic;Pathogenic;Pathogenic;Pathogenic;Pathogenic;Pathogenic;Pathogenic;Pathogenic;Pathogenic;;;;;False;False;False;False;False;False;True;False;False;False;;;False;False;False;False
G;142;G;;;;;;;;;;;;;;;;;;;;;;;;;False;False;False;False;False;False;False;False;False;False;;;False;False;False;False
G;142;H;;;;;;;10.3125305;0.865506677;0.39483993;Uncertain;Uncertain;Pathogenic;Pathogenic;Pathogenic;Pathogenic;Pathogenic;Pathogenic;Pathogenic;Pathogenic;Pathogenic;;;;;False;False;False;False;False;False;True;False;False;False;;;False;False;False;False
G;142;I;;;;;;;11.312988;0.907831079;0.307527401;Uncertain;Pathogenic;Pathogenic;Pathogenic;Pathogenic;Pathogenic;Pathogenic;Pathogenic;Pathogenic;Pathogenic;Pathogenic;;;;;False;False;False;False;False;False;True;False;False;False;;;False;False;False;False
G;142;K;;;;;;;10.247528;0.86199893;0.401318187;Uncertain;Uncertain;Pathogenic;Pathogenic;Pathogenic;Pathogenic;Pathogenic;Pathogenic;Pathogenic;Pathogenic;Pathogenic;;;;;False;False;False;False;False;False;True;False;False;False;;;False;False;False;False
G;142;L;;;;;;;11.659454;0.918308319;0.282881727;Pathogenic;Pathogenic;Pathogenic;Pathogenic;Pathogenic;Pathogenic;Pathogenic;Pathogenic;Pathogenic;Pathogenic;Pathogenic;;;;;False;False;False;False;False;False;True;False;False;False;;;False;False;False;False
G;142;M;;;;;;;11.780426;0.921528429;0.275020454;Pathogenic;Pathogenic;Pathogenic;Pathogenic;Pathogenic;Pathogenic;Pathogenic;Pathogenic;Pathogenic;Pathogenic;Pathogenic;;;;;False;False;False;False;False;False;True;False;False;False;;;False;False;False;False
G;142;N;;;;;;;10.667053;0.882831472;0.36124526;Uncertain;Pathogenic;Pathogenic;Pathogenic;Pathogenic;Pathogenic;Pathogenic;Pathogenic;Pathogenic;Pathogenic;Pathogenic;;;;;False;False;False;False;False;False;True;False;False;False;;;False;False;False;False
G;142;P;;;;;;;11.711731;0.919727114;0.27943535;Pathogenic;Pathogenic;Pathogenic;Pathogenic;Pathogenic;Pathogenic;Pathogenic;Pathogenic;Pathogenic;Pathogenic;Pathogenic;;;;;False;False;False;False;False;False;True;False;False;False;;;False;False;False;False
G;142;Q;;;;;;;11.641602;0.917814262;0.284075514;Pathogenic;Pathogenic;Pathogenic;Pathogenic;Pathogenic;Pathogenic;Pathogenic;Pathogenic;Pathogenic;Pathogenic;Pathogenic;;;;;False;False;False;False;False;False;True;False;False;False;;;False;False;False;False
G;142;R;;;;;;;10.557831;0.877800343;0.371284864;Uncertain;Pathogenic;Pathogenic;Pathogenic;Pathogenic;Pathogenic;Pathogenic;Pathogenic;Pathogenic;Pathogenic;Pathogenic;;;;;False;False;False;False;False;False;True;False;False;False;;;False;False;False;False
G;142;S;;;;;;;9.783203;0.833326548;0.450572129;Uncertain;Uncertain;Uncertain;Pathogenic;Pathogenic;Pathogenic;Pathogenic;Pathogenic;Pathogenic;Uncertain;Pathogenic;;;;;False;False;False;False;False;False;True;False;False;False;;;False;False;False;False
G;142;T;;;;;;;11.626678;0.91739749;0.28508004;Pathogenic;Pathogenic;Pathogenic;Pathogenic;Pathogenic;Pathogenic;Pathogenic;Pathogenic;Pathogenic;Pathogenic;Pathogenic;;;;;False;False;False;False;False;False;True;False;False;False;;;False;False;False;False
G;142;V;;;;;;;11.693298;0.919231593;0.280642088;Pathogenic;Pathogenic;Pathogenic;Pathogenic;Pathogenic;Pathogenic;Pathogenic;Pathogenic;Pathogenic;Pathogenic;Pathogenic;;;;;False;False;False;False;False;False;True;False;False;False;;;False;False;False;False
G;142;W;;;;;;;11.675934;0.91876008;0.28178729;Pathogenic;Pathogenic;Pathogenic;Pathogenic;Pathogenic;Pathogenic;Pathogenic;Pathogenic;Pathogenic;Pathogenic;Pathogenic;;;;;False;False;False;False;False;False;True;False;False;False;;;False;False;False;False
G;142;Y;;;;;;;11.701202;0.919444703;0.280123509;Pathogenic;Pathogenic;Pathogenic;Pathogenic;Pathogenic;Pathogenic;Pathogenic;Pathogenic;Pathogenic;Pathogenic;Pathogenic;;;;;False;False;False;False;False;False;True;False;False;False;;;False;False;False;False
S;143;A;;;;;;;-2.1985474;0.054222473;0.210765184;Benign;Benign;Benign;Benign;Benign;Benign;Benign;Benign;Benign;Benign;Benign;;;;;False;False;False;False;False;True;False;False;False;False;;;False;False;False;False
S;143;C;;;;;;;5.9859924;0.346109968;0.645005241;Uncertain;Uncertain;Uncertain;Uncertain;Uncertain;Uncertain;Uncertain;Benign;Benign;Uncertain;Benign;;;;;False;False;False;False;False;True;False;False;False;False;;;False;False;False;False
S;143;D;;;;;;;0.7710266;0.106005051;0.338080542;Uncertain;Benign;Benign;Benign;Benign;Benign;Benign;Benign;Benign;Benign;Benign;;;;;False;False;False;False;False;True;False;False;False;False;;;False;False;False;False
S;143;E;;;;;;;1.8066711;0.135514915;0.396737457;Uncertain;Uncertain;Benign;Benign;Benign;Benign;Benign;Benign;Benign;Benign;Benign;;;;;False;False;False;False;False;True;False;False;False;False;;;False;False;False;False
S;143;F;;;;;;;5.893402;0.339174306;0.64048628;Uncertain;Uncertain;Uncertain;Uncertain;Uncertain;Uncertain;Uncertain;Benign;Benign;Uncertain;Benign;;;;;False;False;False;False;False;True;False;False;False;False;;;False;False;False;False
S;143;G;;;;;;;-2.309723;0.052962868;0.207148502;Benign;Benign;Benign;Benign;Benign;Benign;Benign;Benign;Benign;Benign;Benign;;;;;False;False;False;False;False;True;False;False;False;False;;;False;False;False;False
S;143;H;;;;;;;4.9101257;0.275532681;0.588684447;Uncertain;Uncertain;Uncertain;Uncertain;Uncertain;Benign;Benign;Benign;Benign;Uncertain;Benign;;;;;False;False;False;False;False;True;False;False;False;False;;;False;False;False;False
S;143;I;;;;;;;5.111145;0.28750353;0.599901223;Uncertain;Uncertain;Uncertain;Uncertain;Uncertain;Uncertain;Benign;Benign;Benign;Uncertain;Benign;;;;;False;False;False;False;False;True;False;False;False;False;;;False;False;False;False
S;143;K;;;;;;;1.6604004;0.130884304;0.38806428;Uncertain;Uncertain;Benign;Benign;Benign;Benign;Benign;Benign;Benign;Benign;Benign;;;;;False;False;False;False;False;True;False;False;False;False;;;False;False;False;False
S;143;L;;;;;;;2.9199219;0.176307416;0.465747807;Uncertain;Uncertain;Uncertain;Benign;Benign;Benign;Benign;Benign;Benign;Uncertain;Benign;;;;;False;False;False;False;False;True;False;False;False;False;;;False;False;False;False
S;143;M;;;;;;;5.1380005;0.289134162;0.601374603;Uncertain;Uncertain;Uncertain;Uncertain;Uncertain;Uncertain;Benign;Benign;Benign;Uncertain;Benign;;;;;False;False;False;False;False;True;False;False;False;False;;;False;False;False;False
S;143;N;;;;uncertain;3.98E-06;3.98E-06;3.0216064;0.180546843;0.472221679;Uncertain;Uncertain;Uncertain;Benign;Benign;Benign;Benign;Benign;Benign;Uncertain;Benign;3.0266724;0.180760375;0.472544523;Benign;False;False;False;False;False;True;False;False;False;False;uncertain;uncertain;False;False;False;False
S;143;P;;;;;;;-0.109375;0.086289313;0.293867524;Benign;Benign;Benign;Benign;Benign;Benign;Benign;Benign;Benign;Benign;Benign;;;;;False;False;False;False;False;True;False;False;False;False;;;False;False;False;False
S;143;Q;;;;;;;3.950348;0.223406024;0.531185173;Uncertain;Uncertain;Uncertain;Uncertain;Benign;Benign;Benign;Benign;Benign;Uncertain;Benign;;;;;False;False;False;False;False;True;False;False;False;False;;;False;False;False;False
S;143;R;;;;;;;3.4884644;0.201156232;0.502001129;Uncertain;Uncertain;Uncertain;Uncertain;Benign;Benign;Benign;Benign;Benign;Uncertain;Benign;;;;;False;False;False;False;False;True;False;False;False;False;;;False;False;False;False
S;143;S;;;;;;;;;;;;;;;;;;;;;;;;;False;False;False;False;False;False;False;False;False;False;;;False;False;False;False
S;143;T;;;;;;;1.6741028;0.131311297;0.388871848;Uncertain;Uncertain;Benign;Benign;Benign;Benign;Benign;Benign;Benign;Benign;Benign;;;;;False;False;False;False;False;True;False;False;False;False;;;False;False;False;False
S;143;V;;;;;;;6.183075;0.361808068;0.654451403;Uncertain;Uncertain;Uncertain;Uncertain;Uncertain;Uncertain;Uncertain;Benign;Benign;Uncertain;Uncertain;;;;;False;False;False;False;False;False;False;False;False;False;;;False;False;False;False
S;143;W;;;;;;;5.9462585;0.343103161;0.643072362;Uncertain;Uncertain;Uncertain;Uncertain;Uncertain;Uncertain;Uncertain;Benign;Benign;Uncertain;Benign;;;;;False;False;False;False;False;True;False;False;False;False;;;False;False;False;False
S;143;Y;;;;;;;4.991577;0.280334685;0.593269137;Uncertain;Uncertain;Uncertain;Uncertain;Uncertain;Benign;Benign;Benign;Benign;Uncertain;Benign;;;;;False;False;False;False;False;True;False;False;False;False;;;False;False;False;False
R;144;A;;;;;;;7.9780273;0.614978566;0.666468939;Uncertain;Uncertain;Uncertain;Uncertain;Uncertain;Uncertain;Uncertain;Uncertain;Pathogenic;Uncertain;Uncertain;;;;;False;False;False;False;False;False;False;False;False;False;;;False;False;False;False
R;144;C;;;;uncertain;3.98E-06;3.98E-06;7.8036194;0.583464078;0.679149239;Uncertain;Uncertain;Uncertain;Uncertain;Uncertain;Uncertain;Uncertain;Uncertain;Pathogenic;Uncertain;Uncertain;7.729309;0.569941706;0.683331337;Uncertain;False;False;False;False;False;False;False;False;False;False;uncertain;uncertain;False;False;False;False
R;144;D;;;;;;;10.660919;0.882555703;0.361801813;Uncertain;Pathogenic;Pathogenic;Pathogenic;Pathogenic;Pathogenic;Pathogenic;Pathogenic;Pathogenic;Pathogenic;Pathogenic;;;;;False;False;False;False;False;False;True;False;False;False;;;False;False;False;False
R;144;E;;;;;;;10.733856;0.885784015;0.355240088;Uncertain;Pathogenic;Pathogenic;Pathogenic;Pathogenic;Pathogenic;Pathogenic;Pathogenic;Pathogenic;Pathogenic;Pathogenic;;;;;False;False;False;False;False;False;True;False;False;False;;;False;False;False;False
R;144;F;;;;;;;10.7211;0.885227339;0.356378845;Uncertain;Pathogenic;Pathogenic;Pathogenic;Pathogenic;Pathogenic;Pathogenic;Pathogenic;Pathogenic;Pathogenic;Pathogenic;;;;;False;False;False;False;False;False;True;False;False;False;;;False;False;False;False
R;144;G;;;;uncertain;3.98E-06;3.98E-06;6.6622314;0.407699607;0.676010339;Uncertain;Uncertain;Uncertain;Uncertain;Uncertain;Uncertain;Uncertain;Uncertain;Benign;Uncertain;Uncertain;6.6538086;0.406769159;0.675661039;Uncertain;False;False;False;False;False;False;False;False;False;False;uncertain;uncertain;False;False;False;False
R;144;H;;;;uncertain;;;7.3897095;0.509833118;0.692953788;Uncertain;Uncertain;Uncertain;Uncertain;Uncertain;Uncertain;Uncertain;Uncertain;Uncertain;Uncertain;Uncertain;7.406128;0.512617416;0.692828748;Uncertain;False;False;False;False;False;False;False;False;False;False;uncertain;uncertain;False;False;False;False
R;144;I;;;;;;;8.097504;0.636035183;0.655665349;Uncertain;Uncertain;Uncertain;Uncertain;Uncertain;Uncertain;Uncertain;Pathogenic;Pathogenic;Uncertain;Uncertain;;;;;False;False;False;False;False;False;False;False;False;False;;;False;False;False;False
R;144;K;;;;;;;7.564575;0.540241688;0.689904888;Uncertain;Uncertain;Uncertain;Uncertain;Uncertain;Uncertain;Uncertain;Uncertain;Uncertain;Uncertain;Uncertain;;;;;False;False;False;False;False;False;False;False;False;False;;;False;False;False;False
R;144;L;;;;;;;9.419403;0.805322966;0.492934085;Uncertain;Uncertain;Uncertain;Pathogenic;Pathogenic;Pathogenic;Pathogenic;Pathogenic;Pathogenic;Uncertain;Pathogenic;;;;;False;False;False;False;False;False;True;False;False;False;;;False;False;False;False
R;144;M;;;;;;;9.895264;0.840886364;0.438197158;Uncertain;Uncertain;Pathogenic;Pathogenic;Pathogenic;Pathogenic;Pathogenic;Pathogenic;Pathogenic;Uncertain;Pathogenic;;;;;False;False;False;False;False;False;True;False;False;False;;;False;False;False;False
R;144;N;;;;;;;9.950256;0.844436457;0.432239443;Uncertain;Uncertain;Pathogenic;Pathogenic;Pathogenic;Pathogenic;Pathogenic;Pathogenic;Pathogenic;Uncertain;Pathogenic;;;;;False;False;False;False;False;False;True;False;False;False;;;False;False;False;False
R;144;P;;;;;;;6.747467;0.417414586;0.67944377;Uncertain;Uncertain;Uncertain;Uncertain;Uncertain;Uncertain;Uncertain;Uncertain;Benign;Uncertain;Uncertain;;;;;False;False;False;False;False;False;False;False;False;False;;;False;False;False;False
R;144;Q;;;;;;;10.592712;0.879435225;0.368048758;Uncertain;Pathogenic;Pathogenic;Pathogenic;Pathogenic;Pathogenic;Pathogenic;Pathogenic;Pathogenic;Pathogenic;Pathogenic;;;;;False;False;False;False;False;False;True;False;False;False;;;False;False;False;False
R;144;R;;;;;;;;;;;;;;;;;;;;;;;;;False;False;False;False;False;False;False;False;False;False;;;False;False;False;False
R;144;S;;;;;;;8.4175415;0.68849474;0.62029976;Uncertain;Uncertain;Uncertain;Uncertain;Uncertain;Uncertain;Pathogenic;Pathogenic;Pathogenic;Uncertain;Pathogenic;;;;;False;False;False;False;False;False;True;False;False;False;;;False;False;False;False
R;144;T;;;;;;;10.701294;0.884356383;0.358154387;Uncertain;Pathogenic;Pathogenic;Pathogenic;Pathogenic;Pathogenic;Pathogenic;Pathogenic;Pathogenic;Pathogenic;Pathogenic;;;;;False;False;False;False;False;False;True;False;False;False;;;False;False;False;False
R;144;V;;;;;;;8.594391;0.714353983;0.598207023;Uncertain;Uncertain;Uncertain;Uncertain;Uncertain;Pathogenic;Pathogenic;Pathogenic;Pathogenic;Uncertain;Pathogenic;;;;;False;False;False;False;False;False;True;False;False;False;;;False;False;False;False
R;144;W;;;;;;;10.712524;0.884851206;0.357146547;Uncertain;Pathogenic;Pathogenic;Pathogenic;Pathogenic;Pathogenic;Pathogenic;Pathogenic;Pathogenic;Pathogenic;Pathogenic;;;;;False;False;False;False;False;False;True;False;False;False;;;False;False;False;False
R;144;Y;;;;;;;10.700928;0.884340212;0.358187283;Uncertain;Pathogenic;Pathogenic;Pathogenic;Pathogenic;Pathogenic;Pathogenic;Pathogenic;Pathogenic;Pathogenic;Pathogenic;;;;;False;False;False;False;False;False;True;False;False;False;;;False;False;False;False
L;145;A;;;;;;;2.8144531;0.172003567;0.459048942;Uncertain;Uncertain;Uncertain;Benign;Benign;Benign;Benign;Benign;Benign;Uncertain;Benign;;;;;False;False;True;False;False;True;False;False;False;False;;;False;False;False;False
L;145;C;;;;;;;8.045502;0.626944591;0.660561819;Uncertain;Uncertain;Uncertain;Uncertain;Uncertain;Uncertain;Uncertain;Pathogenic;Pathogenic;Uncertain;Uncertain;;;;;False;False;True;False;False;False;False;False;False;False;;;False;False;False;False
L;145;D;;;;;;;6.7861023;0.422003643;0.680930486;Uncertain;Uncertain;Uncertain;Uncertain;Uncertain;Uncertain;Uncertain;Uncertain;Benign;Uncertain;Uncertain;;;;;False;False;True;False;False;False;False;False;False;False;;;False;False;False;False
L;145;E;;;;;;;6.2255554;0.365387842;0.656455305;Uncertain;Uncertain;Uncertain;Uncertain;Uncertain;Uncertain;Uncertain;Benign;Benign;Uncertain;Uncertain;;;;;False;False;True;False;False;False;False;False;False;False;;;False;False;False;False
L;145;F;Pathogenic;2;2;pathogenic;1.59E-05;1.59E-05;4.9811096;0.279713962;0.592682962;Uncertain;Uncertain;Uncertain;Uncertain;Uncertain;Benign;Benign;Benign;Benign;Uncertain;Benign;4.863495;0.272812062;0.586035764;Benign;False;False;True;True;False;True;False;False;False;False;uncertain;Conflicting interpretations of pathogenicity;True;False;True;False
L;145;G;;;;;;;7.60553;0.547560207;0.688616387;Uncertain;Uncertain;Uncertain;Uncertain;Uncertain;Uncertain;Uncertain;Uncertain;Uncertain;Uncertain;Uncertain;;;;;False;False;True;False;False;False;False;False;False;False;;;False;False;False;False
L;145;H;;;;;;;7.6572876;0.556880993;0.686662256;Uncertain;Uncertain;Uncertain;Uncertain;Uncertain;Uncertain;Uncertain;Uncertain;Uncertain;Uncertain;Uncertain;;;;;False;False;True;False;False;False;False;False;False;False;;;False;False;False;False
L;145;I;;;;;;;2.3292847;0.153409736;0.428578307;Uncertain;Uncertain;Benign;Benign;Benign;Benign;Benign;Benign;Benign;Uncertain;Benign;;;;;False;False;True;False;False;True;False;False;False;False;;;False;False;False;False
L;145;K;;;;;;;5.8821106;0.338344982;0.639931606;Uncertain;Uncertain;Uncertain;Uncertain;Uncertain;Uncertain;Uncertain;Benign;Benign;Uncertain;Benign;;;;;False;False;True;False;False;True;False;False;False;False;;;False;False;False;False
L;145;L;;;;;;;;;;;;;;;;;;;;;;;;;False;False;True;False;False;False;False;False;False;False;;;False;False;False;False
L;145;M;;;;;;;5.716278;0.326526297;0.631691274;Uncertain;Uncertain;Uncertain;Uncertain;Uncertain;Uncertain;Benign;Benign;Benign;Uncertain;Benign;;;;;False;False;True;False;False;True;False;False;False;False;;;False;False;False;False
L;145;N;;;;;;;5.5517273;0.315367458;0.623328139;Uncertain;Uncertain;Uncertain;Uncertain;Uncertain;Uncertain;Benign;Benign;Benign;Uncertain;Benign;;;;;False;False;True;False;False;True;False;False;False;False;;;False;False;False;False
L;145;P;;;;;;;5.1493835;0.289827672;0.60199731;Uncertain;Uncertain;Uncertain;Uncertain;Uncertain;Uncertain;Benign;Benign;Benign;Uncertain;Benign;;;;;False;False;True;False;False;True;False;False;False;False;;;False;False;False;False
L;145;Q;;;;;;;4.883972;0.274004253;0.587201011;Uncertain;Uncertain;Uncertain;Uncertain;Uncertain;Benign;Benign;Benign;Benign;Uncertain;Benign;;;;;False;False;True;False;False;True;False;False;False;False;;;False;False;False;False
L;145;R;;;;;;;7.288727;0.493101555;0.693052;Uncertain;Uncertain;Uncertain;Uncertain;Uncertain;Uncertain;Uncertain;Uncertain;Uncertain;Uncertain;Uncertain;;;;;False;False;True;False;False;False;False;False;False;False;;;False;False;False;False
L;145;S;Pathogenic;2;4;pathogenic;;;3.590393;0.205907282;0.508483398;Uncertain;Uncertain;Uncertain;Uncertain;Benign;Benign;Benign;Benign;Benign;Uncertain;Benign;3.649109;0.208685075;0.512209274;Benign;False;False;True;True;False;True;False;False;False;False;uncertain;Conflicting interpretations of pathogenicity;True;False;True;False
L;145;T;;;;;;;7.0933533;0.462931294;0.69039648;Uncertain;Uncertain;Uncertain;Uncertain;Uncertain;Uncertain;Uncertain;Uncertain;Uncertain;Uncertain;Uncertain;;;;;False;False;True;False;False;False;False;False;False;False;;;False;False;False;False
L;145;V;;;;;;;1.035553;0.112843395;0.352419155;Uncertain;Benign;Benign;Benign;Benign;Benign;Benign;Benign;Benign;Benign;Benign;;;;;False;False;True;False;False;True;False;False;False;False;;;False;False;False;False
L;145;W;;;;;;;4.4906006;0.251763486;0.564264252;Uncertain;Uncertain;Uncertain;Uncertain;Uncertain;Benign;Benign;Benign;Benign;Uncertain;Benign;;;;;False;False;True;False;False;True;False;False;False;False;;;False;False;False;False
L;145;Y;;;;;;;6.191437;0.36250667;0.654846821;Uncertain;Uncertain;Uncertain;Uncertain;Uncertain;Uncertain;Uncertain;Benign;Benign;Uncertain;Uncertain;;;;;False;False;True;False;False;False;False;False;False;False;;;False;False;False;False
A;146;A;;;;;;;;;;;;;;;;;;;;;;;;;False;False;True;False;False;False;False;False;False;False;;;False;False;False;False
A;146;C;;;;;;;6.567993;0.397577132;0.672017041;Uncertain;Uncertain;Uncertain;Uncertain;Uncertain;Uncertain;Uncertain;Uncertain;Benign;Uncertain;Uncertain;;;;;False;False;True;False;False;False;False;False;False;False;;;False;False;False;False
A;146;D;Likely pathogenic;1;1;pathogenic;;;8.060272;0.629539223;0.659200459;Uncertain;Uncertain;Uncertain;Uncertain;Uncertain;Uncertain;Uncertain;Pathogenic;Pathogenic;Uncertain;Uncertain;8.027191;0.623714911;0.662216173;Uncertain;False;False;True;True;False;False;False;False;False;False;pathogenic;Likely pathogenic;False;False;False;False
A;146;E;;;;;;;10.0513;0.850702953;0.421487804;Uncertain;Uncertain;Pathogenic;Pathogenic;Pathogenic;Pathogenic;Pathogenic;Pathogenic;Pathogenic;Uncertain;Pathogenic;;;;;False;False;True;False;False;False;True;False;False;True;pathogenic;Likely Pathogenic;False;False;False;False
A;146;F;;;;;;;8.983276;0.762875499;0.547742671;Uncertain;Uncertain;Uncertain;Uncertain;Pathogenic;Pathogenic;Pathogenic;Pathogenic;Pathogenic;Uncertain;Pathogenic;;;;;False;False;True;False;False;False;True;False;False;True;pathogenic;Likely Pathogenic;False;False;False;False
A;146;G;;;;;;;2.9941711;0.179394279;0.470473759;Uncertain;Uncertain;Uncertain;Benign;Benign;Benign;Benign;Benign;Benign;Uncertain;Benign;;;;;False;False;True;False;False;True;False;False;False;False;;;False;False;False;False
A;146;H;;;;;;;9.856873;0.838346788;0.442401142;Uncertain;Uncertain;Uncertain;Pathogenic;Pathogenic;Pathogenic;Pathogenic;Pathogenic;Pathogenic;Uncertain;Pathogenic;;;;;False;False;True;False;False;False;True;False;False;True;pathogenic;Likely Pathogenic;False;False;False;False
A;146;I;;;;;;;9.966827;0.845486529;0.430458921;Uncertain;Uncertain;Pathogenic;Pathogenic;Pathogenic;Pathogenic;Pathogenic;Pathogenic;Pathogenic;Uncertain;Pathogenic;;;;;False;False;True;False;False;False;True;False;False;True;pathogenic;Likely Pathogenic;False;False;False;False
A;146;K;;;;;;;9.997528;0.847408488;0.427178115;Uncertain;Uncertain;Pathogenic;Pathogenic;Pathogenic;Pathogenic;Pathogenic;Pathogenic;Pathogenic;Uncertain;Pathogenic;;;;;False;False;True;False;False;False;True;False;False;True;pathogenic;Likely Pathogenic;False;False;False;False
A;146;L;;;;;;;8.088867;0.634534175;0.656498343;Uncertain;Uncertain;Uncertain;Uncertain;Uncertain;Uncertain;Uncertain;Pathogenic;Pathogenic;Uncertain;Uncertain;;;;;False;False;True;False;False;False;False;False;False;False;;;False;False;False;False
A;146;M;;;;;;;10.276703;0.863587021;0.398398182;Uncertain;Uncertain;Pathogenic;Pathogenic;Pathogenic;Pathogenic;Pathogenic;Pathogenic;Pathogenic;Pathogenic;Pathogenic;;;;;False;False;True;False;False;False;True;False;False;True;pathogenic;Likely Pathogenic;False;False;False;False
A;146;N;;;;;;;9.929321;0.843096917;0.434498617;Uncertain;Uncertain;Pathogenic;Pathogenic;Pathogenic;Pathogenic;Pathogenic;Pathogenic;Pathogenic;Uncertain;Pathogenic;;;;;False;False;True;False;False;False;True;False;False;True;pathogenic;Likely Pathogenic;False;False;False;False
A;146;P;;;;;;;10.127594;0.855226302;0.413535381;Uncertain;Uncertain;Pathogenic;Pathogenic;Pathogenic;Pathogenic;Pathogenic;Pathogenic;Pathogenic;Uncertain;Pathogenic;;;;;False;False;True;False;False;False;True;False;False;True;pathogenic;Likely Pathogenic;False;False;False;False
A;146;Q;;;;;;;9.945618;0.844140943;0.432739008;Uncertain;Uncertain;Pathogenic;Pathogenic;Pathogenic;Pathogenic;Pathogenic;Pathogenic;Pathogenic;Uncertain;Pathogenic;;;;;False;False;True;False;False;False;True;False;False;True;pathogenic;Likely Pathogenic;False;False;False;False
A;146;R;;;;;;;9.90918;0.841794362;0.436682403;Uncertain;Uncertain;Pathogenic;Pathogenic;Pathogenic;Pathogenic;Pathogenic;Pathogenic;Pathogenic;Uncertain;Pathogenic;;;;;False;False;True;False;False;False;True;False;False;True;pathogenic;Likely Pathogenic;False;False;False;False
A;146;S;;;;;;;4.320709;0.242576085;0.554031181;Uncertain;Uncertain;Uncertain;Uncertain;Uncertain;Benign;Benign;Benign;Benign;Uncertain;Benign;;;;;False;False;True;False;False;True;False;False;False;False;;;False;False;False;False
A;146;T;Pathogenic;0;1;uncertain;;;6.439911;0.38476432;0.666348396;Uncertain;Uncertain;Uncertain;Uncertain;Uncertain;Uncertain;Uncertain;Uncertain;Benign;Uncertain;Uncertain;6.436798;0.3844654;0.666207902;Uncertain;False;False;True;True;False;False;False;False;False;False;pathogenic;Pathogenic;False;False;False;False
A;146;V;;;;;;;5.556427;0.315679437;0.623569742;Uncertain;Uncertain;Uncertain;Uncertain;Uncertain;Uncertain;Benign;Benign;Benign;Uncertain;Benign;;;;;False;False;True;False;False;True;False;False;False;False;;;False;False;False;False
A;146;W;;;;;;;9.077881;0.773057805;0.53555508;Uncertain;Uncertain;Uncertain;Uncertain;Pathogenic;Pathogenic;Pathogenic;Pathogenic;Pathogenic;Uncertain;Pathogenic;;;;;False;False;True;False;False;False;True;False;False;True;pathogenic;Likely Pathogenic;False;False;False;False
A;146;Y;;;;;;;9.950775;0.844469482;0.432183574;Uncertain;Uncertain;Pathogenic;Pathogenic;Pathogenic;Pathogenic;Pathogenic;Pathogenic;Pathogenic;Uncertain;Pathogenic;;;;;False;False;True;False;False;False;True;False;False;True;pathogenic;Likely Pathogenic;False;False;False;False
C;147;A;;;;;;;8.301239;0.67021435;0.634026732;Uncertain;Uncertain;Uncertain;Uncertain;Uncertain;Uncertain;Pathogenic;Pathogenic;Pathogenic;Uncertain;Pathogenic;;;;;False;False;False;False;False;False;True;False;False;False;;;False;False;False;False
C;147;C;;;;;;;;;;;;;;;;;;;;;;;;;False;False;False;False;False;False;False;False;False;False;;;False;False;False;False
C;147;D;;;;;;;10.964081;0.895279851;0.335332115;Uncertain;Pathogenic;Pathogenic;Pathogenic;Pathogenic;Pathogenic;Pathogenic;Pathogenic;Pathogenic;Pathogenic;Pathogenic;;;;;False;False;False;False;False;False;True;False;False;False;;;False;False;False;False
C;147;E;;;;;;;10.269165;0.863178862;0.399150694;Uncertain;Uncertain;Pathogenic;Pathogenic;Pathogenic;Pathogenic;Pathogenic;Pathogenic;Pathogenic;Pathogenic;Pathogenic;;;;;False;False;False;False;False;False;True;False;False;False;;;False;False;False;False
C;147;F;;;;;;;6.64624;0.405937482;0.675345783;Uncertain;Uncertain;Uncertain;Uncertain;Uncertain;Uncertain;Uncertain;Uncertain;Benign;Uncertain;Uncertain;;;;;False;False;False;False;False;False;False;False;False;False;;;False;False;False;False
C;147;G;;;;;;;7.337433;0.501083776;0.693144831;Uncertain;Uncertain;Uncertain;Uncertain;Uncertain;Uncertain;Uncertain;Uncertain;Uncertain;Uncertain;Uncertain;;;;;False;False;False;False;False;False;False;False;False;False;;;False;False;False;False
C;147;H;;;;;;;11.3871765;0.91023494;0.301993921;Pathogenic;Pathogenic;Pathogenic;Pathogenic;Pathogenic;Pathogenic;Pathogenic;Pathogenic;Pathogenic;Pathogenic;Pathogenic;;;;;False;False;False;False;False;False;True;False;False;False;;;False;False;False;False
C;147;I;;;;;;;9.067535;0.771972701;0.536881696;Uncertain;Uncertain;Uncertain;Uncertain;Pathogenic;Pathogenic;Pathogenic;Pathogenic;Pathogenic;Uncertain;Pathogenic;;;;;False;False;False;False;False;False;True;False;False;False;;;False;False;False;False
C;147;K;;;;;;;10.908234;0.893069751;0.340048756;Uncertain;Pathogenic;Pathogenic;Pathogenic;Pathogenic;Pathogenic;Pathogenic;Pathogenic;Pathogenic;Pathogenic;Pathogenic;;;;;False;False;False;False;False;False;True;False;False;False;;;False;False;False;False
C;147;L;;;;;;;10.905731;0.892969331;0.340261845;Uncertain;Pathogenic;Pathogenic;Pathogenic;Pathogenic;Pathogenic;Pathogenic;Pathogenic;Pathogenic;Pathogenic;Pathogenic;;;;;False;False;False;False;False;False;True;False;False;False;;;False;False;False;False
C;147;M;;;;;;;10.070984;0.851886648;0.4194225;Uncertain;Uncertain;Pathogenic;Pathogenic;Pathogenic;Pathogenic;Pathogenic;Pathogenic;Pathogenic;Uncertain;Pathogenic;;;;;False;False;False;False;False;False;True;False;False;False;;;False;False;False;False
C;147;N;;;;;;;11.161865;0.90265286;0.319214635;Uncertain;Pathogenic;Pathogenic;Pathogenic;Pathogenic;Pathogenic;Pathogenic;Pathogenic;Pathogenic;Pathogenic;Pathogenic;;;;;False;False;False;False;False;False;True;False;False;False;;;False;False;False;False
C;147;P;;;;;;;10.936127;0.894180858;0.337683962;Uncertain;Pathogenic;Pathogenic;Pathogenic;Pathogenic;Pathogenic;Pathogenic;Pathogenic;Pathogenic;Pathogenic;Pathogenic;;;;;False;False;False;False;False;False;True;False;False;False;;;False;False;False;False
C;147;Q;;;;;;;10.968109;0.895437019;0.334994726;Uncertain;Pathogenic;Pathogenic;Pathogenic;Pathogenic;Pathogenic;Pathogenic;Pathogenic;Pathogenic;Pathogenic;Pathogenic;;;;;False;False;False;False;False;False;True;False;False;False;;;False;False;False;False
C;147;R;;;;;;;10.936188;0.894183272;0.33767881;Uncertain;Pathogenic;Pathogenic;Pathogenic;Pathogenic;Pathogenic;Pathogenic;Pathogenic;Pathogenic;Pathogenic;Pathogenic;;;;;False;False;False;False;False;False;True;False;False;False;;;False;False;False;False
C;147;S;;;;;;;9.141693;0.779601344;0.527412065;Uncertain;Uncertain;Uncertain;Uncertain;Pathogenic;Pathogenic;Pathogenic;Pathogenic;Pathogenic;Uncertain;Pathogenic;;;;;False;False;False;False;False;False;True;False;False;False;;;False;False;False;False
C;147;T;;;;;;;10.190399;0.858822811;0.407094682;Uncertain;Uncertain;Pathogenic;Pathogenic;Pathogenic;Pathogenic;Pathogenic;Pathogenic;Pathogenic;Pathogenic;Pathogenic;;;;;False;False;False;False;False;False;True;False;False;False;;;False;False;False;False
C;147;V;;;;;;;9.148346;0.780269057;0.526567214;Uncertain;Uncertain;Uncertain;Uncertain;Pathogenic;Pathogenic;Pathogenic;Pathogenic;Pathogenic;Uncertain;Pathogenic;;;;;False;False;False;False;False;False;True;False;False;False;;;False;False;False;False
C;147;W;;;;;;;6.958069;0.443918172;0.686843581;Uncertain;Uncertain;Uncertain;Uncertain;Uncertain;Uncertain;Uncertain;Uncertain;Uncertain;Uncertain;Uncertain;;;;;False;False;False;False;False;False;False;False;False;False;;;False;False;False;False
C;147;Y;;;;;;;7.992798;0.617612604;0.665220786;Uncertain;Uncertain;Uncertain;Uncertain;Uncertain;Uncertain;Uncertain;Pathogenic;Pathogenic;Uncertain;Uncertain;;;;;False;False;False;False;False;False;False;False;False;False;;;False;False;False;False
G;148;A;;;;;;;5.012665;0.281588509;0.594447352;Uncertain;Uncertain;Uncertain;Uncertain;Uncertain;Benign;Benign;Benign;Benign;Uncertain;Benign;;;;;False;False;True;False;False;True;False;False;False;False;;;False;False;False;False
G;148;C;;;;;;;5.3604126;0.302955826;0.613348003;Uncertain;Uncertain;Uncertain;Uncertain;Uncertain;Uncertain;Benign;Benign;Benign;Uncertain;Benign;;;;;False;False;True;False;False;True;False;False;False;False;;;False;False;False;False
G;148;D;Likely pathogenic;2;2;pathogenic;;;11.24173;0.905437128;0.312969425;Uncertain;Pathogenic;Pathogenic;Pathogenic;Pathogenic;Pathogenic;Pathogenic;Pathogenic;Pathogenic;Pathogenic;Pathogenic;11.2430725;0.905483011;0.312865757;Pathogenic;False;False;True;True;False;False;True;False;False;True;pathogenic;Likely Pathogenic;False;False;False;False
G;148;E;;;;;;;10.967499;0.895413236;0.335045796;Uncertain;Pathogenic;Pathogenic;Pathogenic;Pathogenic;Pathogenic;Pathogenic;Pathogenic;Pathogenic;Pathogenic;Pathogenic;;;;;False;False;True;False;False;False;True;False;False;True;pathogenic;Likely Pathogenic;False;False;False;False
G;148;F;;;;;;;11.268097;0.90633276;0.310941359;Uncertain;Pathogenic;Pathogenic;Pathogenic;Pathogenic;Pathogenic;Pathogenic;Pathogenic;Pathogenic;Pathogenic;Pathogenic;;;;;False;False;True;False;False;False;True;False;False;True;pathogenic;Likely Pathogenic;False;False;False;False
G;148;G;;;;;;;;;;;;;;;;;;;;;;;;;False;False;True;False;False;False;False;False;False;False;;;False;False;False;False
G;148;H;;;;;;;11.246185;0.90558927;0.312625578;Uncertain;Pathogenic;Pathogenic;Pathogenic;Pathogenic;Pathogenic;Pathogenic;Pathogenic;Pathogenic;Pathogenic;Pathogenic;;;;;False;False;True;False;False;False;True;False;False;True;pathogenic;Likely Pathogenic;False;False;False;False
G;148;I;;;;;;;11.404053;0.910769339;0.30075423;Pathogenic;Pathogenic;Pathogenic;Pathogenic;Pathogenic;Pathogenic;Pathogenic;Pathogenic;Pathogenic;Pathogenic;Pathogenic;;;;;False;False;True;False;False;False;True;False;False;True;pathogenic;Likely Pathogenic;False;False;False;False
G;148;K;;;;;;;11.268585;0.906349227;0.310903982;Uncertain;Pathogenic;Pathogenic;Pathogenic;Pathogenic;Pathogenic;Pathogenic;Pathogenic;Pathogenic;Pathogenic;Pathogenic;;;;;False;False;True;False;False;False;True;False;False;True;pathogenic;Likely Pathogenic;False;False;False;False
G;148;L;;;;;;;11.322205;0.908134607;0.306832549;Uncertain;Pathogenic;Pathogenic;Pathogenic;Pathogenic;Pathogenic;Pathogenic;Pathogenic;Pathogenic;Pathogenic;Pathogenic;;;;;False;False;True;False;False;False;True;False;False;True;pathogenic;Likely Pathogenic;False;False;False;False
G;148;M;;;;;;;11.273651;0.906519941;0.310516314;Uncertain;Pathogenic;Pathogenic;Pathogenic;Pathogenic;Pathogenic;Pathogenic;Pathogenic;Pathogenic;Pathogenic;Pathogenic;;;;;False;False;True;False;False;False;True;False;False;True;pathogenic;Likely Pathogenic;False;False;False;False
G;148;N;;;;;;;11.256775;0.905949596;0.311810146;Uncertain;Pathogenic;Pathogenic;Pathogenic;Pathogenic;Pathogenic;Pathogenic;Pathogenic;Pathogenic;Pathogenic;Pathogenic;;;;;False;False;True;False;False;False;True;False;False;True;pathogenic;Likely Pathogenic;False;False;False;False
G;148;P;;;;;;;11.205078;0.904172778;0.315816488;Uncertain;Pathogenic;Pathogenic;Pathogenic;Pathogenic;Pathogenic;Pathogenic;Pathogenic;Pathogenic;Pathogenic;Pathogenic;;;;;False;False;True;False;False;False;True;False;False;True;pathogenic;Likely Pathogenic;False;False;False;False
G;148;Q;;;;;;;12.585724;0.937332099;0.234246104;Pathogenic;Pathogenic;Pathogenic;Pathogenic;Pathogenic;Pathogenic;Pathogenic;Pathogenic;Pathogenic;Pathogenic;Pathogenic;;;;;False;False;True;False;False;False;True;False;False;True;pathogenic;Likely Pathogenic;False;False;False;False
G;148;R;;;;;;;11.262146;0.90613163;0.311397618;Uncertain;Pathogenic;Pathogenic;Pathogenic;Pathogenic;Pathogenic;Pathogenic;Pathogenic;Pathogenic;Pathogenic;Pathogenic;;;;;False;False;True;False;False;False;True;False;False;True;pathogenic;Likely Pathogenic;False;False;False;False
G;148;S;;;;;;;8.127319;0.641187668;0.652731791;Uncertain;Uncertain;Uncertain;Uncertain;Uncertain;Uncertain;Uncertain;Pathogenic;Pathogenic;Uncertain;Pathogenic;;;;;False;False;True;False;False;False;True;False;False;True;pathogenic;Likely Pathogenic;False;False;False;False
G;148;T;;;;;;;11.282227;0.906807966;0.309861471;Uncertain;Pathogenic;Pathogenic;Pathogenic;Pathogenic;Pathogenic;Pathogenic;Pathogenic;Pathogenic;Pathogenic;Pathogenic;;;;;False;False;True;False;False;False;True;False;False;True;pathogenic;Likely Pathogenic;False;False;False;False
G;148;V;;;;;;;10.930145;0.893943794;0.338189601;Uncertain;Pathogenic;Pathogenic;Pathogenic;Pathogenic;Pathogenic;Pathogenic;Pathogenic;Pathogenic;Pathogenic;Pathogenic;;;;;False;False;True;False;False;False;True;False;False;True;pathogenic;Likely Pathogenic;False;False;False;False
G;148;W;;;;;;;11.251953;0.905785759;0.312181104;Uncertain;Pathogenic;Pathogenic;Pathogenic;Pathogenic;Pathogenic;Pathogenic;Pathogenic;Pathogenic;Pathogenic;Pathogenic;;;;;False;False;True;False;False;False;True;False;False;True;pathogenic;Likely Pathogenic;False;False;False;False
G;148;Y;;;;;;;11.24469;0.905538252;0.312740912;Uncertain;Pathogenic;Pathogenic;Pathogenic;Pathogenic;Pathogenic;Pathogenic;Pathogenic;Pathogenic;Pathogenic;Pathogenic;;;;;False;False;True;False;False;False;True;False;False;True;pathogenic;Likely Pathogenic;False;False;False;False
V;149;A;;;;;;;6.5776978;0.398591048;0.672436249;Uncertain;Uncertain;Uncertain;Uncertain;Uncertain;Uncertain;Uncertain;Uncertain;Benign;Uncertain;Uncertain;;;;;False;False;True;False;False;False;False;False;False;False;;;False;False;False;False
V;149;C;;;;;;;9.884949;0.840209048;0.439323068;Uncertain;Uncertain;Uncertain;Pathogenic;Pathogenic;Pathogenic;Pathogenic;Pathogenic;Pathogenic;Uncertain;Pathogenic;;;;;False;False;True;False;False;False;True;False;False;True;pathogenic;Likely Pathogenic;False;False;False;False
V;149;D;;;;;;;8.951477;0.759318744;0.551863927;Uncertain;Uncertain;Uncertain;Uncertain;Uncertain;Pathogenic;Pathogenic;Pathogenic;Pathogenic;Uncertain;Pathogenic;;;;;False;False;True;False;False;False;True;False;False;True;pathogenic;Likely Pathogenic;False;False;False;False
V;149;E;;;;;;;6.7729187;0.420424367;0.680428605;Uncertain;Uncertain;Uncertain;Uncertain;Uncertain;Uncertain;Uncertain;Uncertain;Benign;Uncertain;Uncertain;;;;;False;False;True;False;False;False;False;False;False;False;;;False;False;False;False
V;149;F;;;;;;;9.602692;0.820144584;0.471174176;Uncertain;Uncertain;Uncertain;Pathogenic;Pathogenic;Pathogenic;Pathogenic;Pathogenic;Pathogenic;Uncertain;Pathogenic;;;;;False;False;True;False;False;False;True;False;False;True;pathogenic;Likely Pathogenic;False;False;False;False
V;149;G;Likely pathogenic;1;1;pathogenic;3.98E-06;3.98E-06;9.023163;0.767240368;0.542589395;Uncertain;Uncertain;Uncertain;Uncertain;Pathogenic;Pathogenic;Pathogenic;Pathogenic;Pathogenic;Uncertain;Pathogenic;9.015106;0.766367234;0.543628731;Pathogenic;False;False;True;True;False;False;True;False;False;True;pathogenic;Likely Pathogenic;False;False;False;False
V;149;H;;;;;;;9.873596;0.839459323;0.440565359;Uncertain;Uncertain;Uncertain;Pathogenic;Pathogenic;Pathogenic;Pathogenic;Pathogenic;Pathogenic;Uncertain;Pathogenic;;;;;False;False;True;False;False;False;True;False;False;True;pathogenic;Likely Pathogenic;False;False;False;False
V;149;I;;;;uncertain;1.19E-05;1.19E-05;2.367981;0.154821294;0.430981745;Uncertain;Uncertain;Benign;Benign;Benign;Benign;Benign;Benign;Benign;Uncertain;Benign;2.3588867;0.154488457;0.430416404;Benign;False;False;True;False;False;True;False;False;False;False;uncertain;uncertain;False;False;False;False
V;149;K;;;;;;;7.240967;0.485444538;0.692723398;Uncertain;Uncertain;Uncertain;Uncertain;Uncertain;Uncertain;Uncertain;Uncertain;Uncertain;Uncertain;Uncertain;;;;;False;False;True;False;False;False;False;False;False;False;;;False;False;False;False
V;149;L;;;;;;;5.957489;0.34394822;0.643619641;Uncertain;Uncertain;Uncertain;Uncertain;Uncertain;Uncertain;Uncertain;Benign;Benign;Uncertain;Benign;;;;;False;False;True;False;False;True;False;False;False;False;;;False;False;False;False
V;149;M;;;;;;;8.105499;0.637421312;0.654887464;Uncertain;Uncertain;Uncertain;Uncertain;Uncertain;Uncertain;Uncertain;Pathogenic;Pathogenic;Uncertain;Uncertain;;;;;False;False;True;False;False;False;False;False;False;False;;;False;False;False;False
V;149;N;;;;;;;8.610077;0.716531438;0.596199477;Uncertain;Uncertain;Uncertain;Uncertain;Uncertain;Pathogenic;Pathogenic;Pathogenic;Pathogenic;Uncertain;Pathogenic;;;;;False;False;True;False;False;False;True;False;False;True;pathogenic;Likely Pathogenic;False;False;False;False
V;149;P;;;;;;;7.3241577;0.498891384;0.693144722;Uncertain;Uncertain;Uncertain;Uncertain;Uncertain;Uncertain;Uncertain;Uncertain;Uncertain;Uncertain;Uncertain;;;;;False;False;True;False;False;False;False;False;False;False;;;False;False;False;False
V;149;Q;;;;;;;8.936066;0.75757003;0.553864756;Uncertain;Uncertain;Uncertain;Uncertain;Uncertain;Pathogenic;Pathogenic;Pathogenic;Pathogenic;Uncertain;Pathogenic;;;;;False;False;True;False;False;False;True;False;False;True;pathogenic;Likely Pathogenic;False;False;False;False
V;149;R;;;;;;;9.467255;0.809344074;0.487172668;Uncertain;Uncertain;Uncertain;Pathogenic;Pathogenic;Pathogenic;Pathogenic;Pathogenic;Pathogenic;Uncertain;Pathogenic;;;;;False;False;True;False;False;False;True;False;False;True;pathogenic;Likely Pathogenic;False;False;False;False
V;149;S;;;;;;;8.517456;0.703398977;0.607956789;Uncertain;Uncertain;Uncertain;Uncertain;Uncertain;Uncertain;Pathogenic;Pathogenic;Pathogenic;Uncertain;Pathogenic;;;;;False;False;True;False;False;False;True;False;False;True;pathogenic;Likely Pathogenic;False;False;False;False
V;149;T;;;;;;;5.133789;0.288877932;0.601143941;Uncertain;Uncertain;Uncertain;Uncertain;Uncertain;Uncertain;Benign;Benign;Benign;Uncertain;Benign;;;;;False;False;True;False;False;True;False;False;False;False;;;False;False;False;False
V;149;V;;;;;;;;;;;;;;;;;;;;;;;;;False;False;True;False;False;False;False;False;False;False;;;False;False;False;False
V;149;W;;;;;;;9.812378;0.835338273;0.447319864;Uncertain;Uncertain;Uncertain;Pathogenic;Pathogenic;Pathogenic;Pathogenic;Pathogenic;Pathogenic;Uncertain;Pathogenic;;;;;False;False;True;False;False;False;True;False;False;True;pathogenic;Likely Pathogenic;False;False;False;False
V;149;Y;;;;;;;9.841003;0.83728188;0.444149782;Uncertain;Uncertain;Uncertain;Pathogenic;Pathogenic;Pathogenic;Pathogenic;Pathogenic;Pathogenic;Uncertain;Pathogenic;;;;;False;False;True;False;False;False;True;False;False;True;pathogenic;Likely Pathogenic;False;False;False;False
I;150;A;;;;;;;10.824738;0.889655393;0.347235216;Uncertain;Pathogenic;Pathogenic;Pathogenic;Pathogenic;Pathogenic;Pathogenic;Pathogenic;Pathogenic;Pathogenic;Pathogenic;;;;;False;False;False;False;False;False;True;False;False;False;;;False;False;False;False
I;150;C;;;;;;;10.908142;0.893066062;0.340056586;Uncertain;Pathogenic;Pathogenic;Pathogenic;Pathogenic;Pathogenic;Pathogenic;Pathogenic;Pathogenic;Pathogenic;Pathogenic;;;;;False;False;False;False;False;False;True;False;False;False;;;False;False;False;False
I;150;D;;;;;;;10.894226;0.892506228;0.341243168;Uncertain;Pathogenic;Pathogenic;Pathogenic;Pathogenic;Pathogenic;Pathogenic;Pathogenic;Pathogenic;Pathogenic;Pathogenic;;;;;False;False;False;False;False;False;True;False;False;False;;;False;False;False;False
I;150;E;;;;;;;10.870483;0.891542572;0.343278016;Uncertain;Pathogenic;Pathogenic;Pathogenic;Pathogenic;Pathogenic;Pathogenic;Pathogenic;Pathogenic;Pathogenic;Pathogenic;;;;;False;False;False;False;False;False;True;False;False;False;;;False;False;False;False
I;150;F;;;;;;;10.8819275;0.89200841;0.34229556;Uncertain;Pathogenic;Pathogenic;Pathogenic;Pathogenic;Pathogenic;Pathogenic;Pathogenic;Pathogenic;Pathogenic;Pathogenic;;;;;False;False;False;False;False;False;True;False;False;False;;;False;False;False;False
I;150;G;;;;;;;10.857513;0.891011607;0.344395088;Uncertain;Pathogenic;Pathogenic;Pathogenic;Pathogenic;Pathogenic;Pathogenic;Pathogenic;Pathogenic;Pathogenic;Pathogenic;;;;;False;False;False;False;False;False;True;False;False;False;;;False;False;False;False
I;150;H;;;;;;;10.870117;0.891527632;0.343309486;Uncertain;Pathogenic;Pathogenic;Pathogenic;Pathogenic;Pathogenic;Pathogenic;Pathogenic;Pathogenic;Pathogenic;Pathogenic;;;;;False;False;False;False;False;False;True;False;False;False;;;False;False;False;False
I;150;I;;;;;;;;;;;;;;;;;;;;;;;;;False;False;False;False;False;False;False;False;False;False;;;False;False;False;False
I;150;K;;;;;;;10.907349;0.893034259;0.340124083;Uncertain;Pathogenic;Pathogenic;Pathogenic;Pathogenic;Pathogenic;Pathogenic;Pathogenic;Pathogenic;Pathogenic;Pathogenic;;;;;False;False;False;False;False;False;True;False;False;False;;;False;False;False;False
I;150;L;;;;;;;6.709442;0.413012294;0.677936176;Uncertain;Uncertain;Uncertain;Uncertain;Uncertain;Uncertain;Uncertain;Uncertain;Benign;Uncertain;Uncertain;;;;;False;False;False;False;False;False;False;False;False;False;;;False;False;False;False
I;150;M;;;;;;;10.157257;0.856938903;0.410481585;Uncertain;Uncertain;Pathogenic;Pathogenic;Pathogenic;Pathogenic;Pathogenic;Pathogenic;Pathogenic;Uncertain;Pathogenic;;;;;False;False;False;False;False;False;True;False;False;False;;;False;False;False;False
I;150;N;;;;;;;10.827118;0.889754579;0.347028142;Uncertain;Pathogenic;Pathogenic;Pathogenic;Pathogenic;Pathogenic;Pathogenic;Pathogenic;Pathogenic;Pathogenic;Pathogenic;;;;;False;False;False;False;False;False;True;False;False;False;;;False;False;False;False
I;150;P;;;;;;;10.851105;0.890748083;0.344948426;Uncertain;Pathogenic;Pathogenic;Pathogenic;Pathogenic;Pathogenic;Pathogenic;Pathogenic;Pathogenic;Pathogenic;Pathogenic;;;;;False;False;False;False;False;False;True;False;False;False;;;False;False;False;False
I;150;Q;;;;;;;10.837219;0.890174308;0.346150749;Uncertain;Pathogenic;Pathogenic;Pathogenic;Pathogenic;Pathogenic;Pathogenic;Pathogenic;Pathogenic;Pathogenic;Pathogenic;;;;;False;False;False;False;False;False;True;False;False;False;;;False;False;False;False
I;150;R;;;;;;;10.932526;0.894038232;0.337988243;Uncertain;Pathogenic;Pathogenic;Pathogenic;Pathogenic;Pathogenic;Pathogenic;Pathogenic;Pathogenic;Pathogenic;Pathogenic;;;;;False;False;False;False;False;False;True;False;False;False;;;False;False;False;False
I;150;S;;;;;;;10.887878;0.892249633;0.341785934;Uncertain;Pathogenic;Pathogenic;Pathogenic;Pathogenic;Pathogenic;Pathogenic;Pathogenic;Pathogenic;Pathogenic;Pathogenic;;;;;False;False;False;False;False;False;True;False;False;False;;;False;False;False;False
I;150;T;;;;uncertain;7.96E-06;7.96E-06;9.620453;0.821500601;0.469110409;Uncertain;Uncertain;Uncertain;Pathogenic;Pathogenic;Pathogenic;Pathogenic;Pathogenic;Pathogenic;Uncertain;Pathogenic;9.558533;0.816713952;0.476339871;Pathogenic;False;False;False;False;False;False;True;False;False;False;uncertain;uncertain;False;False;False;False
I;150;V;;;;uncertain;1.59E-05;1.59E-05;2.8762817;0.1745151;0.462973741;Uncertain;Uncertain;Uncertain;Benign;Benign;Benign;Benign;Benign;Benign;Uncertain;Benign;2.9245605;0.176498881;0.466042837;Benign;False;False;False;False;False;True;False;False;False;False;uncertain;uncertain;False;False;False;False
I;150;W;;;;;;;10.952789;0.894837656;0.336279956;Uncertain;Pathogenic;Pathogenic;Pathogenic;Pathogenic;Pathogenic;Pathogenic;Pathogenic;Pathogenic;Pathogenic;Pathogenic;;;;;False;False;False;False;False;False;True;False;False;False;;;False;False;False;False
I;150;Y;;;;;;;10.128052;0.855252937;0.413488069;Uncertain;Uncertain;Pathogenic;Pathogenic;Pathogenic;Pathogenic;Pathogenic;Pathogenic;Pathogenic;Uncertain;Pathogenic;;;;;False;False;False;False;False;False;True;False;False;False;;;False;False;False;False
G;151;A;;;;;;;4.0894775;0.230469352;0.539842844;Uncertain;Uncertain;Uncertain;Uncertain;Benign;Benign;Benign;Benign;Benign;Uncertain;Benign;;;;;False;False;False;False;False;True;False;False;False;False;;;False;False;False;False
G;151;C;;;;;;;10.049927;0.850619948;0.421632217;Uncertain;Uncertain;Pathogenic;Pathogenic;Pathogenic;Pathogenic;Pathogenic;Pathogenic;Pathogenic;Uncertain;Pathogenic;;;;;False;False;False;False;False;False;True;False;False;False;;;False;False;False;False
G;151;D;;;;;;;9.2387085;0.789076638;0.515177489;Uncertain;Uncertain;Uncertain;Uncertain;Pathogenic;Pathogenic;Pathogenic;Pathogenic;Pathogenic;Uncertain;Pathogenic;;;;;False;False;False;False;False;False;True;False;False;False;;;False;False;False;False
G;151;E;;;;;;;5.972107;0.345053796;0.644330858;Uncertain;Uncertain;Uncertain;Uncertain;Uncertain;Uncertain;Uncertain;Benign;Benign;Uncertain;Benign;;;;;False;False;False;False;False;True;False;False;False;False;;;False;False;False;False
G;151;F;;;;;;;7.8323975;0.588698099;0.677328891;Uncertain;Uncertain;Uncertain;Uncertain;Uncertain;Uncertain;Uncertain;Uncertain;Pathogenic;Uncertain;Uncertain;;;;;False;False;False;False;False;False;False;False;False;False;;;False;False;False;False
G;151;G;;;;;;;;;;;;;;;;;;;;;;;;;False;False;False;False;False;False;False;False;False;False;;;False;False;False;False
G;151;H;;;;;;;8.560608;0.709599801;0.602509626;Uncertain;Uncertain;Uncertain;Uncertain;Uncertain;Uncertain;Pathogenic;Pathogenic;Pathogenic;Uncertain;Pathogenic;;;;;False;False;False;False;False;False;True;False;False;False;;;False;False;False;False
G;151;I;;;;;;;9.779297;0.833054819;0.451009181;Uncertain;Uncertain;Uncertain;Pathogenic;Pathogenic;Pathogenic;Pathogenic;Pathogenic;Pathogenic;Uncertain;Pathogenic;;;;;False;False;False;False;False;False;True;False;False;False;;;False;False;False;False
G;151;K;;;;;;;6.1651;0.360316112;0.653599857;Uncertain;Uncertain;Uncertain;Uncertain;Uncertain;Uncertain;Uncertain;Benign;Benign;Uncertain;Uncertain;;;;;False;False;False;False;False;False;False;False;False;False;;;False;False;False;False
G;151;L;;;;;;;8.978577;0.762354247;0.548351008;Uncertain;Uncertain;Uncertain;Uncertain;Pathogenic;Pathogenic;Pathogenic;Pathogenic;Pathogenic;Uncertain;Pathogenic;;;;;False;False;False;False;False;False;True;False;False;False;;;False;False;False;False
G;151;M;;;;;;;8.56543;0.710283784;0.601897392;Uncertain;Uncertain;Uncertain;Uncertain;Uncertain;Uncertain;Pathogenic;Pathogenic;Pathogenic;Uncertain;Pathogenic;;;;;False;False;False;False;False;False;True;False;False;False;;;False;False;False;False
G;151;N;;;;;;;8.075562;0.632214843;0.657766373;Uncertain;Uncertain;Uncertain;Uncertain;Uncertain;Uncertain;Uncertain;Pathogenic;Pathogenic;Uncertain;Uncertain;;;;;False;False;False;False;False;False;False;False;False;False;;;False;False;False;False
G;151;P;;;;;;;10.091309;0.853096627;0.417299856;Uncertain;Uncertain;Pathogenic;Pathogenic;Pathogenic;Pathogenic;Pathogenic;Pathogenic;Pathogenic;Uncertain;Pathogenic;;;;;False;False;False;False;False;False;True;False;False;False;;;False;False;False;False
G;151;Q;;;;;;;7.1294556;0.468270454;0.691132299;Uncertain;Uncertain;Uncertain;Uncertain;Uncertain;Uncertain;Uncertain;Uncertain;Uncertain;Uncertain;Uncertain;;;;;False;False;False;False;False;False;False;False;False;False;;;False;False;False;False
G;151;R;;;;;;;6.7157288;0.413732446;0.678188259;Uncertain;Uncertain;Uncertain;Uncertain;Uncertain;Uncertain;Uncertain;Uncertain;Benign;Uncertain;Uncertain;;;;;False;False;False;False;False;False;False;False;False;False;;;False;False;False;False
G;151;S;;;;;;;7.1415405;0.470082267;0.691355969;Uncertain;Uncertain;Uncertain;Uncertain;Uncertain;Uncertain;Uncertain;Uncertain;Uncertain;Uncertain;Uncertain;;;;;False;False;False;False;False;False;False;False;False;False;;;False;False;False;False
G;151;T;;;;;;;6.5657043;0.397338943;0.671917938;Uncertain;Uncertain;Uncertain;Uncertain;Uncertain;Uncertain;Uncertain;Uncertain;Benign;Uncertain;Uncertain;;;;;False;False;False;False;False;False;False;False;False;False;;;False;False;False;False
G;151;V;;;;;;;5.7812195;0.33107838;0.6349397;Uncertain;Uncertain;Uncertain;Uncertain;Uncertain;Uncertain;Benign;Benign;Benign;Uncertain;Benign;;;;;False;False;False;False;False;True;False;False;False;False;;;False;False;False;False
G;151;W;;;;;;;10.56958;0.878354023;0.370191709;Uncertain;Pathogenic;Pathogenic;Pathogenic;Pathogenic;Pathogenic;Pathogenic;Pathogenic;Pathogenic;Pathogenic;Pathogenic;;;;;False;False;False;False;False;False;True;False;False;False;;;False;False;False;False
G;151;Y;;;;;;;7.7788086;0.578948419;0.680629153;Uncertain;Uncertain;Uncertain;Uncertain;Uncertain;Uncertain;Uncertain;Uncertain;Pathogenic;Uncertain;Uncertain;;;;;False;False;False;False;False;False;False;False;False;False;;;False;False;False;False
I;152;A;;;;;;;5.4690247;0.309935453;0.61904901;Uncertain;Uncertain;Uncertain;Uncertain;Uncertain;Uncertain;Benign;Benign;Benign;Uncertain;Benign;;;;;False;False;False;False;False;True;False;False;False;False;;;False;False;False;False
I;152;C;;;;;;;7.508728;0.530365526;0.691301915;Uncertain;Uncertain;Uncertain;Uncertain;Uncertain;Uncertain;Uncertain;Uncertain;Uncertain;Uncertain;Uncertain;;;;;False;False;False;False;False;False;False;False;False;False;;;False;False;False;False
I;152;D;;;;;;;8.486877;0.698918159;0.611778159;Uncertain;Uncertain;Uncertain;Uncertain;Uncertain;Uncertain;Pathogenic;Pathogenic;Pathogenic;Uncertain;Pathogenic;;;;;False;False;False;False;False;False;True;False;False;False;;;False;False;False;False
I;152;E;;;;;;;8.519104;0.703638425;0.60774988;Uncertain;Uncertain;Uncertain;Uncertain;Uncertain;Uncertain;Pathogenic;Pathogenic;Pathogenic;Uncertain;Pathogenic;;;;;False;False;False;False;False;False;True;False;False;False;;;False;False;False;False
I;152;F;;;;;;;3.6550293;0.208966818;0.512584561;Uncertain;Uncertain;Uncertain;Uncertain;Benign;Benign;Benign;Benign;Benign;Uncertain;Benign;;;;;False;False;False;False;False;True;False;False;False;False;;;False;False;False;False
I;152;G;;;;;;;8.488464;0.699152468;0.611580705;Uncertain;Uncertain;Uncertain;Uncertain;Uncertain;Uncertain;Pathogenic;Pathogenic;Pathogenic;Uncertain;Pathogenic;;;;;False;False;False;False;False;False;True;False;False;False;;;False;False;False;False
I;152;H;;;;;;;6.145447;0.358699795;0.652666433;Uncertain;Uncertain;Uncertain;Uncertain;Uncertain;Uncertain;Uncertain;Benign;Benign;Uncertain;Benign;;;;;False;False;False;False;False;True;False;False;False;False;;;False;False;False;False
I;152;I;;;;;;;;;;;;;;;;;;;;;;;;;False;False;False;False;False;False;False;False;False;False;;;False;False;False;False
I;152;K;;;;;;;8.57132;0.71111682;0.601148668;Uncertain;Uncertain;Uncertain;Uncertain;Uncertain;Uncertain;Pathogenic;Pathogenic;Pathogenic;Uncertain;Pathogenic;;;;;False;False;False;False;False;False;True;False;False;False;;;False;False;False;False
I;152;L;;;;;;;1.2388611;0.118413812;0.363752665;Uncertain;Benign;Benign;Benign;Benign;Benign;Benign;Benign;Benign;Benign;Benign;;;;;False;False;False;False;False;True;False;False;False;False;;;False;False;False;False
I;152;M;;;;;;;4.3682556;0.245122323;0.556912746;Uncertain;Uncertain;Uncertain;Uncertain;Uncertain;Benign;Benign;Benign;Benign;Uncertain;Benign;;;;;False;False;False;False;False;True;False;False;False;False;;;False;False;False;False
I;152;N;;;;;;;7.1182556;0.466602279;0.690914703;Uncertain;Uncertain;Uncertain;Uncertain;Uncertain;Uncertain;Uncertain;Uncertain;Uncertain;Uncertain;Uncertain;;;;;False;False;False;False;False;False;False;False;False;False;;;False;False;False;False
I;152;P;;;;;;;8.522827;0.704178593;0.607282105;Uncertain;Uncertain;Uncertain;Uncertain;Uncertain;Uncertain;Pathogenic;Pathogenic;Pathogenic;Uncertain;Pathogenic;;;;;False;False;False;False;False;False;True;False;False;False;;;False;False;False;False
I;152;Q;;;;;;;6.2740784;0.36957426;0.658728706;Uncertain;Uncertain;Uncertain;Uncertain;Uncertain;Uncertain;Uncertain;Benign;Benign;Uncertain;Uncertain;;;;;False;False;False;False;False;False;False;False;False;False;;;False;False;False;False
I;152;R;;;;;;;5.2222595;0.294301727;0.605958574;Uncertain;Uncertain;Uncertain;Uncertain;Uncertain;Uncertain;Benign;Benign;Benign;Uncertain;Benign;;;;;False;False;False;False;False;True;False;False;False;False;;;False;False;False;False
I;152;S;Uncertain significance;1;1;uncertain;;;6.7068787;0.412719534;0.677833086;Uncertain;Uncertain;Uncertain;Uncertain;Uncertain;Uncertain;Uncertain;Uncertain;Benign;Uncertain;Uncertain;6.6641235;0.407909338;0.676088579;Uncertain;False;False;False;False;False;False;False;False;False;False;uncertain;Uncertain significance;False;False;False;False
I;152;T;Pathogenic;0;1;uncertain;;;4.9262085;0.276475784;0.589593948;Uncertain;Uncertain;Uncertain;Uncertain;Uncertain;Benign;Benign;Benign;Benign;Uncertain;Benign;4.8780823;0.273660947;0.586866197;Benign;False;False;False;True;False;True;False;False;False;False;pathogenic;Pathogenic;True;False;False;False
I;152;V;;;;;;;2.184967;0.14825223;0.419665386;Uncertain;Uncertain;Benign;Benign;Benign;Benign;Benign;Benign;Benign;Uncertain;Benign;;;;;False;False;False;False;False;True;False;False;False;False;;;False;False;False;False
I;152;W;;;;;;;4.9890747;0.280186199;0.593129089;Uncertain;Uncertain;Uncertain;Uncertain;Uncertain;Benign;Benign;Benign;Benign;Uncertain;Benign;;;;;False;False;False;False;False;True;False;False;False;False;;;False;False;False;False
I;152;Y;;;;;;;4.247986;0.238719077;0.549598931;Uncertain;Uncertain;Uncertain;Uncertain;Benign;Benign;Benign;Benign;Benign;Uncertain;Benign;;;;;False;False;False;False;False;True;False;False;False;False;;;False;False;False;False
A;153;A;;;;;;;;;;;;;;;;;;;;;;;;;False;False;False;False;False;False;False;False;False;False;;;False;False;False;False
A;153;C;;;;;;;;;;;;;;;;;;;;;;;;;False;False;False;False;False;False;False;False;False;False;;;False;False;False;False
A;153;D;;;;;;;;;;;;;;;;;;;;;;;;;False;False;False;False;False;False;False;False;False;False;;;False;False;False;False
A;153;E;;;;;;;;;;;;;;;;;;;;;;;;;False;False;False;False;False;False;False;False;False;False;;;False;False;False;False
A;153;F;;;;;;;;;;;;;;;;;;;;;;;;;False;False;False;False;False;False;False;False;False;False;;;False;False;False;False
A;153;G;;;;;;;;;;;;;;;;;;;;;;;;;False;False;False;False;False;False;False;False;False;False;;;False;False;False;False
A;153;H;;;;;;;;;;;;;;;;;;;;;;;;;False;False;False;False;False;False;False;False;False;False;;;False;False;False;False
A;153;I;;;;;;;;;;;;;;;;;;;;;;;;;False;False;False;False;False;False;False;False;False;False;;;False;False;False;False
A;153;K;;;;;;;;;;;;;;;;;;;;;;;;;False;False;False;False;False;False;False;False;False;False;;;False;False;False;False
A;153;L;;;;;;;;;;;;;;;;;;;;;;;;;False;False;False;False;False;False;False;False;False;False;;;False;False;False;False
A;153;M;;;;;;;;;;;;;;;;;;;;;;;;;False;False;False;False;False;False;False;False;False;False;;;False;False;False;False
A;153;N;;;;;;;;;;;;;;;;;;;;;;;;;False;False;False;False;False;False;False;False;False;False;;;False;False;False;False
A;153;P;;;;;;;;;;;;;;;;;;;;;;;;;False;False;False;False;False;False;False;False;False;False;;;False;False;False;False
A;153;Q;;;;;;;;;;;;;;;;;;;;;;;;;False;False;False;False;False;False;False;False;False;False;;;False;False;False;False
A;153;R;;;;;;;;;;;;;;;;;;;;;;;;;False;False;False;False;False;False;False;False;False;False;;;False;False;False;False
A;153;S;;;;;;;;;;;;;;;;;;;;;;;;;False;False;False;False;False;False;False;False;False;False;;;False;False;False;False
A;153;T;Uncertain significance;1;1;uncertain;1.59E-05;1.59E-05;;;;;;;;;;;;;;;;;;;False;False;False;False;False;False;False;False;False;False;uncertain;Uncertain significance;False;False;False;False
A;153;V;;;;uncertain;;;;;;;;;;;;;;;;;;;;;False;False;False;False;False;False;False;False;False;False;uncertain;uncertain;False;False;False;False
A;153;W;;;;;;;;;;;;;;;;;;;;;;;;;False;False;False;False;False;False;False;False;False;False;;;False;False;False;False
A;153;Y;;;;;;;;;;;;;;;;;;;;;;;;;False;False;False;False;False;False;False;False;False;False;;;False;False;False;False
Q;154;A;;;;;;;;;;;;;;;;;;;;;;;;;False;False;False;False;False;False;False;False;False;False;;;False;False;False;False
Q;154;C;;;;;;;;;;;;;;;;;;;;;;;;;False;False;False;False;False;False;False;False;False;False;;;False;False;False;False
Q;154;D;;;;;;;;;;;;;;;;;;;;;;;;;False;False;False;False;False;False;False;False;False;False;;;False;False;False;False
Q;154;E;;;;;;;;;;;;;;;;;;;;;;;;;False;False;False;False;False;False;False;False;False;False;;;False;False;False;False
Q;154;F;;;;;;;;;;;;;;;;;;;;;;;;;False;False;False;False;False;False;False;False;False;False;;;False;False;False;False
Q;154;G;;;;;;;;;;;;;;;;;;;;;;;;;False;False;False;False;False;False;False;False;False;False;;;False;False;False;False
Q;154;H;;;;;;;;;;;;;;;;;;;;;;;;;False;False;False;False;False;False;False;False;False;False;;;False;False;False;False
Q;154;I;;;;;;;;;;;;;;;;;;;;;;;;;False;False;False;False;False;False;False;False;False;False;;;False;False;False;False
Q;154;K;;;;;;;;;;;;;;;;;;;;;;;;;False;False;False;False;False;False;False;False;False;False;;;False;False;False;False
Q;154;L;;;;;;;;;;;;;;;;;;;;;;;;;False;False;False;False;False;False;False;False;False;False;;;False;False;False;False
Q;154;M;;;;;;;;;;;;;;;;;;;;;;;;;False;False;False;False;False;False;False;False;False;False;;;False;False;False;False
Q;154;N;;;;;;;;;;;;;;;;;;;;;;;;;False;False;False;False;False;False;False;False;False;False;;;False;False;False;False
Q;154;P;;;;;;;;;;;;;;;;;;;;;;;;;False;False;False;False;False;False;False;False;False;False;;;False;False;False;False
Q;154;Q;;;;;;;;;;;;;;;;;;;;;;;;;False;False;False;False;False;False;False;False;False;False;;;False;False;False;False
Q;154;R;;;;;;;;;;;;;;;;;;;;;;;;;False;False;False;False;False;False;False;False;False;False;;;False;False;False;False
Q;154;S;;;;;;;;;;;;;;;;;;;;;;;;;False;False;False;False;False;False;False;False;False;False;;;False;False;False;False
Q;154;T;;;;;;;;;;;;;;;;;;;;;;;;;False;False;False;False;False;False;False;False;False;False;;;False;False;False;False
Q;154;V;;;;;;;;;;;;;;;;;;;;;;;;;False;False;False;False;False;False;False;False;False;False;;;False;False;False;False
Q;154;W;;;;;;;;;;;;;;;;;;;;;;;;;False;False;False;False;False;False;False;False;False;False;;;False;False;False;False
Q;154;Y;;;;;;;;;;;;;;;;;;;;;;;;;False;False;False;False;False;False;False;False;False;False;;;False;False;False;False
