"","chr","hg19_pos","grch38_pos","ref","alt","aaref","aaalt","REVEL","Ensembl_transcriptid","nt_ex","wt_aa","aa_pos","ID"
"1",21,33032083,31659770,"A","C","M","L",0.634,"ENST00000270142;ENST00000389995;ENST00000535823","A","M",1,"M1L"
"2",21,33032083,31659770,"A","G","M","V",0.636,"ENST00000270142;ENST00000389995;ENST00000535823","A","M",1,"M1V"
"3",21,33032083,31659770,"A","T","M","L",0.638,"ENST00000270142;ENST00000389995;ENST00000535823","A","M",1,"M1L"
"4",21,33032084,31659771,"T","A","M","K",0.707,"ENST00000270142;ENST00000389995;ENST00000535823","T","M",1,"M1K"
"5",21,33032084,31659771,"T","C","M","T",0.678,"ENST00000270142;ENST00000389995;ENST00000535823","T","M",1,"M1T"
"6",21,33032084,31659771,"T","G","M","R",0.696,"ENST00000270142;ENST00000389995;ENST00000535823","T","M",1,"M1R"
"7",21,33032085,31659772,"G","A","M","I",0.669,"ENST00000270142;ENST00000389995;ENST00000535823","G","M",1,"M1I"
"8",21,33032085,31659772,"G","C","M","I",0.669,"ENST00000270142;ENST00000389995;ENST00000535823","G","M",1,"M1I"
"9",21,33032085,31659772,"G","T","M","I",0.676,"ENST00000270142;ENST00000389995;ENST00000535823","G","M",1,"M1I"
"10",21,33032086,31659773,"G","A","A","T",0.25,"ENST00000270142;ENST00000389995;ENST00000535823","G","A",2,"A2T"
"11",21,33032086,31659773,"G","C","A","P",0.385,"ENST00000270142;ENST00000389995;ENST00000535823","G","A",2,"A2P"
"12",21,33032086,31659773,"G","T","A","S",0.312,"ENST00000270142;ENST00000389995;ENST00000535823","G","A",2,"A2S"
"13",21,33032087,31659774,"C","A","A","E",0.401,"ENST00000270142;ENST00000389995;ENST00000535823","C","A",2,"A2E"
"14",21,33032087,31659774,"C","G","A","G",0.357,"ENST00000270142;ENST00000389995;ENST00000535823","C","A",2,"A2G"
"15",21,33032087,31659774,"C","T","A","V",0.358,"ENST00000270142;ENST00000389995;ENST00000535823","C","A",2,"A2V"
"16",21,33032089,31659776,"A","C","T","P",0.34,"ENST00000270142;ENST00000389995;ENST00000535823","A","T",3,"T3P"
"17",21,33032089,31659776,"A","G","T","A",0.243,"ENST00000270142;ENST00000389995;ENST00000535823","A","T",3,"T3A"
"18",21,33032089,31659776,"A","T","T","S",0.252,"ENST00000270142;ENST00000389995;ENST00000535823","A","T",3,"T3S"
"19",21,33032090,31659777,"C","A","T","K",0.395,"ENST00000270142;ENST00000389995;ENST00000535823","C","T",3,"T3K"
"20",21,33032090,31659777,"C","G","T","R",0.337,"ENST00000270142;ENST00000389995;ENST00000535823","C","T",3,"T3R"
"21",21,33032090,31659777,"C","T","T","M",0.38,"ENST00000270142;ENST00000389995;ENST00000535823","C","T",3,"T3M"
"22",21,33032092,31659779,"A","C","K","Q",0.662,"ENST00000270142;ENST00000389995;ENST00000535823","A","K",4,"K4Q"
"23",21,33032092,31659779,"A","G","K","E",0.795,"ENST00000270142;ENST00000389995;ENST00000535823","A","K",4,"K4E"
"24",21,33032093,31659780,"A","C","K","T",0.733,"ENST00000270142;ENST00000389995;ENST00000535823","A","K",4,"K4T"
"25",21,33032093,31659780,"A","G","K","R",0.535,"ENST00000270142;ENST00000389995;ENST00000535823","A","K",4,"K4R"
"26",21,33032093,31659780,"A","T","K","M",0.819,"ENST00000270142;ENST00000389995;ENST00000535823","A","K",4,"K4M"
"27",21,33032094,31659781,"G","C","K","N",0.603,"ENST00000270142;ENST00000389995;ENST00000535823","G","K",4,"K4N"
"28",21,33032094,31659781,"G","T","K","N",0.603,"ENST00000270142;ENST00000389995;ENST00000535823","G","K",4,"K4N"
"29",21,33032095,31659782,"G","A","A","T",0.846,"ENST00000270142;ENST00000389995;ENST00000535823","G","A",5,"A5T"
"30",21,33032095,31659782,"G","C","A","P",0.874,"ENST00000270142;ENST00000389995;ENST00000535823","G","A",5,"A5P"
"31",21,33032095,31659782,"G","T","A","S",0.791,"ENST00000270142;ENST00000389995;ENST00000535823","G","A",5,"A5S"
"32",21,33032096,31659783,"C","A","A","D",0.855,"ENST00000270142;ENST00000389995;ENST00000535823","C","A",5,"A5D"
"33",21,33032096,31659783,"C","G","A","G",0.764,"ENST00000270142;ENST00000389995;ENST00000535823","C","A",5,"A5G"
"34",21,33032096,31659783,"C","T","A","V",0.853,"ENST00000270142;ENST00000389995;ENST00000535823","C","A",5,"A5V"
"35",21,33032098,31659785,"G","A","V","M",0.877,"ENST00000270142;ENST00000535823","G","V",6,"V6M"
"36",21,33032098,31659785,"G","C","V","L",0.921,"ENST00000270142;ENST00000535823","G","V",6,"V6L"
"37",21,33032098,31659785,"G","T","V","L",0.921,"ENST00000270142;ENST00000535823","G","V",6,"V6L"
"38",21,33032099,31659786,"T","A","V","E",0.96,"ENST00000270142;ENST00000535823","T","V",6,"V6E"
"39",21,33032099,31659786,"T","C","V","A",0.941,"ENST00000270142;ENST00000535823","T","V",6,"V6A"
"40",21,33032099,31659786,"T","G","V","G",0.952,"ENST00000270142;ENST00000535823","T","V",6,"V6G"
"41",21,33032101,31659788,"T","A","C","S",0.927,"ENST00000270142;ENST00000535823","T","C",7,"C7S"
"42",21,33032101,31659788,"T","C","C","R",0.925,"ENST00000270142;ENST00000535823","T","C",7,"C7R"
"43",21,33032101,31659788,"T","G","C","G",0.954,"ENST00000270142;ENST00000535823","T","C",7,"C7G"
"44",21,33032102,31659789,"G","A","C","Y",0.943,"ENST00000270142;ENST00000535823","G","C",7,"C7Y"
"45",21,33032102,31659789,"G","C","C","S",0.959,"ENST00000270142;ENST00000535823","G","C",7,"C7S"
"46",21,33032102,31659789,"G","T","C","F",0.916,"ENST00000270142;ENST00000535823","G","C",7,"C7F"
"47",21,33032103,31659790,"C","G","C","W",0.934,"ENST00000270142;ENST00000535823","C","C",7,"C7W"
"48",21,33032104,31659791,"G","A","V","M",0.858,"ENST00000270142;ENST00000535823","G","V",8,"V8M"
"49",21,33032104,31659791,"G","C","V","L",0.748,"ENST00000270142;ENST00000535823","G","V",8,"V8L"
"50",21,33032104,31659791,"G","T","V","L",0.748,"ENST00000270142;ENST00000535823","G","V",8,"V8L"
"51",21,33032105,31659792,"T","A","V","E",0.914,"ENST00000270142;ENST00000535823","T","V",8,"V8E"
"52",21,33032105,31659792,"T","C","V","A",0.886,"ENST00000270142;ENST00000535823","T","V",8,"V8A"
"53",21,33032105,31659792,"T","G","V","G",0.913,"ENST00000270142;ENST00000535823","T","V",8,"V8G"
"54",21,33032107,31659794,"C","A","L","M",0.625,"ENST00000270142;ENST00000535823","C","L",9,"L9M"
"55",21,33032107,31659794,"C","G","L","V",0.699,"ENST00000270142;ENST00000535823","C","L",9,"L9V"
"56",21,33032108,31659795,"T","A","L","Q",0.953,"ENST00000270142;ENST00000535823","T","L",9,"L9Q"
"57",21,33032108,31659795,"T","C","L","P",0.951,"ENST00000270142;ENST00000535823","T","L",9,"L9P"
"58",21,33032108,31659795,"T","G","L","R",0.95,"ENST00000270142;ENST00000535823","T","L",9,"L9R"
"59",21,33032110,31659797,"A","C","K","Q",0.613,"ENST00000270142;ENST00000535823","A","K",10,"K10Q"
"60",21,33032110,31659797,"A","G","K","E",0.702,"ENST00000270142;ENST00000535823","A","K",10,"K10E"
"61",21,33032111,31659798,"A","C","K","T",0.565,"ENST00000270142;ENST00000535823","A","K",10,"K10T"
"62",21,33032111,31659798,"A","G","K","R",0.46,"ENST00000270142;ENST00000535823","A","K",10,"K10R"
"63",21,33032111,31659798,"A","T","K","M",0.755,"ENST00000270142;ENST00000535823","A","K",10,"K10M"
"64",21,33032112,31659799,"G","C","K","N",0.719,"ENST00000270142;ENST00000535823","G","K",10,"K10N"
"65",21,33032112,31659799,"G","T","K","N",0.719,"ENST00000270142;ENST00000535823","G","K",10,"K10N"
"66",21,33032113,31659800,"G","A","G","S",0.849,"ENST00000270142;ENST00000535823","G","G",11,"G11S"
"67",21,33032113,31659800,"G","C","G","R",0.966,"ENST00000270142;ENST00000535823","G","G",11,"G11R"
"68",21,33032113,31659800,"G","T","G","C",0.915,"ENST00000270142;ENST00000535823","G","G",11,"G11C"
"69",21,33032114,31659801,"G","A","G","D",0.94,"ENST00000270142;ENST00000535823","G","G",11,"G11D"
"70",21,33032114,31659801,"G","C","G","A",0.942,"ENST00000270142;ENST00000535823","G","G",11,"G11A"
"71",21,33032114,31659801,"G","T","G","V",0.977,"ENST00000270142;ENST00000535823","G","G",11,"G11V"
"72",21,33032116,31659803,"G","A","D","N",0.428,"ENST00000270142;ENST00000535823","G","D",12,"D12N"
"73",21,33032116,31659803,"G","C","D","H",0.639,"ENST00000270142;ENST00000535823","G","D",12,"D12H"
"74",21,33032116,31659803,"G","T","D","Y",0.647,"ENST00000270142;ENST00000535823","G","D",12,"D12Y"
"75",21,33032117,31659804,"A","C","D","A",0.437,"ENST00000270142;ENST00000535823","A","D",12,"D12A"
"76",21,33032117,31659804,"A","G","D","G",0.483,"ENST00000270142;ENST00000535823","A","D",12,"D12G"
"77",21,33032117,31659804,"A","T","D","V",0.566,"ENST00000270142;ENST00000535823","A","D",12,"D12V"
"78",21,33032118,31659805,"C","A","D","E",0.248,"ENST00000270142;ENST00000535823","C","D",12,"D12E"
"79",21,33032118,31659805,"C","G","D","E",0.248,"ENST00000270142;ENST00000535823","C","D",12,"D12E"
"80",21,33032119,31659806,"G","A","G","S",0.427,"ENST00000270142;ENST00000535823","G","G",13,"G13S"
"81",21,33032119,31659806,"G","C","G","R",0.754,"ENST00000270142;ENST00000535823","G","G",13,"G13R"
"82",21,33032119,31659806,"G","T","G","C",0.693,"ENST00000270142;ENST00000535823","G","G",13,"G13C"
"83",21,33032120,31659807,"G","A","G","D",0.514,"ENST00000270142;ENST00000535823","G","G",13,"G13D"
"84",21,33032120,31659807,"G","C","G","A",0.492,"ENST00000270142;ENST00000535823","G","G",13,"G13A"
"85",21,33032120,31659807,"G","T","G","V",0.688,"ENST00000270142;ENST00000535823","G","G",13,"G13V"
"86",21,33032122,31659809,"C","A","P","T",0.391,"ENST00000270142;ENST00000535823","C","P",14,"P14T"
"87",21,33032122,31659809,"C","G","P","A",0.355,"ENST00000270142;ENST00000535823","C","P",14,"P14A"
"88",21,33032122,31659809,"C","T","P","S",0.393,"ENST00000270142;ENST00000535823","C","P",14,"P14S"
"89",21,33032123,31659810,"C","A","P","Q",0.355,"ENST00000270142;ENST00000535823","C","P",14,"P14Q"
"90",21,33032123,31659810,"C","G","P","R",0.377,"ENST00000270142;ENST00000535823","C","P",14,"P14R"
"91",21,33032123,31659810,"C","T","P","L",0.439,"ENST00000270142;ENST00000535823","C","P",14,"P14L"
"92",21,33032125,31659812,"G","A","V","M",0.751,"ENST00000270142;ENST00000535823","G","V",15,"V15M"
"93",21,33032125,31659812,"G","C","V","L",0.721,"ENST00000270142;ENST00000535823","G","V",15,"V15L"
"94",21,33032125,31659812,"G","T","V","L",0.721,"ENST00000270142;ENST00000535823","G","V",15,"V15L"
"95",21,33032126,31659813,"T","A","V","E",0.844,"ENST00000270142;ENST00000535823","T","V",15,"V15E"
"96",21,33032126,31659813,"T","C","V","A",0.707,"ENST00000270142;ENST00000535823","T","V",15,"V15A"
"97",21,33032126,31659813,"T","G","V","G",0.877,"ENST00000270142;ENST00000535823","T","V",15,"V15G"
"98",21,33032128,31659815,"C","A","Q","K",0.363,"ENST00000270142;ENST00000535823","C","Q",16,"Q16K"
"99",21,33032128,31659815,"C","G","Q","E",0.308,"ENST00000270142;ENST00000535823","C","Q",16,"Q16E"
"100",21,33032129,31659816,"A","C","Q","P",0.462,"ENST00000270142;ENST00000535823","A","Q",16,"Q16P"
"101",21,33032129,31659816,"A","G","Q","R",0.28,"ENST00000270142;ENST00000535823","A","Q",16,"Q16R"
"102",21,33032129,31659816,"A","T","Q","L",0.299,"ENST00000270142;ENST00000535823","A","Q",16,"Q16L"
"103",21,33032130,31659817,"G","C","Q","H",0.268,"ENST00000270142;ENST00000535823","G","Q",16,"Q16H"
"104",21,33032130,31659817,"G","T","Q","H",0.268,"ENST00000270142;ENST00000535823","G","Q",16,"Q16H"
"105",21,33032131,31659818,"G","A","G","S",0.903,"ENST00000270142;ENST00000535823","G","G",17,"G17S"
"106",21,33032131,31659818,"G","C","G","R",0.892,"ENST00000270142;ENST00000535823","G","G",17,"G17R"
"107",21,33032131,31659818,"G","T","G","C",0.856,"ENST00000270142;ENST00000535823","G","G",17,"G17C"
"108",21,33032132,31659819,"G","A","G","D",0.906,"ENST00000270142;ENST00000535823","G","G",17,"G17D"
"109",21,33032132,31659819,"G","C","G","A",0.901,"ENST00000270142;ENST00000535823","G","G",17,"G17A"
"110",21,33032132,31659819,"G","T","G","V",0.898,"ENST00000270142;ENST00000535823","G","G",17,"G17V"
"111",21,33032134,31659821,"A","C","I","L",0.384,"ENST00000270142;ENST00000535823","A","I",18,"I18L"
"112",21,33032134,31659821,"A","G","I","V",0.314,"ENST00000270142;ENST00000535823","A","I",18,"I18V"
"113",21,33032134,31659821,"A","T","I","F",0.386,"ENST00000270142;ENST00000535823","A","I",18,"I18F"
"114",21,33032135,31659822,"T","A","I","N",0.419,"ENST00000270142;ENST00000535823","T","I",18,"I18N"
"115",21,33032135,31659822,"T","C","I","T",0.33,"ENST00000270142;ENST00000535823","T","I",18,"I18T"
"116",21,33032135,31659822,"T","G","I","S",0.445,"ENST00000270142;ENST00000535823","T","I",18,"I18S"
"117",21,33032136,31659823,"C","G","I","M",0.335,"ENST00000270142;ENST00000535823","C","I",18,"I18M"
"118",21,33032137,31659824,"A","C","I","L",0.437,"ENST00000270142;ENST00000535823","A","I",19,"I19L"
"119",21,33032137,31659824,"A","G","I","V",0.421,"ENST00000270142;ENST00000535823","A","I",19,"I19V"
"120",21,33032137,31659824,"A","T","I","F",0.757,"ENST00000270142;ENST00000535823","A","I",19,"I19F"
"121",21,33032138,31659825,"T","A","I","N",0.82,"ENST00000270142;ENST00000535823","T","I",19,"I19N"
"122",21,33032138,31659825,"T","C","I","T",0.856,"ENST00000270142;ENST00000535823","T","I",19,"I19T"
"123",21,33032138,31659825,"T","G","I","S",0.899,"ENST00000270142;ENST00000535823","T","I",19,"I19S"
"124",21,33032139,31659826,"C","G","I","M",0.761,"ENST00000270142;ENST00000535823","C","I",19,"I19M"
"125",21,33032140,31659827,"A","C","N","H",0.277,"ENST00000270142;ENST00000535823","A","N",20,"N20H"
"126",21,33032140,31659827,"A","G","N","D",0.257,"ENST00000270142;ENST00000535823","A","N",20,"N20D"
"127",21,33032140,31659827,"A","T","N","Y",0.401,"ENST00000270142;ENST00000535823","A","N",20,"N20Y"
"128",21,33032141,31659828,"A","C","N","T",0.351,"ENST00000270142;ENST00000535823","A","N",20,"N20T"
"129",21,33032141,31659828,"A","G","N","S",0.298,"ENST00000270142;ENST00000535823","A","N",20,"N20S"
"130",21,33032141,31659828,"A","T","N","I",0.335,"ENST00000270142;ENST00000535823","A","N",20,"N20I"
"131",21,33032142,31659829,"T","A","N","K",0.397,"ENST00000270142;ENST00000535823","T","N",20,"N20K"
"132",21,33032142,31659829,"T","G","N","K",0.397,"ENST00000270142;ENST00000535823","T","N",20,"N20K"
"133",21,33032143,31659830,"T","A","F","I",0.941,"ENST00000270142;ENST00000535823","T","F",21,"F21I"
"134",21,33032143,31659830,"T","C","F","L",0.898,"ENST00000270142;ENST00000535823","T","F",21,"F21L"
"135",21,33032143,31659830,"T","G","F","V",0.946,"ENST00000270142;ENST00000535823","T","F",21,"F21V"
"136",21,33032144,31659831,"T","A","F","Y",0.881,"ENST00000270142;ENST00000535823","T","F",21,"F21Y"
"137",21,33032144,31659831,"T","C","F","S",0.886,"ENST00000270142;ENST00000535823","T","F",21,"F21S"
"138",21,33032144,31659831,"T","G","F","C",0.896,"ENST00000270142;ENST00000535823","T","F",21,"F21C"
"139",21,33032145,31659832,"C","A","F","L",0.886,"ENST00000270142;ENST00000535823","C","F",21,"F21L"
"140",21,33032145,31659832,"C","G","F","L",0.886,"ENST00000270142;ENST00000535823","C","F",21,"F21L"
"141",21,33032146,31659833,"G","A","E","K",0.808,"ENST00000270142;ENST00000535823","G","E",22,"E22K"
"142",21,33032146,31659833,"G","C","E","Q",0.547,"ENST00000270142;ENST00000535823","G","E",22,"E22Q"
"143",21,33032147,31659834,"A","C","E","A",0.758,"ENST00000270142;ENST00000535823","A","E",22,"E22A"
"144",21,33032147,31659834,"A","G","E","G",0.845,"ENST00000270142;ENST00000535823","A","E",22,"E22G"
"145",21,33032147,31659834,"A","T","E","V",0.749,"ENST00000270142;ENST00000535823","A","E",22,"E22V"
"146",21,33032148,31659835,"G","C","E","D",0.57,"ENST00000270142;ENST00000535823","G","E",22,"E22D"
"147",21,33032148,31659835,"G","T","E","D",0.57,"ENST00000270142;ENST00000535823","G","E",22,"E22D"
"148",21,33032149,31659836,"C","A","Q","K",0.775,"ENST00000270142;ENST00000535823","C","Q",23,"Q23K"
"149",21,33032149,31659836,"C","G","Q","E",0.746,"ENST00000270142;ENST00000535823","C","Q",23,"Q23E"
"150",21,33032150,31659837,"A","C","Q","P",0.819,"ENST00000270142;ENST00000535823","A","Q",23,"Q23P"
"151",21,33032150,31659837,"A","G","Q","R",0.785,"ENST00000270142;ENST00000535823","A","Q",23,"Q23R"
"152",21,33032150,31659837,"A","T","Q","L",0.795,"ENST00000270142;ENST00000535823","A","Q",23,"Q23L"
"153",21,33032151,31659838,"G","C","Q","H",0.808,"ENST00000270142;ENST00000535823","G","Q",23,"Q23H"
"154",21,33032151,31659838,"G","T","Q","H",0.808,"ENST00000270142;ENST00000535823","G","Q",23,"Q23H"
"155",21,33032152,31659839,"A","C","K","Q",0.411,"ENST00000270142;ENST00000535823","A","K",24,"K24Q"
"156",21,33032152,31659839,"A","G","K","E",0.45,"ENST00000270142;ENST00000535823","A","K",24,"K24E"
"157",21,33032153,31659840,"A","C","K","T",0.547,"ENST00000270142;ENST00000535823","A","K",24,"K24T"
"158",21,33032153,31659840,"A","G","K","R",0.47,"ENST00000270142;ENST00000535823","A","K",24,"K24R"
"159",21,33032153,31659840,"A","T","K","M",0.678,"ENST00000270142;ENST00000535823","A","K",24,"K24M"
"160",21,33032154,31659841,"G","C","K","N",0.458,"ENST00000270142;ENST00000535823","G","K",24,"K24N"
"161",21,33032154,31659841,"G","T","K","N",0.458,"ENST00000270142;ENST00000535823","G","K",24,"K24N"
"162",21,33036103,31663790,"G","A","E","K",0.335,"ENST00000270142;ENST00000389995;ENST00000535823","G","E",25,"E25K"
"163",21,33036103,31663790,"G","C","E","Q",0.335,"ENST00000270142;ENST00000389995;ENST00000535823","G","E",25,"E25Q"
"164",21,33036104,31663791,"A","C","E","A",0.262,"ENST00000270142;ENST00000389995;ENST00000535823","A","E",25,"E25A"
"165",21,33036104,31663791,"A","G","E","G",0.279,"ENST00000270142;ENST00000389995;ENST00000535823","A","E",25,"E25G"
"166",21,33036104,31663791,"A","T","E","V",0.294,"ENST00000270142;ENST00000389995;ENST00000535823","A","E",25,"E25V"
"167",21,33036105,31663792,"A","C","E","D",0.237,"ENST00000270142;ENST00000389995;ENST00000535823","A","E",25,"E25D"
"168",21,33036105,31663792,"A","T","E","D",0.237,"ENST00000270142;ENST00000389995;ENST00000535823","A","E",25,"E25D"
"169",21,33036106,31663793,"A","C","S","R",0.237,"ENST00000270142;ENST00000389995;ENST00000535823","A","S",26,"S26R"
"170",21,33036106,31663793,"A","G","S","G",0.261,"ENST00000270142;ENST00000389995;ENST00000535823","A","S",26,"S26G"
"171",21,33036106,31663793,"A","T","S","C",0.283,"ENST00000270142;ENST00000389995;ENST00000535823","A","S",26,"S26C"
"172",21,33036107,31663794,"G","A","S","N",0.225,"ENST00000270142;ENST00000389995;ENST00000535823","G","S",26,"S26N"
"173",21,33036107,31663794,"G","C","S","T",0.196,"ENST00000270142;ENST00000389995;ENST00000535823","G","S",26,"S26T"
"174",21,33036107,31663794,"G","T","S","I",0.233,"ENST00000270142;ENST00000389995;ENST00000535823","G","S",26,"S26I"
"175",21,33036108,31663795,"T","A","S","R",0.248,"ENST00000270142;ENST00000389995;ENST00000535823","T","S",26,"S26R"
"176",21,33036108,31663795,"T","G","S","R",0.248,"ENST00000270142;ENST00000389995;ENST00000535823","T","S",26,"S26R"
"177",21,33036109,31663796,"A","C","N","H",0.382,"ENST00000270142;ENST00000389995;ENST00000535823","A","N",27,"N27H"
"178",21,33036109,31663796,"A","G","N","D",0.347,"ENST00000270142;ENST00000389995;ENST00000535823","A","N",27,"N27D"
"179",21,33036109,31663796,"A","T","N","Y",0.374,"ENST00000270142;ENST00000389995;ENST00000535823","A","N",27,"N27Y"
"180",21,33036110,31663797,"A","C","N","T",0.366,"ENST00000270142;ENST00000389995;ENST00000535823","A","N",27,"N27T"
"181",21,33036110,31663797,"A","G","N","S",0.342,"ENST00000270142;ENST00000389995;ENST00000535823","A","N",27,"N27S"
"182",21,33036110,31663797,"A","T","N","I",0.312,"ENST00000270142;ENST00000389995;ENST00000535823","A","N",27,"N27I"
"183",21,33036111,31663798,"T","A","N","K",0.314,"ENST00000270142;ENST00000389995;ENST00000535823","T","N",27,"N27K"
"184",21,33036111,31663798,"T","G","N","K",0.314,"ENST00000270142;ENST00000389995;ENST00000535823","T","N",27,"N27K"
"185",21,33036112,31663799,"G","A","G","R",0.438,"ENST00000270142;ENST00000389995;ENST00000535823","G","G",28,"G28R"
"186",21,33036112,31663799,"G","C","G","R",0.438,"ENST00000270142;ENST00000389995;ENST00000535823","G","G",28,"G28R"
"187",21,33036113,31663800,"G","A","G","E",0.28,"ENST00000270142;ENST00000389995;ENST00000535823","G","G",28,"G28E"
"188",21,33036113,31663800,"G","C","G","A",0.342,"ENST00000270142;ENST00000389995;ENST00000535823","G","G",28,"G28A"
"189",21,33036113,31663800,"G","T","G","V",0.473,"ENST00000270142;ENST00000389995;ENST00000535823","G","G",28,"G28V"
"190",21,33036115,31663802,"C","A","P","T",0.338,"ENST00000270142;ENST00000389995;ENST00000535823","C","P",29,"P29T"
"191",21,33036115,31663802,"C","G","P","A",0.3,"ENST00000270142;ENST00000389995;ENST00000535823","C","P",29,"P29A"
"192",21,33036115,31663802,"C","T","P","S",0.353,"ENST00000270142;ENST00000389995;ENST00000535823","C","P",29,"P29S"
"193",21,33036116,31663803,"C","A","P","Q",0.397,"ENST00000270142;ENST00000389995;ENST00000535823","C","P",29,"P29Q"
"194",21,33036116,31663803,"C","G","P","R",0.463,"ENST00000270142;ENST00000389995;ENST00000535823","C","P",29,"P29R"
"195",21,33036116,31663803,"C","T","P","L",0.409,"ENST00000270142;ENST00000389995;ENST00000535823","C","P",29,"P29L"
"196",21,33036118,31663805,"G","A","V","M",0.765,"ENST00000270142;ENST00000389995","G","V",30,"V30M"
"197",21,33036118,31663805,"G","C","V","L",0.777,"ENST00000270142;ENST00000389995","G","V",30,"V30L"
"198",21,33036118,31663805,"G","T","V","L",0.777,"ENST00000270142;ENST00000389995","G","V",30,"V30L"
"199",21,33036119,31663806,"T","A","V","E",0.915,"ENST00000270142;ENST00000389995","T","V",30,"V30E"
"200",21,33036119,31663806,"T","C","V","A",0.841,"ENST00000270142;ENST00000389995","T","V",30,"V30A"
"201",21,33036119,31663806,"T","G","V","G",0.915,"ENST00000270142;ENST00000389995","T","V",30,"V30G"
"202",21,33036121,31663808,"A","C","K","Q",0.241,"ENST00000270142;ENST00000389995","A","K",31,"K31Q"
"203",21,33036121,31663808,"A","G","K","E",0.207,"ENST00000270142;ENST00000389995","A","K",31,"K31E"
"204",21,33036122,31663809,"A","C","K","T",0.331,"ENST00000270142;ENST00000389995","A","K",31,"K31T"
"205",21,33036122,31663809,"A","G","K","R",0.171,"ENST00000270142;ENST00000389995","A","K",31,"K31R"
"206",21,33036122,31663809,"A","T","K","M",0.338,"ENST00000270142;ENST00000389995","A","K",31,"K31M"
"207",21,33036123,31663810,"G","C","K","N",0.383,"ENST00000270142;ENST00000389995","G","K",31,"K31N"
"208",21,33036123,31663810,"G","T","K","N",0.383,"ENST00000270142;ENST00000389995","G","K",31,"K31N"
"209",21,33036124,31663811,"G","A","V","M",0.492,"ENST00000270142;ENST00000389995","G","V",32,"V32M"
"210",21,33036124,31663811,"G","C","V","L",0.35,"ENST00000270142;ENST00000389995","G","V",32,"V32L"
"211",21,33036124,31663811,"G","T","V","L",0.35,"ENST00000270142;ENST00000389995","G","V",32,"V32L"
"212",21,33036125,31663812,"T","A","V","E",0.735,"ENST00000270142;ENST00000389995","T","V",32,"V32E"
"213",21,33036125,31663812,"T","C","V","A",0.575,"ENST00000270142;ENST00000389995","T","V",32,"V32A"
"214",21,33036125,31663812,"T","G","V","G",0.78,"ENST00000270142;ENST00000389995","T","V",32,"V32G"
"215",21,33036127,31663814,"T","A","W","R",0.242,"ENST00000270142;ENST00000389995","T","W",33,"W33R"
"216",21,33036127,31663814,"T","C","W","R",0.242,"ENST00000270142;ENST00000389995","T","W",33,"W33R"
"217",21,33036127,31663814,"T","G","W","G",0.27,"ENST00000270142;ENST00000389995","T","W",33,"W33G"
"218",21,33036128,31663815,"G","C","W","S",0.281,"ENST00000270142;ENST00000389995","G","W",33,"W33S"
"219",21,33036128,31663815,"G","T","W","L",0.325,"ENST00000270142;ENST00000389995","G","W",33,"W33L"
"220",21,33036129,31663816,"G","C","W","C",0.278,"ENST00000270142;ENST00000389995","G","W",33,"W33C"
"221",21,33036129,31663816,"G","T","W","C",0.277,"ENST00000270142;ENST00000389995","G","W",33,"W33C"
"222",21,33036130,31663817,"G","A","G","R",0.86,"ENST00000270142;ENST00000389995","G","G",34,"G34R"
"223",21,33036130,31663817,"G","C","G","R",0.86,"ENST00000270142;ENST00000389995","G","G",34,"G34R"
"224",21,33036131,31663818,"G","A","G","E",0.876,"ENST00000270142;ENST00000389995","G","G",34,"G34E"
"225",21,33036131,31663818,"G","C","G","A",0.816,"ENST00000270142;ENST00000389995","G","G",34,"G34A"
"226",21,33036131,31663818,"G","T","G","V",0.77,"ENST00000270142;ENST00000389995","G","G",34,"G34V"
"227",21,33036133,31663820,"A","C","S","R",0.247,"ENST00000270142;ENST00000389995","A","S",35,"S35R"
"228",21,33036133,31663820,"A","G","S","G",0.316,"ENST00000270142;ENST00000389995","A","S",35,"S35G"
"229",21,33036133,31663820,"A","T","S","C",0.384,"ENST00000270142;ENST00000389995","A","S",35,"S35C"
"230",21,33036134,31663821,"G","A","S","N",0.191,"ENST00000270142;ENST00000389995","G","S",35,"S35N"
"231",21,33036134,31663821,"G","C","S","T",0.216,"ENST00000270142;ENST00000389995","G","S",35,"S35T"
"232",21,33036134,31663821,"G","T","S","I",0.241,"ENST00000270142;ENST00000389995","G","S",35,"S35I"
"233",21,33036135,31663822,"C","A","S","R",0.306,"ENST00000270142;ENST00000389995","C","S",35,"S35R"
"234",21,33036135,31663822,"C","G","S","R",0.306,"ENST00000270142;ENST00000389995","C","S",35,"S35R"
"235",21,33036136,31663823,"A","C","I","L",0.558,"ENST00000270142;ENST00000389995","A","I",36,"I36L"
"236",21,33036136,31663823,"A","G","I","V",0.604,"ENST00000270142;ENST00000389995","A","I",36,"I36V"
"237",21,33036136,31663823,"A","T","I","F",0.833,"ENST00000270142;ENST00000389995","A","I",36,"I36F"
"238",21,33036137,31663824,"T","A","I","N",0.867,"ENST00000270142;ENST00000389995","T","I",36,"I36N"
"239",21,33036137,31663824,"T","C","I","T",0.91,"ENST00000270142;ENST00000389995","T","I",36,"I36T"
"240",21,33036137,31663824,"T","G","I","S",0.923,"ENST00000270142;ENST00000389995","T","I",36,"I36S"
"241",21,33036138,31663825,"T","G","I","M",0.674,"ENST00000270142;ENST00000389995","T","I",36,"I36M"
"242",21,33036139,31663826,"A","C","K","Q",0.195,"ENST00000270142;ENST00000389995","A","K",37,"K37Q"
"243",21,33036139,31663826,"A","G","K","E",0.182,"ENST00000270142;ENST00000389995","A","K",37,"K37E"
"244",21,33036140,31663827,"A","C","K","T",0.372,"ENST00000270142;ENST00000389995","A","K",37,"K37T"
"245",21,33036140,31663827,"A","G","K","R",0.295,"ENST00000270142;ENST00000389995","A","K",37,"K37R"
"246",21,33036140,31663827,"A","T","K","I",0.314,"ENST00000270142;ENST00000389995","A","K",37,"K37I"
"247",21,33036141,31663828,"A","C","K","N",0.178,"ENST00000270142;ENST00000389995","A","K",37,"K37N"
"248",21,33036141,31663828,"A","T","K","N",0.178,"ENST00000270142;ENST00000389995","A","K",37,"K37N"
"249",21,33036142,31663829,"G","A","G","R",0.901,"ENST00000270142;ENST00000389995","G","G",38,"G38R"
"250",21,33036142,31663829,"G","C","G","R",0.901,"ENST00000270142;ENST00000389995","G","G",38,"G38R"
"251",21,33036143,31663830,"G","A","G","E",0.868,"ENST00000270142;ENST00000389995","G","G",38,"G38E"
"252",21,33036143,31663830,"G","C","G","A",0.858,"ENST00000270142;ENST00000389995","G","G",38,"G38A"
"253",21,33036143,31663830,"G","T","G","V",0.879,"ENST00000270142;ENST00000389995","G","G",38,"G38V"
"254",21,33036145,31663832,"C","A","L","M",0.597,"ENST00000270142;ENST00000389995","C","L",39,"L39M"
"255",21,33036145,31663832,"C","G","L","V",0.646,"ENST00000270142;ENST00000389995","C","L",39,"L39V"
"256",21,33036146,31663833,"T","A","L","Q",0.756,"ENST00000270142;ENST00000389995","T","L",39,"L39Q"
"257",21,33036146,31663833,"T","C","L","P",0.851,"ENST00000270142;ENST00000389995","T","L",39,"L39P"
"258",21,33036146,31663833,"T","G","L","R",0.767,"ENST00000270142;ENST00000389995","T","L",39,"L39R"
"259",21,33036148,31663835,"A","C","T","P",0.474,"ENST00000270142;ENST00000389995","A","T",40,"T40P"
"260",21,33036148,31663835,"A","G","T","A",0.287,"ENST00000270142;ENST00000389995","A","T",40,"T40A"
"261",21,33036148,31663835,"A","T","T","S",0.296,"ENST00000270142;ENST00000389995","A","T",40,"T40S"
"262",21,33036149,31663836,"C","A","T","N",0.392,"ENST00000270142;ENST00000389995","C","T",40,"T40N"
"263",21,33036149,31663836,"C","G","T","S",0.316,"ENST00000270142;ENST00000389995","C","T",40,"T40S"
"264",21,33036149,31663836,"C","T","T","I",0.459,"ENST00000270142;ENST00000389995","C","T",40,"T40I"
"265",21,33036151,31663838,"G","A","E","K",0.449,"ENST00000270142;ENST00000389995","G","E",41,"E41K"
"266",21,33036151,31663838,"G","C","E","Q",0.462,"ENST00000270142;ENST00000389995","G","E",41,"E41Q"
"267",21,33036152,31663839,"A","C","E","A",0.456,"ENST00000270142;ENST00000389995","A","E",41,"E41A"
"268",21,33036152,31663839,"A","G","E","G",0.68,"ENST00000270142;ENST00000389995","A","E",41,"E41G"
"269",21,33036152,31663839,"A","T","E","V",0.567,"ENST00000270142;ENST00000389995","A","E",41,"E41V"
"270",21,33036153,31663840,"A","C","E","D",0.39,"ENST00000270142;ENST00000389995","A","E",41,"E41D"
"271",21,33036153,31663840,"A","T","E","D",0.39,"ENST00000270142;ENST00000389995","A","E",41,"E41D"
"272",21,33036154,31663841,"G","A","G","S",0.926,"ENST00000270142;ENST00000389995","G","G",42,"G42S"
"273",21,33036154,31663841,"G","C","G","R",0.92,"ENST00000270142;ENST00000389995","G","G",42,"G42R"
"274",21,33036154,31663841,"G","T","G","C",0.895,"ENST00000270142;ENST00000389995","G","G",42,"G42C"
"275",21,33036155,31663842,"G","A","G","D",0.926,"ENST00000270142;ENST00000389995","G","G",42,"G42D"
"276",21,33036155,31663842,"G","C","G","A",0.85,"ENST00000270142;ENST00000389995","G","G",42,"G42A"
"277",21,33036155,31663842,"G","T","G","V",0.921,"ENST00000270142;ENST00000389995","G","G",42,"G42V"
"278",21,33036157,31663844,"C","A","L","M",0.406,"ENST00000270142;ENST00000389995","C","L",43,"L43M"
"279",21,33036157,31663844,"C","G","L","V",0.32,"ENST00000270142;ENST00000389995","C","L",43,"L43V"
"280",21,33036158,31663845,"T","A","L","Q",0.333,"ENST00000270142;ENST00000389995","T","L",43,"L43Q"
"281",21,33036158,31663845,"T","C","L","P",0.412,"ENST00000270142;ENST00000389995","T","L",43,"L43P"
"282",21,33036158,31663845,"T","G","L","R",0.336,"ENST00000270142;ENST00000389995","T","L",43,"L43R"
"283",21,33036160,31663847,"C","A","H","N",0.888,"ENST00000270142;ENST00000389995","C","H",44,"H44N"
"284",21,33036160,31663847,"C","G","H","D",0.914,"ENST00000270142;ENST00000389995","C","H",44,"H44D"
"285",21,33036160,31663847,"C","T","H","Y",0.908,"ENST00000270142;ENST00000389995","C","H",44,"H44Y"
"286",21,33036161,31663848,"A","C","H","P",0.966,"ENST00000270142;ENST00000389995","A","H",44,"H44P"
"287",21,33036161,31663848,"A","G","H","R",0.91,"ENST00000270142;ENST00000389995","A","H",44,"H44R"
"288",21,33036161,31663848,"A","T","H","L",0.959,"ENST00000270142;ENST00000389995","A","H",44,"H44L"
"289",21,33036162,31663849,"T","A","H","Q",0.886,"ENST00000270142;ENST00000389995","T","H",44,"H44Q"
"290",21,33036162,31663849,"T","G","H","Q",0.886,"ENST00000270142;ENST00000389995","T","H",44,"H44Q"
"291",21,33036163,31663850,"G","A","G","R",0.965,"ENST00000270142;ENST00000389995","G","G",45,"G45R"
"292",21,33036163,31663850,"G","C","G","R",0.965,"ENST00000270142;ENST00000389995","G","G",45,"G45R"
"293",21,33036164,31663851,"G","A","G","E",0.956,"ENST00000270142;ENST00000389995","G","G",45,"G45E"
"294",21,33036164,31663851,"G","C","G","A",0.932,"ENST00000270142;ENST00000389995","G","G",45,"G45A"
"295",21,33036164,31663851,"G","T","G","V",0.95,"ENST00000270142;ENST00000389995","G","G",45,"G45V"
"296",21,33036166,31663853,"T","A","F","I",0.969,"ENST00000270142;ENST00000389995","T","F",46,"F46I"
"297",21,33036166,31663853,"T","C","F","L",0.965,"ENST00000270142;ENST00000389995","T","F",46,"F46L"
"298",21,33036166,31663853,"T","G","F","V",0.977,"ENST00000270142;ENST00000389995","T","F",46,"F46V"
"299",21,33036167,31663854,"T","A","F","Y",0.906,"ENST00000270142;ENST00000389995","T","F",46,"F46Y"
"300",21,33036167,31663854,"T","C","F","S",0.97,"ENST00000270142;ENST00000389995","T","F",46,"F46S"
"301",21,33036167,31663854,"T","G","F","C",0.987,"ENST00000270142;ENST00000389995","T","F",46,"F46C"
"302",21,33036168,31663855,"C","A","F","L",0.909,"ENST00000270142;ENST00000389995","C","F",46,"F46L"
"303",21,33036168,31663855,"C","G","F","L",0.909,"ENST00000270142;ENST00000389995","C","F",46,"F46L"
"304",21,33036169,31663856,"C","A","H","N",0.928,"ENST00000270142;ENST00000389995","C","H",47,"H47N"
"305",21,33036169,31663856,"C","G","H","D",0.944,"ENST00000270142;ENST00000389995","C","H",47,"H47D"
"306",21,33036169,31663856,"C","T","H","Y",0.95,"ENST00000270142;ENST00000389995","C","H",47,"H47Y"
"307",21,33036170,31663857,"A","C","H","P",0.976,"ENST00000270142;ENST00000389995","A","H",47,"H47P"
"308",21,33036170,31663857,"A","G","H","R",0.959,"ENST00000270142;ENST00000389995","A","H",47,"H47R"
"309",21,33036170,31663857,"A","T","H","L",0.964,"ENST00000270142;ENST00000389995","A","H",47,"H47L"
"310",21,33036171,31663858,"T","A","H","Q",0.744,"ENST00000270142;ENST00000389995","T","H",47,"H47Q"
"311",21,33036171,31663858,"T","G","H","Q",0.744,"ENST00000270142;ENST00000389995","T","H",47,"H47Q"
"312",21,33036172,31663859,"G","A","V","I",0.558,"ENST00000270142;ENST00000389995","G","V",48,"V48I"
"313",21,33036172,31663859,"G","C","V","L",0.753,"ENST00000270142;ENST00000389995","G","V",48,"V48L"
"314",21,33036172,31663859,"G","T","V","F",0.906,"ENST00000270142;ENST00000389995","G","V",48,"V48F"
"315",21,33036173,31663860,"T","A","V","D",0.973,"ENST00000270142;ENST00000389995","T","V",48,"V48D"
"316",21,33036173,31663860,"T","C","V","A",0.931,"ENST00000270142;ENST00000389995","T","V",48,"V48A"
"317",21,33036173,31663860,"T","G","V","G",0.977,"ENST00000270142;ENST00000389995","T","V",48,"V48G"
"318",21,33036175,31663862,"C","A","H","N",0.921,"ENST00000270142;ENST00000389995","C","H",49,"H49N"
"319",21,33036175,31663862,"C","G","H","D",0.94,"ENST00000270142;ENST00000389995","C","H",49,"H49D"
"320",21,33036175,31663862,"C","T","H","Y",0.952,"ENST00000270142;ENST00000389995","C","H",49,"H49Y"
"321",21,33036176,31663863,"A","C","H","P",0.974,"ENST00000270142;ENST00000389995","A","H",49,"H49P"
"322",21,33036176,31663863,"A","G","H","R",0.98,"ENST00000270142;ENST00000389995","A","H",49,"H49R"
"323",21,33036176,31663863,"A","T","H","L",0.974,"ENST00000270142;ENST00000389995","A","H",49,"H49L"
"324",21,33036177,31663864,"T","A","H","Q",0.885,"ENST00000270142;ENST00000389995","T","H",49,"H49Q"
"325",21,33036177,31663864,"T","G","H","Q",0.885,"ENST00000270142;ENST00000389995","T","H",49,"H49Q"
"326",21,33036178,31663865,"G","A","E","K",0.664,"ENST00000270142;ENST00000389995","G","E",50,"E50K"
"327",21,33036178,31663865,"G","C","E","Q",0.393,"ENST00000270142;ENST00000389995","G","E",50,"E50Q"
"328",21,33036179,31663866,"A","C","E","A",0.445,"ENST00000270142;ENST00000389995","A","E",50,"E50A"
"329",21,33036179,31663866,"A","G","E","G",0.544,"ENST00000270142;ENST00000389995","A","E",50,"E50G"
"330",21,33036179,31663866,"A","T","E","V",0.511,"ENST00000270142;ENST00000389995","A","E",50,"E50V"
"331",21,33036180,31663867,"G","C","E","D",0.479,"ENST00000270142;ENST00000389995","G","E",50,"E50D"
"332",21,33036180,31663867,"G","T","E","D",0.479,"ENST00000270142;ENST00000389995","G","E",50,"E50D"
"333",21,33036181,31663868,"T","A","F","I",0.918,"ENST00000270142;ENST00000389995","T","F",51,"F51I"
"334",21,33036181,31663868,"T","C","F","L",0.891,"ENST00000270142;ENST00000389995","T","F",51,"F51L"
"335",21,33036181,31663868,"T","G","F","V",0.933,"ENST00000270142;ENST00000389995","T","F",51,"F51V"
"336",21,33036182,31663869,"T","A","F","Y",0.654,"ENST00000270142;ENST00000389995","T","F",51,"F51Y"
"337",21,33036182,31663869,"T","C","F","S",0.922,"ENST00000270142;ENST00000389995","T","F",51,"F51S"
"338",21,33036182,31663869,"T","G","F","C",0.925,"ENST00000270142;ENST00000389995","T","F",51,"F51C"
"339",21,33036183,31663870,"T","A","F","L",0.803,"ENST00000270142;ENST00000389995","T","F",51,"F51L"
"340",21,33036183,31663870,"T","G","F","L",0.803,"ENST00000270142;ENST00000389995","T","F",51,"F51L"
"341",21,33036184,31663871,"G","A","G","R",0.969,"ENST00000270142;ENST00000389995","G","G",52,"G52R"
"342",21,33036184,31663871,"G","C","G","R",0.969,"ENST00000270142;ENST00000389995","G","G",52,"G52R"
"343",21,33036185,31663872,"G","A","G","E",0.952,"ENST00000270142;ENST00000389995","G","G",52,"G52E"
"344",21,33036185,31663872,"G","C","G","A",0.957,"ENST00000270142;ENST00000389995","G","G",52,"G52A"
"345",21,33036185,31663872,"G","T","G","V",0.971,"ENST00000270142;ENST00000389995","G","G",52,"G52V"
"346",21,33036187,31663874,"G","A","D","N",0.883,"ENST00000270142;ENST00000389995","G","D",53,"D53N"
"347",21,33036187,31663874,"G","C","D","H",0.941,"ENST00000270142;ENST00000389995","G","D",53,"D53H"
"348",21,33036187,31663874,"G","T","D","Y",0.939,"ENST00000270142;ENST00000389995","G","D",53,"D53Y"
"349",21,33036188,31663875,"A","C","D","A",0.968,"ENST00000270142;ENST00000389995","A","D",53,"D53A"
"350",21,33036188,31663875,"A","G","D","G",0.976,"ENST00000270142;ENST00000389995","A","D",53,"D53G"
"351",21,33036188,31663875,"A","T","D","V",0.978,"ENST00000270142;ENST00000389995","A","D",53,"D53V"
"352",21,33036189,31663876,"T","A","D","E",0.885,"ENST00000270142;ENST00000389995","T","D",53,"D53E"
"353",21,33036189,31663876,"T","G","D","E",0.885,"ENST00000270142;ENST00000389995","T","D",53,"D53E"
"354",21,33036190,31663877,"A","C","N","H",0.921,"ENST00000270142;ENST00000389995","A","N",54,"N54H"
"355",21,33036190,31663877,"A","G","N","D",0.84,"ENST00000270142;ENST00000389995","A","N",54,"N54D"
"356",21,33036190,31663877,"A","T","N","Y",0.959,"ENST00000270142;ENST00000389995","A","N",54,"N54Y"
"357",21,33036191,31663878,"A","C","N","T",0.845,"ENST00000270142;ENST00000389995","A","N",54,"N54T"
"358",21,33036191,31663878,"A","G","N","S",0.784,"ENST00000270142;ENST00000389995","A","N",54,"N54S"
"359",21,33036191,31663878,"A","T","N","I",0.928,"ENST00000270142;ENST00000389995","A","N",54,"N54I"
"360",21,33036192,31663879,"T","A","N","K",0.741,"ENST00000270142;ENST00000389995","T","N",54,"N54K"
"361",21,33036192,31663879,"T","G","N","K",0.741,"ENST00000270142;ENST00000389995","T","N",54,"N54K"
"362",21,33036193,31663880,"A","C","T","P",0.97,"ENST00000270142;ENST00000389995","A","T",55,"T55P"
"363",21,33036193,31663880,"A","G","T","A",0.923,"ENST00000270142;ENST00000389995","A","T",55,"T55A"
"364",21,33036193,31663880,"A","T","T","S",0.876,"ENST00000270142;ENST00000389995","A","T",55,"T55S"
"365",21,33036194,31663881,"C","A","T","K",0.947,"ENST00000270142;ENST00000389995","C","T",55,"T55K"
"366",21,33036194,31663881,"C","G","T","R",0.916,"ENST00000270142;ENST00000389995","C","T",55,"T55R"
"367",21,33036194,31663881,"C","T","T","I",0.948,"ENST00000270142;ENST00000389995","C","T",55,"T55I"
"368",21,33036196,31663883,"G","A","A","T",0.416,"ENST00000270142;ENST00000389995","G","A",56,"A56T"
"369",21,33036196,31663883,"G","C","A","P",0.461,"ENST00000270142;ENST00000389995","G","A",56,"A56P"
"370",21,33036196,31663883,"G","T","A","S",0.421,"ENST00000270142;ENST00000389995","G","A",56,"A56S"
"371",21,33036197,31663884,"C","A","A","E",0.402,"ENST00000270142;ENST00000389995","C","A",56,"A56E"
"372",21,33036197,31663884,"C","G","A","G",0.37,"ENST00000270142;ENST00000389995","C","A",56,"A56G"
"373",21,33036197,31663884,"C","T","A","V",0.411,"ENST00000270142;ENST00000389995","C","A",56,"A56V"
"374",21,33036199,31663886,"G","A","G","S",0.93,"ENST00000270142;ENST00000389995","G","G",57,"G57S"
"375",21,33036199,31663886,"G","C","G","R",0.945,"ENST00000270142;ENST00000389995","G","G",57,"G57R"
"376",21,33036199,31663886,"G","T","G","C",0.939,"ENST00000270142;ENST00000389995","G","G",57,"G57C"
"377",21,33038762,31666449,"G","A","G","D",0.896,"ENST00000270142;ENST00000389995","G","G",57,"G57D"
"378",21,33038762,31666449,"G","C","G","A",0.895,"ENST00000270142;ENST00000389995","G","G",57,"G57A"
"379",21,33038762,31666449,"G","T","G","V",0.972,"ENST00000270142;ENST00000389995","G","G",57,"G57V"
"380",21,33038764,31666451,"T","A","C","S",0.955,"ENST00000270142;ENST00000389995","T","C",58,"C58S"
"381",21,33038764,31666451,"T","C","C","R",0.985,"ENST00000270142;ENST00000389995","T","C",58,"C58R"
"382",21,33038764,31666451,"T","G","C","G",0.966,"ENST00000270142;ENST00000389995","T","C",58,"C58G"
"383",21,33038765,31666452,"G","A","C","Y",0.967,"ENST00000270142;ENST00000389995","G","C",58,"C58Y"
"384",21,33038765,31666452,"G","C","C","S",0.917,"ENST00000270142;ENST00000389995","G","C",58,"C58S"
"385",21,33038765,31666452,"G","T","C","F",0.945,"ENST00000270142;ENST00000389995","G","C",58,"C58F"
"386",21,33038766,31666453,"T","G","C","W",0.945,"ENST00000270142;ENST00000389995","T","C",58,"C58W"
"387",21,33038767,31666454,"A","C","T","P",0.862,"ENST00000270142;ENST00000389995","A","T",59,"T59P"
"388",21,33038767,31666454,"A","G","T","A",0.619,"ENST00000270142;ENST00000389995","A","T",59,"T59A"
"389",21,33038767,31666454,"A","T","T","S",0.642,"ENST00000270142;ENST00000389995","A","T",59,"T59S"
"390",21,33038768,31666455,"C","A","T","N",0.748,"ENST00000270142;ENST00000389995","C","T",59,"T59N"
"391",21,33038768,31666455,"C","G","T","S",0.612,"ENST00000270142;ENST00000389995","C","T",59,"T59S"
"392",21,33038768,31666455,"C","T","T","I",0.456,"ENST00000270142;ENST00000389995","C","T",59,"T59I"
"393",21,33038770,31666457,"A","C","S","R",0.977,"ENST00000270142;ENST00000389995","A","S",60,"S60R"
"394",21,33038770,31666457,"A","G","S","G",0.934,"ENST00000270142;ENST00000389995","A","S",60,"S60G"
"395",21,33038770,31666457,"A","T","S","C",0.94,"ENST00000270142;ENST00000389995","A","S",60,"S60C"
"396",21,33038771,31666458,"G","A","S","N",0.884,"ENST00000270142;ENST00000389995","G","S",60,"S60N"
"397",21,33038771,31666458,"G","C","S","T",0.775,"ENST00000270142;ENST00000389995","G","S",60,"S60T"
"398",21,33038771,31666458,"G","T","S","I",0.935,"ENST00000270142;ENST00000389995","G","S",60,"S60I"
"399",21,33038772,31666459,"T","A","S","R",0.944,"ENST00000270142;ENST00000389995","T","S",60,"S60R"
"400",21,33038772,31666459,"T","G","S","R",0.944,"ENST00000270142;ENST00000389995","T","S",60,"S60R"
"401",21,33038773,31666460,"G","A","A","T",0.871,"ENST00000270142;ENST00000389995","G","A",61,"A61T"
"402",21,33038773,31666460,"G","C","A","P",0.942,"ENST00000270142;ENST00000389995","G","A",61,"A61P"
"403",21,33038773,31666460,"G","T","A","S",0.826,"ENST00000270142;ENST00000389995","G","A",61,"A61S"
"404",21,33038774,31666461,"C","A","A","E",0.944,"ENST00000270142;ENST00000389995","C","A",61,"A61E"
"405",21,33038774,31666461,"C","G","A","G",0.892,"ENST00000270142;ENST00000389995","C","A",61,"A61G"
"406",21,33038774,31666461,"C","T","A","V",0.921,"ENST00000270142;ENST00000389995","C","A",61,"A61V"
"407",21,33038776,31666463,"G","A","G","S",0.965,"ENST00000270142;ENST00000389995","G","G",62,"G62S"
"408",21,33038776,31666463,"G","C","G","R",0.974,"ENST00000270142;ENST00000389995","G","G",62,"G62R"
"409",21,33038776,31666463,"G","T","G","C",0.978,"ENST00000270142;ENST00000389995","G","G",62,"G62C"
"410",21,33038777,31666464,"G","A","G","D",0.972,"ENST00000270142;ENST00000389995","G","G",62,"G62D"
"411",21,33038777,31666464,"G","C","G","A",0.953,"ENST00000270142;ENST00000389995","G","G",62,"G62A"
"412",21,33038777,31666464,"G","T","G","V",0.972,"ENST00000270142;ENST00000389995","G","G",62,"G62V"
"413",21,33038779,31666466,"C","A","P","T",0.839,"ENST00000270142;ENST00000389995","C","P",63,"P63T"
"414",21,33038779,31666466,"C","G","P","A",0.559,"ENST00000270142;ENST00000389995","C","P",63,"P63A"
"415",21,33038779,31666466,"C","T","P","S",0.719,"ENST00000270142;ENST00000389995","C","P",63,"P63S"
"416",21,33038780,31666467,"C","A","P","H",0.87,"ENST00000270142;ENST00000389995","C","P",63,"P63H"
"417",21,33038780,31666467,"C","G","P","R",0.873,"ENST00000270142;ENST00000389995","C","P",63,"P63R"
"418",21,33038780,31666467,"C","T","P","L",0.864,"ENST00000270142;ENST00000389995","C","P",63,"P63L"
"419",21,33038782,31666469,"C","A","H","N",0.857,"ENST00000270142;ENST00000389995","C","H",64,"H64N"
"420",21,33038782,31666469,"C","G","H","D",0.925,"ENST00000270142;ENST00000389995","C","H",64,"H64D"
"421",21,33038782,31666469,"C","T","H","Y",0.927,"ENST00000270142;ENST00000389995","C","H",64,"H64Y"
"422",21,33038783,31666470,"A","C","H","P",0.975,"ENST00000270142;ENST00000389995","A","H",64,"H64P"
"423",21,33038783,31666470,"A","G","H","R",0.984,"ENST00000270142;ENST00000389995","A","H",64,"H64R"
"424",21,33038783,31666470,"A","T","H","L",0.976,"ENST00000270142;ENST00000389995","A","H",64,"H64L"
"425",21,33038784,31666471,"C","A","H","Q",0.908,"ENST00000270142;ENST00000389995","C","H",64,"H64Q"
"426",21,33038784,31666471,"C","G","H","Q",0.908,"ENST00000270142;ENST00000389995","C","H",64,"H64Q"
"427",21,33038785,31666472,"T","A","F","I",0.972,"ENST00000270142;ENST00000389995","T","F",65,"F65I"
"428",21,33038785,31666472,"T","C","F","L",0.968,"ENST00000270142;ENST00000389995","T","F",65,"F65L"
"429",21,33038785,31666472,"T","G","F","V",0.968,"ENST00000270142;ENST00000389995","T","F",65,"F65V"
"430",21,33038786,31666473,"T","A","F","Y",0.72,"ENST00000270142;ENST00000389995","T","F",65,"F65Y"
"431",21,33038786,31666473,"T","C","F","S",0.937,"ENST00000270142;ENST00000389995","T","F",65,"F65S"
"432",21,33038786,31666473,"T","G","F","C",0.94,"ENST00000270142;ENST00000389995","T","F",65,"F65C"
"433",21,33038787,31666474,"T","A","F","L",0.909,"ENST00000270142;ENST00000389995","T","F",65,"F65L"
"434",21,33038787,31666474,"T","G","F","L",0.909,"ENST00000270142;ENST00000389995","T","F",65,"F65L"
"435",21,33038788,31666475,"A","C","N","H",0.936,"ENST00000270142;ENST00000389995","A","N",66,"N66H"
"436",21,33038788,31666475,"A","G","N","D",0.924,"ENST00000270142;ENST00000389995","A","N",66,"N66D"
"437",21,33038788,31666475,"A","T","N","Y",0.962,"ENST00000270142;ENST00000389995","A","N",66,"N66Y"
"438",21,33038789,31666476,"A","C","N","T",0.925,"ENST00000270142;ENST00000389995","A","N",66,"N66T"
"439",21,33038789,31666476,"A","G","N","S",0.942,"ENST00000270142;ENST00000389995","A","N",66,"N66S"
"440",21,33038789,31666476,"A","T","N","I",0.916,"ENST00000270142;ENST00000389995","A","N",66,"N66I"
"441",21,33038790,31666477,"T","A","N","K",0.872,"ENST00000270142;ENST00000389995","T","N",66,"N66K"
"442",21,33038790,31666477,"T","G","N","K",0.872,"ENST00000270142;ENST00000389995","T","N",66,"N66K"
"443",21,33038791,31666478,"C","A","P","T",0.963,"ENST00000270142;ENST00000389995","C","P",67,"P67T"
"444",21,33038791,31666478,"C","G","P","A",0.965,"ENST00000270142;ENST00000389995","C","P",67,"P67A"
"445",21,33038791,31666478,"C","T","P","S",0.957,"ENST00000270142;ENST00000389995","C","P",67,"P67S"
"446",21,33038792,31666479,"C","A","P","H",0.953,"ENST00000270142;ENST00000389995","C","P",67,"P67H"
"447",21,33038792,31666479,"C","G","P","R",0.956,"ENST00000270142;ENST00000389995","C","P",67,"P67R"
"448",21,33038792,31666479,"C","T","P","L",0.95,"ENST00000270142;ENST00000389995","C","P",67,"P67L"
"449",21,33038794,31666481,"C","A","L","I",0.424,"ENST00000270142;ENST00000389995","C","L",68,"L68I"
"450",21,33038794,31666481,"C","G","L","V",0.385,"ENST00000270142;ENST00000389995","C","L",68,"L68V"
"451",21,33038795,31666482,"T","A","L","Q",0.476,"ENST00000270142;ENST00000389995","T","L",68,"L68Q"
"452",21,33038795,31666482,"T","C","L","P",0.609,"ENST00000270142;ENST00000389995","T","L",68,"L68P"
"453",21,33038795,31666482,"T","G","L","R",0.622,"ENST00000270142;ENST00000389995","T","L",68,"L68R"
"454",21,33038797,31666484,"T","A","S","T",0.339,"ENST00000270142;ENST00000389995","T","S",69,"S69T"
"455",21,33038797,31666484,"T","C","S","P",0.593,"ENST00000270142;ENST00000389995","T","S",69,"S69P"
"456",21,33038797,31666484,"T","G","S","A",0.314,"ENST00000270142;ENST00000389995","T","S",69,"S69A"
"457",21,33038798,31666485,"C","A","S","Y",0.516,"ENST00000270142;ENST00000389995","C","S",69,"S69Y"
"458",21,33038798,31666485,"C","G","S","C",0.508,"ENST00000270142;ENST00000389995","C","S",69,"S69C"
"459",21,33038798,31666485,"C","T","S","F",0.5,"ENST00000270142;ENST00000389995","C","S",69,"S69F"
"460",21,33038800,31666487,"A","G","R","G",0.536,"ENST00000270142;ENST00000389995","A","R",70,"R70G"
"461",21,33038801,31666488,"G","A","R","K",0.39,"ENST00000270142;ENST00000389995","G","R",70,"R70K"
"462",21,33038801,31666488,"G","C","R","T",0.473,"ENST00000270142;ENST00000389995","G","R",70,"R70T"
"463",21,33038801,31666488,"G","T","R","I",0.583,"ENST00000270142;ENST00000389995","G","R",70,"R70I"
"464",21,33038802,31666489,"A","C","R","S",0.54,"ENST00000270142;ENST00000389995","A","R",70,"R70S"
"465",21,33038802,31666489,"A","T","R","S",0.54,"ENST00000270142;ENST00000389995","A","R",70,"R70S"
"466",21,33038803,31666490,"A","C","K","Q",0.403,"ENST00000270142;ENST00000389995","A","K",71,"K71Q"
"467",21,33038803,31666490,"A","G","K","E",0.438,"ENST00000270142;ENST00000389995","A","K",71,"K71E"
"468",21,33038804,31666491,"A","C","K","T",0.49,"ENST00000270142;ENST00000389995","A","K",71,"K71T"
"469",21,33038804,31666491,"A","G","K","R",0.486,"ENST00000270142;ENST00000389995","A","K",71,"K71R"
"470",21,33038804,31666491,"A","T","K","I",0.576,"ENST00000270142;ENST00000389995","A","K",71,"K71I"
"471",21,33038805,31666492,"A","C","K","N",0.394,"ENST00000270142;ENST00000389995","A","K",71,"K71N"
"472",21,33038805,31666492,"A","T","K","N",0.395,"ENST00000270142;ENST00000389995","A","K",71,"K71N"
"473",21,33038806,31666493,"C","A","H","N",0.876,"ENST00000270142;ENST00000389995","C","H",72,"H72N"
"474",21,33038806,31666493,"C","G","H","D",0.921,"ENST00000270142;ENST00000389995","C","H",72,"H72D"
"475",21,33038806,31666493,"C","T","H","Y",0.926,"ENST00000270142;ENST00000389995","C","H",72,"H72Y"
"476",21,33038807,31666494,"A","C","H","P",0.982,"ENST00000270142;ENST00000389995","A","H",72,"H72P"
"477",21,33038807,31666494,"A","G","H","R",0.967,"ENST00000270142;ENST00000389995","A","H",72,"H72R"
"478",21,33038807,31666494,"A","T","H","L",0.976,"ENST00000270142;ENST00000389995","A","H",72,"H72L"
"479",21,33038808,31666495,"C","A","H","Q",0.887,"ENST00000270142;ENST00000389995","C","H",72,"H72Q"
"480",21,33038808,31666495,"C","G","H","Q",0.887,"ENST00000270142;ENST00000389995","C","H",72,"H72Q"
"481",21,33038809,31666496,"G","A","G","S",0.927,"ENST00000270142;ENST00000389995","G","G",73,"G73S"
"482",21,33038809,31666496,"G","C","G","R",0.879,"ENST00000270142;ENST00000389995","G","G",73,"G73R"
"483",21,33038809,31666496,"G","T","G","C",0.948,"ENST00000270142;ENST00000389995","G","G",73,"G73C"
"484",21,33038810,31666497,"G","A","G","D",0.883,"ENST00000270142;ENST00000389995","G","G",73,"G73D"
"485",21,33038810,31666497,"G","C","G","A",0.65,"ENST00000270142;ENST00000389995","G","G",73,"G73A"
"486",21,33038810,31666497,"G","T","G","V",0.862,"ENST00000270142;ENST00000389995","G","G",73,"G73V"
"487",21,33038812,31666499,"G","A","G","R",0.938,"ENST00000270142;ENST00000389995","G","G",74,"G74R"
"488",21,33038812,31666499,"G","C","G","R",0.937,"ENST00000270142;ENST00000389995","G","G",74,"G74R"
"489",21,33038812,31666499,"G","T","G","W",0.907,"ENST00000270142;ENST00000389995","G","G",74,"G74W"
"490",21,33038813,31666500,"G","A","G","E",0.885,"ENST00000270142;ENST00000389995","G","G",74,"G74E"
"491",21,33038813,31666500,"G","C","G","A",0.65,"ENST00000270142;ENST00000389995","G","G",74,"G74A"
"492",21,33038813,31666500,"G","T","G","V",0.878,"ENST00000270142;ENST00000389995","G","G",74,"G74V"
"493",21,33038815,31666502,"C","A","P","T",0.897,"ENST00000270142;ENST00000389995","C","P",75,"P75T"
"494",21,33038815,31666502,"C","G","P","A",0.867,"ENST00000270142;ENST00000389995","C","P",75,"P75A"
"495",21,33038815,31666502,"C","T","P","S",0.867,"ENST00000270142;ENST00000389995","C","P",75,"P75S"
"496",21,33038816,31666503,"C","A","P","Q",0.862,"ENST00000270142;ENST00000389995","C","P",75,"P75Q"
"497",21,33038816,31666503,"C","G","P","R",0.879,"ENST00000270142;ENST00000389995","C","P",75,"P75R"
"498",21,33038816,31666503,"C","T","P","L",0.871,"ENST00000270142;ENST00000389995","C","P",75,"P75L"
"499",21,33038818,31666505,"A","C","K","Q",0.293,"ENST00000270142;ENST00000389995","A","K",76,"K76Q"
"500",21,33038818,31666505,"A","G","K","E",0.326,"ENST00000270142;ENST00000389995","A","K",76,"K76E"
"501",21,33038819,31666506,"A","C","K","T",0.407,"ENST00000270142;ENST00000389995","A","K",76,"K76T"
"502",21,33038819,31666506,"A","G","K","R",0.35,"ENST00000270142;ENST00000389995","A","K",76,"K76R"
"503",21,33038819,31666506,"A","T","K","M",0.4,"ENST00000270142;ENST00000389995","A","K",76,"K76M"
"504",21,33038820,31666507,"G","C","K","N",0.304,"ENST00000270142;ENST00000389995","G","K",76,"K76N"
"505",21,33038820,31666507,"G","T","K","N",0.304,"ENST00000270142;ENST00000389995","G","K",76,"K76N"
"506",21,33038821,31666508,"G","A","D","N",0.723,"ENST00000270142;ENST00000389995","G","D",77,"D77N"
"507",21,33038821,31666508,"G","C","D","H",0.804,"ENST00000270142;ENST00000389995","G","D",77,"D77H"
"508",21,33038821,31666508,"G","T","D","Y",0.883,"ENST00000270142;ENST00000389995","G","D",77,"D77Y"
"509",21,33038822,31666509,"A","C","D","A",0.801,"ENST00000270142;ENST00000389995","A","D",77,"D77A"
"510",21,33038822,31666509,"A","G","D","G",0.856,"ENST00000270142;ENST00000389995","A","D",77,"D77G"
"511",21,33038822,31666509,"A","T","D","V",0.867,"ENST00000270142;ENST00000389995","A","D",77,"D77V"
"512",21,33038823,31666510,"T","A","D","E",0.742,"ENST00000270142;ENST00000389995","T","D",77,"D77E"
"513",21,33038823,31666510,"T","G","D","E",0.742,"ENST00000270142;ENST00000389995","T","D",77,"D77E"
"514",21,33038824,31666511,"G","A","E","K",0.409,"ENST00000270142;ENST00000389995","G","E",78,"E78K"
"515",21,33038824,31666511,"G","C","E","Q",0.379,"ENST00000270142;ENST00000389995","G","E",78,"E78Q"
"516",21,33038825,31666512,"A","C","E","A",0.347,"ENST00000270142;ENST00000389995","A","E",78,"E78A"
"517",21,33038825,31666512,"A","G","E","G",0.386,"ENST00000270142;ENST00000389995","A","E",78,"E78G"
"518",21,33038825,31666512,"A","T","E","V",0.502,"ENST00000270142;ENST00000389995","A","E",78,"E78V"
"519",21,33038826,31666513,"A","C","E","D",0.405,"ENST00000270142;ENST00000389995","A","E",78,"E78D"
"520",21,33038826,31666513,"A","T","E","D",0.405,"ENST00000270142;ENST00000389995","A","E",78,"E78D"
"521",21,33038827,31666514,"G","A","E","K",0.582,"ENST00000270142;ENST00000389995","G","E",79,"E79K"
"522",21,33038827,31666514,"G","C","E","Q",0.543,"ENST00000270142;ENST00000389995","G","E",79,"E79Q"
"523",21,33038828,31666515,"A","C","E","A",0.638,"ENST00000270142;ENST00000389995","A","E",79,"E79A"
"524",21,33038828,31666515,"A","G","E","G",0.636,"ENST00000270142;ENST00000389995","A","E",79,"E79G"
"525",21,33038828,31666515,"A","T","E","V",0.463,"ENST00000270142;ENST00000389995","A","E",79,"E79V"
"526",21,33038829,31666516,"G","C","E","D",0.496,"ENST00000270142;ENST00000389995","G","E",79,"E79D"
"527",21,33038829,31666516,"G","T","E","D",0.493,"ENST00000270142;ENST00000389995","G","E",79,"E79D"
"528",21,33038830,31666517,"A","G","R","G",0.948,"ENST00000270142;ENST00000389995","A","R",80,"R80G"
"529",21,33038830,31666517,"A","T","R","W",0.931,"ENST00000270142;ENST00000389995","A","R",80,"R80W"
"530",21,33038831,31666518,"G","A","R","K",0.919,"ENST00000270142;ENST00000389995","G","R",80,"R80K"
"531",21,33038831,31666518,"G","C","R","T",0.958,"ENST00000270142;ENST00000389995","G","R",80,"R80T"
"532",21,33038831,31666518,"G","T","R","M",0.954,"ENST00000270142;ENST00000389995","G","R",80,"R80M"
"533",21,33039571,31667258,"G","C","R","S",0.857,"ENST00000270142;ENST00000389995","G","R",80,"R80S"
"534",21,33039571,31667258,"G","T","R","S",0.857,"ENST00000270142;ENST00000389995","G","R",80,"R80S"
"535",21,33039572,31667259,"C","A","H","N",0.848,"ENST00000270142;ENST00000389995","C","H",81,"H81N"
"536",21,33039572,31667259,"C","G","H","D",0.919,"ENST00000270142;ENST00000389995","C","H",81,"H81D"
"537",21,33039572,31667259,"C","T","H","Y",0.902,"ENST00000270142;ENST00000389995","C","H",81,"H81Y"
"538",21,33039573,31667260,"A","C","H","P",0.966,"ENST00000270142;ENST00000389995","A","H",81,"H81P"
"539",21,33039573,31667260,"A","G","H","R",0.971,"ENST00000270142;ENST00000389995","A","H",81,"H81R"
"540",21,33039573,31667260,"A","T","H","L",0.93,"ENST00000270142;ENST00000389995","A","H",81,"H81L"
"541",21,33039574,31667261,"T","A","H","Q",0.818,"ENST00000270142;ENST00000389995","T","H",81,"H81Q"
"542",21,33039574,31667261,"T","G","H","Q",0.818,"ENST00000270142;ENST00000389995","T","H",81,"H81Q"
"543",21,33039575,31667262,"G","A","V","I",0.624,"ENST00000270142;ENST00000389995","G","V",82,"V82I"
"544",21,33039575,31667262,"G","C","V","L",0.671,"ENST00000270142;ENST00000389995","G","V",82,"V82L"
"545",21,33039575,31667262,"G","T","V","F",0.856,"ENST00000270142;ENST00000389995","G","V",82,"V82F"
"546",21,33039576,31667263,"T","A","V","D",0.862,"ENST00000270142;ENST00000389995","T","V",82,"V82D"
"547",21,33039576,31667263,"T","C","V","A",0.825,"ENST00000270142;ENST00000389995","T","V",82,"V82A"
"548",21,33039576,31667263,"T","G","V","G",0.851,"ENST00000270142;ENST00000389995","T","V",82,"V82G"
"549",21,33039578,31667265,"G","A","G","R",0.912,"ENST00000270142;ENST00000389995","G","G",83,"G83R"
"550",21,33039578,31667265,"G","C","G","R",0.913,"ENST00000270142;ENST00000389995","G","G",83,"G83R"
"551",21,33039579,31667266,"G","A","G","E",0.878,"ENST00000270142;ENST00000389995","G","G",83,"G83E"
"552",21,33039579,31667266,"G","C","G","A",0.895,"ENST00000270142;ENST00000389995","G","G",83,"G83A"
"553",21,33039579,31667266,"G","T","G","V",0.861,"ENST00000270142;ENST00000389995","G","G",83,"G83V"
"554",21,33039581,31667268,"G","A","D","N",0.919,"ENST00000270142;ENST00000389995","G","D",84,"D84N"
"555",21,33039581,31667268,"G","C","D","H",0.915,"ENST00000270142;ENST00000389995","G","D",84,"D84H"
"556",21,33039581,31667268,"G","T","D","Y",0.884,"ENST00000270142;ENST00000389995","G","D",84,"D84Y"
"557",21,33039582,31667269,"A","C","D","A",0.904,"ENST00000270142;ENST00000389995","A","D",84,"D84A"
"558",21,33039582,31667269,"A","G","D","G",0.924,"ENST00000270142;ENST00000389995","A","D",84,"D84G"
"559",21,33039582,31667269,"A","T","D","V",0.911,"ENST00000270142;ENST00000389995","A","D",84,"D84V"
"560",21,33039583,31667270,"C","A","D","E",0.808,"ENST00000270142;ENST00000389995","C","D",84,"D84E"
"561",21,33039583,31667270,"C","G","D","E",0.808,"ENST00000270142;ENST00000389995","C","D",84,"D84E"
"562",21,33039584,31667271,"T","A","L","M",0.781,"ENST00000270142;ENST00000389995","T","L",85,"L85M"
"563",21,33039584,31667271,"T","G","L","V",0.764,"ENST00000270142;ENST00000389995","T","L",85,"L85V"
"564",21,33039585,31667272,"T","C","L","S",0.844,"ENST00000270142;ENST00000389995","T","L",85,"L85S"
"565",21,33039585,31667272,"T","G","L","W",0.871,"ENST00000270142;ENST00000389995","T","L",85,"L85W"
"566",21,33039586,31667273,"G","C","L","F",0.769,"ENST00000270142;ENST00000389995","G","L",85,"L85F"
"567",21,33039586,31667273,"G","T","L","F",0.769,"ENST00000270142;ENST00000389995","G","L",85,"L85F"
"568",21,33039587,31667274,"G","A","G","S",0.905,"ENST00000270142;ENST00000389995","G","G",86,"G86S"
"569",21,33039587,31667274,"G","C","G","R",0.895,"ENST00000270142;ENST00000389995","G","G",86,"G86R"
"570",21,33039587,31667274,"G","T","G","C",0.878,"ENST00000270142;ENST00000389995","G","G",86,"G86C"
"571",21,33039588,31667275,"G","A","G","D",0.896,"ENST00000270142;ENST00000389995","G","G",86,"G86D"
"572",21,33039588,31667275,"G","C","G","A",0.91,"ENST00000270142;ENST00000389995","G","G",86,"G86A"
"573",21,33039588,31667275,"G","T","G","V",0.878,"ENST00000270142;ENST00000389995","G","G",86,"G86V"
"574",21,33039590,31667277,"A","C","N","H",0.9,"ENST00000270142;ENST00000389995","A","N",87,"N87H"
"575",21,33039590,31667277,"A","G","N","D",0.893,"ENST00000270142;ENST00000389995","A","N",87,"N87D"
"576",21,33039590,31667277,"A","T","N","Y",0.877,"ENST00000270142;ENST00000389995","A","N",87,"N87Y"
"577",21,33039591,31667278,"A","C","N","T",0.868,"ENST00000270142;ENST00000389995","A","N",87,"N87T"
"578",21,33039591,31667278,"A","G","N","S",0.853,"ENST00000270142;ENST00000389995","A","N",87,"N87S"
"579",21,33039591,31667278,"A","T","N","I",0.861,"ENST00000270142;ENST00000389995","A","N",87,"N87I"
"580",21,33039592,31667279,"T","A","N","K",0.754,"ENST00000270142;ENST00000389995","T","N",87,"N87K"
"581",21,33039592,31667279,"T","G","N","K",0.754,"ENST00000270142;ENST00000389995","T","N",87,"N87K"
"582",21,33039593,31667280,"G","A","V","M",0.857,"ENST00000270142;ENST00000389995","G","V",88,"V88M"
"583",21,33039593,31667280,"G","C","V","L",0.79,"ENST00000270142;ENST00000389995","G","V",88,"V88L"
"584",21,33039593,31667280,"G","T","V","L",0.79,"ENST00000270142;ENST00000389995","G","V",88,"V88L"
"585",21,33039594,31667281,"T","A","V","E",0.887,"ENST00000270142;ENST00000389995","T","V",88,"V88E"
"586",21,33039594,31667281,"T","C","V","A",0.898,"ENST00000270142;ENST00000389995","T","V",88,"V88A"
"587",21,33039594,31667281,"T","G","V","G",0.891,"ENST00000270142;ENST00000389995","T","V",88,"V88G"
"588",21,33039596,31667283,"A","C","T","P",0.653,"ENST00000270142;ENST00000389995","A","T",89,"T89P"
"589",21,33039596,31667283,"A","G","T","A",0.421,"ENST00000270142;ENST00000389995","A","T",89,"T89A"
"590",21,33039596,31667283,"A","T","T","S",0.514,"ENST00000270142;ENST00000389995","A","T",89,"T89S"
"591",21,33039597,31667284,"C","A","T","N",0.525,"ENST00000270142;ENST00000389995","C","T",89,"T89N"
"592",21,33039597,31667284,"C","G","T","S",0.459,"ENST00000270142;ENST00000389995","C","T",89,"T89S"
"593",21,33039597,31667284,"C","T","T","I",0.392,"ENST00000270142;ENST00000389995","C","T",89,"T89I"
"594",21,33039599,31667286,"G","A","A","T",0.82,"ENST00000270142;ENST00000389995","G","A",90,"A90T"
"595",21,33039599,31667286,"G","C","A","P",0.908,"ENST00000270142;ENST00000389995","G","A",90,"A90P"
"596",21,33039599,31667286,"G","T","A","S",0.795,"ENST00000270142;ENST00000389995","G","A",90,"A90S"
"597",21,33039600,31667287,"C","A","A","D",0.911,"ENST00000270142;ENST00000389995","C","A",90,"A90D"
"598",21,33039600,31667287,"C","G","A","G",0.925,"ENST00000270142;ENST00000389995","C","A",90,"A90G"
"599",21,33039600,31667287,"C","T","A","V",0.828,"ENST00000270142;ENST00000389995","C","A",90,"A90V"
"600",21,33039602,31667289,"G","A","D","N",0.349,"ENST00000270142;ENST00000389995","G","D",91,"D91N"
"601",21,33039602,31667289,"G","C","D","H",0.455,"ENST00000270142;ENST00000389995","G","D",91,"D91H"
"602",21,33039602,31667289,"G","T","D","Y",0.49,"ENST00000270142;ENST00000389995","G","D",91,"D91Y"
"603",21,33039603,31667290,"A","C","D","A",0.555,"ENST00000270142;ENST00000389995","A","D",91,"D91A"
"604",21,33039603,31667290,"A","G","D","G",0.447,"ENST00000270142;ENST00000389995","A","D",91,"D91G"
"605",21,33039603,31667290,"A","T","D","V",0.619,"ENST00000270142;ENST00000389995","A","D",91,"D91V"
"606",21,33039604,31667291,"C","A","D","E",0.34,"ENST00000270142;ENST00000389995","C","D",91,"D91E"
"607",21,33039604,31667291,"C","G","D","E",0.34,"ENST00000270142;ENST00000389995","C","D",91,"D91E"
"608",21,33039605,31667292,"A","C","K","Q",0.368,"ENST00000270142;ENST00000389995","A","K",92,"K92Q"
"609",21,33039605,31667292,"A","G","K","E",0.392,"ENST00000270142;ENST00000389995","A","K",92,"K92E"
"610",21,33039606,31667293,"A","C","K","T",0.39,"ENST00000270142;ENST00000389995","A","K",92,"K92T"
"611",21,33039606,31667293,"A","G","K","R",0.37,"ENST00000270142;ENST00000389995","A","K",92,"K92R"
"612",21,33039606,31667293,"A","T","K","I",0.446,"ENST00000270142;ENST00000389995","A","K",92,"K92I"
"613",21,33039607,31667294,"A","C","K","N",0.289,"ENST00000270142;ENST00000389995","A","K",92,"K92N"
"614",21,33039607,31667294,"A","T","K","N",0.289,"ENST00000270142;ENST00000389995","A","K",92,"K92N"
"615",21,33039608,31667295,"G","A","D","N",0.341,"ENST00000270142;ENST00000389995","G","D",93,"D93N"
"616",21,33039608,31667295,"G","C","D","H",0.535,"ENST00000270142;ENST00000389995","G","D",93,"D93H"
"617",21,33039608,31667295,"G","T","D","Y",0.525,"ENST00000270142;ENST00000389995","G","D",93,"D93Y"
"618",21,33039609,31667296,"A","C","D","A",0.478,"ENST00000270142;ENST00000389995","A","D",93,"D93A"
"619",21,33039609,31667296,"A","G","D","G",0.532,"ENST00000270142;ENST00000389995","A","D",93,"D93G"
"620",21,33039609,31667296,"A","T","D","V",0.618,"ENST00000270142;ENST00000389995","A","D",93,"D93V"
"621",21,33039610,31667297,"T","A","D","E",0.459,"ENST00000270142;ENST00000389995","T","D",93,"D93E"
"622",21,33039610,31667297,"T","G","D","E",0.459,"ENST00000270142;ENST00000389995","T","D",93,"D93E"
"623",21,33039611,31667298,"G","A","G","S",0.836,"ENST00000270142;ENST00000389995","G","G",94,"G94S"
"624",21,33039611,31667298,"G","C","G","R",0.897,"ENST00000270142;ENST00000389995","G","G",94,"G94R"
"625",21,33039611,31667298,"G","T","G","C",0.869,"ENST00000270142;ENST00000389995","G","G",94,"G94C"
"626",21,33039612,31667299,"G","A","G","D",0.906,"ENST00000270142;ENST00000389995","G","G",94,"G94D"
"627",21,33039612,31667299,"G","C","G","A",0.889,"ENST00000270142;ENST00000389995","G","G",94,"G94A"
"628",21,33039612,31667299,"G","T","G","V",0.914,"ENST00000270142;ENST00000389995","G","G",94,"G94V"
"629",21,33039614,31667301,"G","A","V","M",0.498,"ENST00000270142;ENST00000389995","G","V",95,"V95M"
"630",21,33039614,31667301,"G","C","V","L",0.532,"ENST00000270142;ENST00000389995","G","V",95,"V95L"
"631",21,33039614,31667301,"G","T","V","L",0.532,"ENST00000270142;ENST00000389995","G","V",95,"V95L"
"632",21,33039615,31667302,"T","A","V","E",0.67,"ENST00000270142;ENST00000389995","T","V",95,"V95E"
"633",21,33039615,31667302,"T","C","V","A",0.709,"ENST00000270142;ENST00000389995","T","V",95,"V95A"
"634",21,33039615,31667302,"T","G","V","G",0.649,"ENST00000270142;ENST00000389995","T","V",95,"V95G"
"635",21,33039617,31667304,"G","A","A","T",0.776,"ENST00000270142;ENST00000389995","G","A",96,"A96T"
"636",21,33039617,31667304,"G","C","A","P",0.913,"ENST00000270142;ENST00000389995","G","A",96,"A96P"
"637",21,33039617,31667304,"G","T","A","S",0.761,"ENST00000270142;ENST00000389995","G","A",96,"A96S"
"638",21,33039618,31667305,"C","A","A","D",0.92,"ENST00000270142;ENST00000389995","C","A",96,"A96D"
"639",21,33039618,31667305,"C","G","A","G",0.86,"ENST00000270142;ENST00000389995","C","A",96,"A96G"
"640",21,33039618,31667305,"C","T","A","V",0.844,"ENST00000270142;ENST00000389995","C","A",96,"A96V"
"641",21,33039620,31667307,"G","A","D","N",0.321,"ENST00000270142;ENST00000389995","G","D",97,"D97N"
"642",21,33039620,31667307,"G","C","D","H",0.369,"ENST00000270142;ENST00000389995","G","D",97,"D97H"
"643",21,33039620,31667307,"G","T","D","Y",0.48,"ENST00000270142;ENST00000389995","G","D",97,"D97Y"
"644",21,33039621,31667308,"A","C","D","A",0.411,"ENST00000270142;ENST00000389995","A","D",97,"D97A"
"645",21,33039621,31667308,"A","G","D","G",0.474,"ENST00000270142;ENST00000389995","A","D",97,"D97G"
"646",21,33039621,31667308,"A","T","D","V",0.53,"ENST00000270142;ENST00000389995","A","D",97,"D97V"
"647",21,33039622,31667309,"T","A","D","E",0.312,"ENST00000270142;ENST00000389995","T","D",97,"D97E"
"648",21,33039622,31667309,"T","G","D","E",0.33,"ENST00000270142;ENST00000389995","T","D",97,"D97E"
"649",21,33039623,31667310,"G","A","V","M",0.784,"ENST00000270142;ENST00000389995","G","V",98,"V98M"
"650",21,33039623,31667310,"G","C","V","L",0.629,"ENST00000270142;ENST00000389995","G","V",98,"V98L"
"651",21,33039623,31667310,"G","T","V","L",0.63,"ENST00000270142;ENST00000389995","G","V",98,"V98L"
"652",21,33039624,31667311,"T","A","V","E",0.865,"ENST00000270142;ENST00000389995","T","V",98,"V98E"
"653",21,33039624,31667311,"T","C","V","A",0.81,"ENST00000270142;ENST00000389995","T","V",98,"V98A"
"654",21,33039624,31667311,"T","G","V","G",0.841,"ENST00000270142;ENST00000389995","T","V",98,"V98G"
"655",21,33039626,31667313,"T","A","S","T",0.337,"ENST00000270142;ENST00000389995","T","S",99,"S99T"
"656",21,33039626,31667313,"T","C","S","P",0.482,"ENST00000270142;ENST00000389995","T","S",99,"S99P"
"657",21,33039626,31667313,"T","G","S","A",0.284,"ENST00000270142;ENST00000389995","T","S",99,"S99A"
"658",21,33039627,31667314,"C","A","S","Y",0.384,"ENST00000270142;ENST00000389995","C","S",99,"S99Y"
"659",21,33039627,31667314,"C","G","S","C",0.343,"ENST00000270142;ENST00000389995","C","S",99,"S99C"
"660",21,33039627,31667314,"C","T","S","F",0.459,"ENST00000270142;ENST00000389995","C","S",99,"S99F"
"661",21,33039629,31667316,"A","C","I","L",0.522,"ENST00000270142;ENST00000389995","A","I",100,"I100L"
"662",21,33039629,31667316,"A","G","I","V",0.633,"ENST00000270142;ENST00000389995","A","I",100,"I100V"
"663",21,33039629,31667316,"A","T","I","F",0.518,"ENST00000270142;ENST00000389995","A","I",100,"I100F"
"664",21,33039630,31667317,"T","A","I","N",0.763,"ENST00000270142;ENST00000389995","T","I",100,"I100N"
"665",21,33039630,31667317,"T","C","I","T",0.735,"ENST00000270142;ENST00000389995","T","I",100,"I100T"
"666",21,33039630,31667317,"T","G","I","S",0.763,"ENST00000270142;ENST00000389995","T","I",100,"I100S"
"667",21,33039631,31667318,"T","G","I","M",0.524,"ENST00000270142;ENST00000389995","T","I",100,"I100M"
"668",21,33039632,31667319,"G","A","E","K",0.586,"ENST00000270142;ENST00000389995","G","E",101,"E101K"
"669",21,33039632,31667319,"G","C","E","Q",0.387,"ENST00000270142;ENST00000389995","G","E",101,"E101Q"
"670",21,33039633,31667320,"A","C","E","A",0.617,"ENST00000270142;ENST00000389995","A","E",101,"E101A"
"671",21,33039633,31667320,"A","G","E","G",0.632,"ENST00000270142;ENST00000389995","A","E",101,"E101G"
"672",21,33039633,31667320,"A","T","E","V",0.482,"ENST00000270142;ENST00000389995","A","E",101,"E101V"
"673",21,33039634,31667321,"A","C","E","D",0.423,"ENST00000270142;ENST00000389995","A","E",101,"E101D"
"674",21,33039634,31667321,"A","T","E","D",0.423,"ENST00000270142;ENST00000389995","A","E",101,"E101D"
"675",21,33039635,31667322,"G","A","D","N",0.827,"ENST00000270142;ENST00000389995","G","D",102,"D102N"
"676",21,33039635,31667322,"G","C","D","H",0.941,"ENST00000270142;ENST00000389995","G","D",102,"D102H"
"677",21,33039635,31667322,"G","T","D","Y",0.901,"ENST00000270142;ENST00000389995","G","D",102,"D102Y"
"678",21,33039636,31667323,"A","C","D","A",0.897,"ENST00000270142;ENST00000389995","A","D",102,"D102A"
"679",21,33039636,31667323,"A","G","D","G",0.952,"ENST00000270142;ENST00000389995","A","D",102,"D102G"
"680",21,33039636,31667323,"A","T","D","V",0.906,"ENST00000270142;ENST00000389995","A","D",102,"D102V"
"681",21,33039637,31667324,"T","A","D","E",0.761,"ENST00000270142;ENST00000389995","T","D",102,"D102E"
"682",21,33039637,31667324,"T","G","D","E",0.761,"ENST00000270142;ENST00000389995","T","D",102,"D102E"
"683",21,33039638,31667325,"T","A","S","T",0.375,"ENST00000270142;ENST00000389995","T","S",103,"S103T"
"684",21,33039638,31667325,"T","C","S","P",0.329,"ENST00000270142;ENST00000389995","T","S",103,"S103P"
"685",21,33039638,31667325,"T","G","S","A",0.245,"ENST00000270142;ENST00000389995","T","S",103,"S103A"
"686",21,33039639,31667326,"C","A","S","Y",0.491,"ENST00000270142;ENST00000389995","C","S",103,"S103Y"
"687",21,33039639,31667326,"C","G","S","C",0.384,"ENST00000270142;ENST00000389995","C","S",103,"S103C"
"688",21,33039639,31667326,"C","T","S","F",0.49,"ENST00000270142;ENST00000389995","C","S",103,"S103F"
"689",21,33039641,31667328,"G","A","V","M",0.405,"ENST00000270142;ENST00000389995","G","V",104,"V104M"
"690",21,33039641,31667328,"G","C","V","L",0.434,"ENST00000270142;ENST00000389995","G","V",104,"V104L"
"691",21,33039641,31667328,"G","T","V","L",0.434,"ENST00000270142;ENST00000389995","G","V",104,"V104L"
"692",21,33039642,31667329,"T","A","V","E",0.441,"ENST00000270142;ENST00000389995","T","V",104,"V104E"
"693",21,33039642,31667329,"T","C","V","A",0.405,"ENST00000270142;ENST00000389995","T","V",104,"V104A"
"694",21,33039642,31667329,"T","G","V","G",0.614,"ENST00000270142;ENST00000389995","T","V",104,"V104G"
"695",21,33039644,31667331,"A","C","I","L",0.553,"ENST00000270142;ENST00000389995","A","I",105,"I105L"
"696",21,33039644,31667331,"A","G","I","V",0.621,"ENST00000270142;ENST00000389995","A","I",105,"I105V"
"697",21,33039644,31667331,"A","T","I","F",0.835,"ENST00000270142;ENST00000389995","A","I",105,"I105F"
"698",21,33039645,31667332,"T","A","I","N",0.857,"ENST00000270142;ENST00000389995","T","I",105,"I105N"
"699",21,33039645,31667332,"T","C","I","T",0.917,"ENST00000270142;ENST00000389995","T","I",105,"I105T"
"700",21,33039645,31667332,"T","G","I","S",0.915,"ENST00000270142;ENST00000389995","T","I",105,"I105S"
"701",21,33039646,31667333,"C","G","I","M",0.69,"ENST00000270142;ENST00000389995","C","I",105,"I105M"
"702",21,33039647,31667334,"T","A","S","T",0.341,"ENST00000270142;ENST00000389995","T","S",106,"S106T"
"703",21,33039647,31667334,"T","C","S","P",0.549,"ENST00000270142;ENST00000389995","T","S",106,"S106P"
"704",21,33039647,31667334,"T","G","S","A",0.399,"ENST00000270142;ENST00000389995","T","S",106,"S106A"
"705",21,33039648,31667335,"C","T","S","L",0.569,"ENST00000270142;ENST00000389995","C","S",106,"S106L"
"706",21,33039650,31667337,"C","A","L","I",0.734,"ENST00000270142;ENST00000389995","C","L",107,"L107I"
"707",21,33039650,31667337,"C","G","L","V",0.841,"ENST00000270142;ENST00000389995","C","L",107,"L107V"
"708",21,33039650,31667337,"C","T","L","F",0.893,"ENST00000270142;ENST00000389995","C","L",107,"L107F"
"709",21,33039651,31667338,"T","A","L","H",0.928,"ENST00000270142;ENST00000389995","T","L",107,"L107H"
"710",21,33039651,31667338,"T","C","L","P",0.95,"ENST00000270142;ENST00000389995","T","L",107,"L107P"
"711",21,33039651,31667338,"T","G","L","R",0.955,"ENST00000270142;ENST00000389995","T","L",107,"L107R"
"712",21,33039653,31667340,"T","A","S","T",0.278,"ENST00000270142;ENST00000389995","T","S",108,"S108T"
"713",21,33039653,31667340,"T","C","S","P",0.468,"ENST00000270142;ENST00000389995","T","S",108,"S108P"
"714",21,33039653,31667340,"T","G","S","A",0.312,"ENST00000270142;ENST00000389995","T","S",108,"S108A"
"715",21,33039654,31667341,"C","T","S","L",0.277,"ENST00000270142;ENST00000389995","C","S",108,"S108L"
"716",21,33039656,31667343,"G","A","G","R",0.891,"ENST00000270142;ENST00000389995","G","G",109,"G109R"
"717",21,33039656,31667343,"G","C","G","R",0.891,"ENST00000270142;ENST00000389995","G","G",109,"G109R"
"718",21,33039657,31667344,"G","A","G","E",0.898,"ENST00000270142;ENST00000389995","G","G",109,"G109E"
"719",21,33039657,31667344,"G","C","G","A",0.884,"ENST00000270142;ENST00000389995","G","G",109,"G109A"
"720",21,33039657,31667344,"G","T","G","V",0.908,"ENST00000270142;ENST00000389995","G","G",109,"G109V"
"721",21,33039659,31667346,"G","A","D","N",0.29,"ENST00000270142;ENST00000389995","G","D",110,"D110N"
"722",21,33039659,31667346,"G","C","D","H",0.343,"ENST00000270142;ENST00000389995","G","D",110,"D110H"
"723",21,33039659,31667346,"G","T","D","Y",0.612,"ENST00000270142;ENST00000389995","G","D",110,"D110Y"
"724",21,33039660,31667347,"A","C","D","A",0.228,"ENST00000270142;ENST00000389995","A","D",110,"D110A"
"725",21,33039660,31667347,"A","G","D","G",0.306,"ENST00000270142;ENST00000389995","A","D",110,"D110G"
"726",21,33039660,31667347,"A","T","D","V",0.28,"ENST00000270142;ENST00000389995","A","D",110,"D110V"
"727",21,33039661,31667348,"C","A","D","E",0.239,"ENST00000270142;ENST00000389995","C","D",110,"D110E"
"728",21,33039661,31667348,"C","G","D","E",0.239,"ENST00000270142;ENST00000389995","C","D",110,"D110E"
"729",21,33039662,31667349,"C","A","H","N",0.187,"ENST00000270142;ENST00000389995","C","H",111,"H111N"
"730",21,33039662,31667349,"C","G","H","D",0.233,"ENST00000270142;ENST00000389995","C","H",111,"H111D"
"731",21,33039662,31667349,"C","T","H","Y",0.185,"ENST00000270142;ENST00000389995","C","H",111,"H111Y"
"732",21,33039663,31667350,"A","C","H","P",0.567,"ENST00000270142;ENST00000389995","A","H",111,"H111P"
"733",21,33039663,31667350,"A","G","H","R",0.368,"ENST00000270142;ENST00000389995","A","H",111,"H111R"
"734",21,33039663,31667350,"A","T","H","L",0.388,"ENST00000270142;ENST00000389995","A","H",111,"H111L"
"735",21,33039664,31667351,"T","A","H","Q",0.347,"ENST00000270142;ENST00000389995","T","H",111,"H111Q"
"736",21,33039664,31667351,"T","G","H","Q",0.347,"ENST00000270142;ENST00000389995","T","H",111,"H111Q"
"737",21,33039665,31667352,"T","A","C","S",0.412,"ENST00000270142;ENST00000389995","T","C",112,"C112S"
"738",21,33039665,31667352,"T","C","C","R",0.545,"ENST00000270142;ENST00000389995","T","C",112,"C112R"
"739",21,33039665,31667352,"T","G","C","G",0.488,"ENST00000270142;ENST00000389995","T","C",112,"C112G"
"740",21,33039666,31667353,"G","A","C","Y",0.653,"ENST00000270142;ENST00000389995","G","C",112,"C112Y"
"741",21,33039666,31667353,"G","C","C","S",0.358,"ENST00000270142;ENST00000389995","G","C",112,"C112S"
"742",21,33039666,31667353,"G","T","C","F",0.624,"ENST00000270142;ENST00000389995","G","C",112,"C112F"
"743",21,33039667,31667354,"C","G","C","W",0.599,"ENST00000270142;ENST00000389995","C","C",112,"C112W"
"744",21,33039668,31667355,"A","C","I","L",0.73,"ENST00000270142;ENST00000389995","A","I",113,"I113L"
"745",21,33039668,31667355,"A","G","I","V",0.469,"ENST00000270142;ENST00000389995","A","I",113,"I113V"
"746",21,33039668,31667355,"A","T","I","F",0.873,"ENST00000270142;ENST00000389995","A","I",113,"I113F"
"747",21,33039669,31667356,"T","A","I","N",0.94,"ENST00000270142;ENST00000389995","T","I",113,"I113N"
"748",21,33039669,31667356,"T","C","I","T",0.966,"ENST00000270142;ENST00000389995","T","I",113,"I113T"
"749",21,33039669,31667356,"T","G","I","S",0.965,"ENST00000270142;ENST00000389995","T","I",113,"I113S"
"750",21,33039670,31667357,"C","G","I","M",0.891,"ENST00000270142;ENST00000389995","C","I",113,"I113M"
"751",21,33039671,31667358,"A","C","I","L",0.825,"ENST00000270142;ENST00000389995","A","I",114,"I114L"
"752",21,33039671,31667358,"A","G","I","V",0.542,"ENST00000270142;ENST00000389995","A","I",114,"I114V"
"753",21,33039671,31667358,"A","T","I","F",0.961,"ENST00000270142;ENST00000389995","A","I",114,"I114F"
"754",21,33039672,31667359,"T","A","I","N",0.963,"ENST00000270142;ENST00000389995","T","I",114,"I114N"
"755",21,33039672,31667359,"T","C","I","T",0.985,"ENST00000270142;ENST00000389995","T","I",114,"I114T"
"756",21,33039672,31667359,"T","G","I","S",0.983,"ENST00000270142;ENST00000389995","T","I",114,"I114S"
"757",21,33039673,31667360,"T","G","I","M",0.868,"ENST00000270142;ENST00000389995","T","I",114,"I114M"
"758",21,33039674,31667361,"G","A","G","S",0.942,"ENST00000270142;ENST00000389995","G","G",115,"G115S"
"759",21,33039674,31667361,"G","C","G","R",0.962,"ENST00000270142;ENST00000389995","G","G",115,"G115R"
"760",21,33039674,31667361,"G","T","G","C",0.928,"ENST00000270142;ENST00000389995","G","G",115,"G115C"
"761",21,33039675,31667362,"G","A","G","D",0.97,"ENST00000270142;ENST00000389995","G","G",115,"G115D"
"762",21,33039675,31667362,"G","C","G","A",0.956,"ENST00000270142;ENST00000389995","G","G",115,"G115A"
"763",21,33039675,31667362,"G","T","G","V",0.937,"ENST00000270142;ENST00000389995","G","G",115,"G115V"
"764",21,33039677,31667364,"C","A","R","S",0.964,"ENST00000270142;ENST00000389995","C","R",116,"R116S"
"765",21,33039677,31667364,"C","G","R","G",0.974,"ENST00000270142;ENST00000389995","C","R",116,"R116G"
"766",21,33039677,31667364,"C","T","R","C",0.98,"ENST00000270142;ENST00000389995","C","R",116,"R116C"
"767",21,33039678,31667365,"G","A","R","H",0.952,"ENST00000270142;ENST00000389995","G","R",116,"R116H"
"768",21,33039678,31667365,"G","C","R","P",0.977,"ENST00000270142;ENST00000389995","G","R",116,"R116P"
"769",21,33039678,31667365,"G","T","R","L",0.978,"ENST00000270142;ENST00000389995","G","R",116,"R116L"
"770",21,33039680,31667367,"A","C","T","P",0.946,"ENST00000270142;ENST00000389995","A","T",117,"T117P"
"771",21,33039680,31667367,"A","G","T","A",0.86,"ENST00000270142;ENST00000389995","A","T",117,"T117A"
"772",21,33039680,31667367,"A","T","T","S",0.797,"ENST00000270142;ENST00000389995","A","T",117,"T117S"
"773",21,33039681,31667368,"C","A","T","K",0.939,"ENST00000270142;ENST00000389995","C","T",117,"T117K"
"774",21,33039681,31667368,"C","G","T","R",0.95,"ENST00000270142;ENST00000389995","C","T",117,"T117R"
"775",21,33039681,31667368,"C","T","T","I",0.937,"ENST00000270142;ENST00000389995","C","T",117,"T117I"
"776",21,33039683,31667370,"C","A","L","M",0.448,"ENST00000270142;ENST00000389995","C","L",118,"L118M"
"777",21,33039683,31667370,"C","G","L","V",0.517,"ENST00000270142;ENST00000389995","C","L",118,"L118V"
"778",21,33039684,31667371,"T","A","L","Q",0.823,"ENST00000270142;ENST00000389995","T","L",118,"L118Q"
"779",21,33039684,31667371,"T","C","L","P",0.902,"ENST00000270142;ENST00000389995","T","L",118,"L118P"
"780",21,33039684,31667371,"T","G","L","R",0.836,"ENST00000270142;ENST00000389995","T","L",118,"L118R"
"781",21,33039686,31667373,"G","A","V","M",0.917,"ENST00000270142;ENST00000389995","G","V",119,"V119M"
"782",21,33039686,31667373,"G","C","V","L",0.929,"ENST00000270142;ENST00000389995","G","V",119,"V119L"
"783",21,33039686,31667373,"G","T","V","L",0.931,"ENST00000270142;ENST00000389995","G","V",119,"V119L"
"784",21,33039687,31667374,"T","A","V","E",0.977,"ENST00000270142;ENST00000389995","T","V",119,"V119E"
"785",21,33039687,31667374,"T","C","V","A",0.971,"ENST00000270142;ENST00000389995","T","V",119,"V119A"
"786",21,33039687,31667374,"T","G","V","G",0.964,"ENST00000270142;ENST00000389995","T","V",119,"V119G"
"787",21,33040784,31668471,"G","A","V","I",0.516,"ENST00000270142;ENST00000389995","G","V",120,"V120I"
"788",21,33040784,31668471,"G","C","V","L",0.785,"ENST00000270142;ENST00000389995","G","V",120,"V120L"
"789",21,33040784,31668471,"G","T","V","F",0.917,"ENST00000270142;ENST00000389995","G","V",120,"V120F"
"790",21,33040785,31668472,"T","A","V","D",0.974,"ENST00000270142;ENST00000389995","T","V",120,"V120D"
"791",21,33040785,31668472,"T","C","V","A",0.953,"ENST00000270142;ENST00000389995","T","V",120,"V120A"
"792",21,33040785,31668472,"T","G","V","G",0.978,"ENST00000270142;ENST00000389995","T","V",120,"V120G"
"793",21,33040787,31668474,"C","A","H","N",0.874,"ENST00000270142;ENST00000389995","C","H",121,"H121N"
"794",21,33040787,31668474,"C","G","H","D",0.945,"ENST00000270142;ENST00000389995","C","H",121,"H121D"
"795",21,33040787,31668474,"C","T","H","Y",0.954,"ENST00000270142;ENST00000389995","C","H",121,"H121Y"
"796",21,33040788,31668475,"A","C","H","P",0.96,"ENST00000270142;ENST00000389995","A","H",121,"H121P"
"797",21,33040788,31668475,"A","G","H","R",0.967,"ENST00000270142;ENST00000389995","A","H",121,"H121R"
"798",21,33040788,31668475,"A","T","H","L",0.95,"ENST00000270142;ENST00000389995","A","H",121,"H121L"
"799",21,33040789,31668476,"T","A","H","Q",0.9,"ENST00000270142;ENST00000389995","T","H",121,"H121Q"
"800",21,33040789,31668476,"T","G","H","Q",0.9,"ENST00000270142;ENST00000389995","T","H",121,"H121Q"
"801",21,33040790,31668477,"G","A","E","K",0.863,"ENST00000270142;ENST00000389995","G","E",122,"E122K"
"802",21,33040790,31668477,"G","C","E","Q",0.807,"ENST00000270142;ENST00000389995","G","E",122,"E122Q"
"803",21,33040791,31668478,"A","C","E","A",0.643,"ENST00000270142;ENST00000389995","A","E",122,"E122A"
"804",21,33040791,31668478,"A","G","E","G",0.928,"ENST00000270142;ENST00000389995","A","E",122,"E122G"
"805",21,33040791,31668478,"A","T","E","V",0.877,"ENST00000270142;ENST00000389995","A","E",122,"E122V"
"806",21,33040792,31668479,"A","C","E","D",0.717,"ENST00000270142;ENST00000389995","A","E",122,"E122D"
"807",21,33040792,31668479,"A","T","E","D",0.717,"ENST00000270142;ENST00000389995","A","E",122,"E122D"
"808",21,33040793,31668480,"A","C","K","Q",0.732,"ENST00000270142;ENST00000389995","A","K",123,"K123Q"
"809",21,33040793,31668480,"A","G","K","E",0.754,"ENST00000270142;ENST00000389995","A","K",123,"K123E"
"810",21,33040794,31668481,"A","C","K","T",0.822,"ENST00000270142;ENST00000389995","A","K",123,"K123T"
"811",21,33040794,31668481,"A","G","K","R",0.58,"ENST00000270142;ENST00000389995","A","K",123,"K123R"
"812",21,33040794,31668481,"A","T","K","I",0.836,"ENST00000270142;ENST00000389995","A","K",123,"K123I"
"813",21,33040795,31668482,"A","C","K","N",0.598,"ENST00000270142;ENST00000389995","A","K",123,"K123N"
"814",21,33040795,31668482,"A","T","K","N",0.598,"ENST00000270142;ENST00000389995","A","K",123,"K123N"
"815",21,33040796,31668483,"G","A","A","T",0.441,"ENST00000270142;ENST00000389995","G","A",124,"A124T"
"816",21,33040796,31668483,"G","C","A","P",0.412,"ENST00000270142;ENST00000389995","G","A",124,"A124P"
"817",21,33040796,31668483,"G","T","A","S",0.43,"ENST00000270142;ENST00000389995","G","A",124,"A124S"
"818",21,33040797,31668484,"C","A","A","E",0.411,"ENST00000270142;ENST00000389995","C","A",124,"A124E"
"819",21,33040797,31668484,"C","G","A","G",0.426,"ENST00000270142;ENST00000389995","C","A",124,"A124G"
"820",21,33040797,31668484,"C","T","A","V",0.437,"ENST00000270142;ENST00000389995","C","A",124,"A124V"
"821",21,33040799,31668486,"G","A","D","N",0.836,"ENST00000270142;ENST00000389995","G","D",125,"D125N"
"822",21,33040799,31668486,"G","C","D","H",0.951,"ENST00000270142;ENST00000389995","G","D",125,"D125H"
"823",21,33040799,31668486,"G","T","D","Y",0.968,"ENST00000270142;ENST00000389995","G","D",125,"D125Y"
"824",21,33040800,31668487,"A","C","D","A",0.979,"ENST00000270142;ENST00000389995","A","D",125,"D125A"
"825",21,33040800,31668487,"A","G","D","G",0.992,"ENST00000270142;ENST00000389995","A","D",125,"D125G"
"826",21,33040800,31668487,"A","T","D","V",0.986,"ENST00000270142;ENST00000389995","A","D",125,"D125V"
"827",21,33040801,31668488,"T","A","D","E",0.909,"ENST00000270142;ENST00000389995","T","D",125,"D125E"
"828",21,33040801,31668488,"T","G","D","E",0.909,"ENST00000270142;ENST00000389995","T","D",125,"D125E"
"829",21,33040802,31668489,"G","A","D","N",0.848,"ENST00000270142;ENST00000389995","G","D",126,"D126N"
"830",21,33040802,31668489,"G","C","D","H",0.961,"ENST00000270142;ENST00000389995","G","D",126,"D126H"
"831",21,33040802,31668489,"G","T","D","Y",0.967,"ENST00000270142;ENST00000389995","G","D",126,"D126Y"
"832",21,33040803,31668490,"A","C","D","A",0.953,"ENST00000270142;ENST00000389995","A","D",126,"D126A"
"833",21,33040803,31668490,"A","G","D","G",0.916,"ENST00000270142;ENST00000389995","A","D",126,"D126G"
"834",21,33040803,31668490,"A","T","D","V",0.961,"ENST00000270142;ENST00000389995","A","D",126,"D126V"
"835",21,33040804,31668491,"C","A","D","E",0.894,"ENST00000270142;ENST00000389995","C","D",126,"D126E"
"836",21,33040804,31668491,"C","G","D","E",0.894,"ENST00000270142;ENST00000389995","C","D",126,"D126E"
"837",21,33040805,31668492,"T","A","L","M",0.804,"ENST00000270142;ENST00000389995","T","L",127,"L127M"
"838",21,33040805,31668492,"T","G","L","V",0.85,"ENST00000270142;ENST00000389995","T","L",127,"L127V"
"839",21,33040806,31668493,"T","C","L","S",0.987,"ENST00000270142;ENST00000389995","T","L",127,"L127S"
"840",21,33040806,31668493,"T","G","L","W",0.934,"ENST00000270142;ENST00000389995","T","L",127,"L127W"
"841",21,33040807,31668494,"G","C","L","F",0.876,"ENST00000270142;ENST00000389995","G","L",127,"L127F"
"842",21,33040807,31668494,"G","T","L","F",0.876,"ENST00000270142;ENST00000389995","G","L",127,"L127F"
"843",21,33040808,31668495,"G","A","G","S",0.888,"ENST00000270142;ENST00000389995","G","G",128,"G128S"
"844",21,33040808,31668495,"G","C","G","R",0.938,"ENST00000270142;ENST00000389995","G","G",128,"G128R"
"845",21,33040808,31668495,"G","T","G","C",0.908,"ENST00000270142;ENST00000389995","G","G",128,"G128C"
"846",21,33040809,31668496,"G","A","G","D",0.966,"ENST00000270142;ENST00000389995","G","G",128,"G128D"
"847",21,33040809,31668496,"G","C","G","A",0.902,"ENST00000270142;ENST00000389995","G","G",128,"G128A"
"848",21,33040809,31668496,"G","T","G","V",0.946,"ENST00000270142;ENST00000389995","G","G",128,"G128V"
"849",21,33040811,31668498,"A","C","K","Q",0.716,"ENST00000270142;ENST00000389995","A","K",129,"K129Q"
"850",21,33040811,31668498,"A","G","K","E",0.788,"ENST00000270142;ENST00000389995","A","K",129,"K129E"
"851",21,33040812,31668499,"A","C","K","T",0.677,"ENST00000270142;ENST00000389995","A","K",129,"K129T"
"852",21,33040812,31668499,"A","G","K","R",0.493,"ENST00000270142;ENST00000389995","A","K",129,"K129R"
"853",21,33040812,31668499,"A","T","K","I",0.744,"ENST00000270142;ENST00000389995","A","K",129,"K129I"
"854",21,33040813,31668500,"A","C","K","N",0.83,"ENST00000270142;ENST00000389995","A","K",129,"K129N"
"855",21,33040813,31668500,"A","T","K","N",0.831,"ENST00000270142;ENST00000389995","A","K",129,"K129N"
"856",21,33040814,31668501,"G","A","G","S",0.892,"ENST00000270142;ENST00000389995","G","G",130,"G130S"
"857",21,33040814,31668501,"G","C","G","R",0.953,"ENST00000270142;ENST00000389995","G","G",130,"G130R"
"858",21,33040814,31668501,"G","T","G","C",0.946,"ENST00000270142;ENST00000389995","G","G",130,"G130C"
"859",21,33040815,31668502,"G","A","G","D",0.937,"ENST00000270142;ENST00000389995","G","G",130,"G130D"
"860",21,33040815,31668502,"G","C","G","A",0.945,"ENST00000270142;ENST00000389995","G","G",130,"G130A"
"861",21,33040815,31668502,"G","T","G","V",0.948,"ENST00000270142;ENST00000389995","G","G",130,"G130V"
"862",21,33040817,31668504,"G","A","G","R",0.917,"ENST00000270142;ENST00000389995","G","G",131,"G131R"
"863",21,33040817,31668504,"G","C","G","R",0.917,"ENST00000270142;ENST00000389995","G","G",131,"G131R"
"864",21,33040818,31668505,"G","A","G","E",0.746,"ENST00000270142;ENST00000389995","G","G",131,"G131E"
"865",21,33040818,31668505,"G","C","G","A",0.871,"ENST00000270142;ENST00000389995","G","G",131,"G131A"
"866",21,33040818,31668505,"G","T","G","V",0.853,"ENST00000270142;ENST00000389995","G","G",131,"G131V"
"867",21,33040820,31668507,"A","C","N","H",0.531,"ENST00000270142;ENST00000389995","A","N",132,"N132H"
"868",21,33040820,31668507,"A","G","N","D",0.545,"ENST00000270142;ENST00000389995","A","N",132,"N132D"
"869",21,33040820,31668507,"A","T","N","Y",0.854,"ENST00000270142;ENST00000389995","A","N",132,"N132Y"
"870",21,33040821,31668508,"A","C","N","T",0.855,"ENST00000270142;ENST00000389995","A","N",132,"N132T"
"871",21,33040821,31668508,"A","G","N","S",0.777,"ENST00000270142;ENST00000389995","A","N",132,"N132S"
"872",21,33040821,31668508,"A","T","N","I",0.917,"ENST00000270142;ENST00000389995","A","N",132,"N132I"
"873",21,33040822,31668509,"T","A","N","K",0.748,"ENST00000270142;ENST00000389995","T","N",132,"N132K"
"874",21,33040822,31668509,"T","G","N","K",0.748,"ENST00000270142;ENST00000389995","T","N",132,"N132K"
"875",21,33040823,31668510,"G","A","E","K",0.719,"ENST00000270142;ENST00000389995","G","E",133,"E133K"
"876",21,33040823,31668510,"G","C","E","Q",0.752,"ENST00000270142;ENST00000389995","G","E",133,"E133Q"
"877",21,33040824,31668511,"A","C","E","A",0.679,"ENST00000270142;ENST00000389995","A","E",133,"E133A"
"878",21,33040824,31668511,"A","G","E","G",0.779,"ENST00000270142;ENST00000389995","A","E",133,"E133G"
"879",21,33040824,31668511,"A","T","E","V",0.786,"ENST00000270142;ENST00000389995","A","E",133,"E133V"
"880",21,33040825,31668512,"A","C","E","D",0.445,"ENST00000270142;ENST00000389995","A","E",133,"E133D"
"881",21,33040825,31668512,"A","T","E","D",0.446,"ENST00000270142;ENST00000389995","A","E",133,"E133D"
"882",21,33040826,31668513,"G","A","E","K",0.831,"ENST00000270142;ENST00000389995","G","E",134,"E134K"
"883",21,33040826,31668513,"G","C","E","Q",0.728,"ENST00000270142;ENST00000389995","G","E",134,"E134Q"
"884",21,33040827,31668514,"A","C","E","A",0.845,"ENST00000270142;ENST00000389995","A","E",134,"E134A"
"885",21,33040827,31668514,"A","G","E","G",0.903,"ENST00000270142;ENST00000389995","A","E",134,"E134G"
"886",21,33040827,31668514,"A","T","E","V",0.883,"ENST00000270142;ENST00000389995","A","E",134,"E134V"
"887",21,33040828,31668515,"A","C","E","D",0.732,"ENST00000270142;ENST00000389995","A","E",134,"E134D"
"888",21,33040828,31668515,"A","T","E","D",0.732,"ENST00000270142;ENST00000389995","A","E",134,"E134D"
"889",21,33040829,31668516,"A","C","S","R",0.981,"ENST00000270142;ENST00000389995","A","S",135,"S135R"
"890",21,33040829,31668516,"A","G","S","G",0.976,"ENST00000270142;ENST00000389995","A","S",135,"S135G"
"891",21,33040829,31668516,"A","T","S","C",0.963,"ENST00000270142;ENST00000389995","A","S",135,"S135C"
"892",21,33040830,31668517,"G","A","S","N",0.919,"ENST00000270142;ENST00000389995","G","S",135,"S135N"
"893",21,33040830,31668517,"G","C","S","T",0.952,"ENST00000270142;ENST00000389995","G","S",135,"S135T"
"894",21,33040830,31668517,"G","T","S","I",0.959,"ENST00000270142;ENST00000389995","G","S",135,"S135I"
"895",21,33040831,31668518,"T","A","S","R",0.928,"ENST00000270142;ENST00000389995","T","S",135,"S135R"
"896",21,33040831,31668518,"T","G","S","R",0.928,"ENST00000270142;ENST00000389995","T","S",135,"S135R"
"897",21,33040832,31668519,"A","C","T","P",0.62,"ENST00000270142;ENST00000389995","A","T",136,"T136P"
"898",21,33040832,31668519,"A","G","T","A",0.503,"ENST00000270142;ENST00000389995","A","T",136,"T136A"
"899",21,33040832,31668519,"A","T","T","S",0.443,"ENST00000270142;ENST00000389995","A","T",136,"T136S"
"900",21,33040833,31668520,"C","A","T","K",0.427,"ENST00000270142;ENST00000389995","C","T",136,"T136K"
"901",21,33040833,31668520,"C","G","T","R",0.588,"ENST00000270142;ENST00000389995","C","T",136,"T136R"
"902",21,33040833,31668520,"C","T","T","I",0.555,"ENST00000270142;ENST00000389995","C","T",136,"T136I"
"903",21,33040835,31668522,"A","C","K","Q",0.668,"ENST00000270142;ENST00000389995","A","K",137,"K137Q"
"904",21,33040835,31668522,"A","G","K","E",0.774,"ENST00000270142;ENST00000389995","A","K",137,"K137E"
"905",21,33040836,31668523,"A","C","K","T",0.709,"ENST00000270142;ENST00000389995","A","K",137,"K137T"
"906",21,33040836,31668523,"A","G","K","R",0.653,"ENST00000270142;ENST00000389995","A","K",137,"K137R"
"907",21,33040836,31668523,"A","T","K","M",0.863,"ENST00000270142;ENST00000389995","A","K",137,"K137M"
"908",21,33040837,31668524,"G","C","K","N",0.741,"ENST00000270142;ENST00000389995","G","K",137,"K137N"
"909",21,33040837,31668524,"G","T","K","N",0.741,"ENST00000270142;ENST00000389995","G","K",137,"K137N"
"910",21,33040838,31668525,"A","C","T","P",0.978,"ENST00000270142;ENST00000389995","A","T",138,"T138P"
"911",21,33040838,31668525,"A","G","T","A",0.989,"ENST00000270142;ENST00000389995","A","T",138,"T138A"
"912",21,33040838,31668525,"A","T","T","S",0.962,"ENST00000270142;ENST00000389995","A","T",138,"T138S"
"913",21,33040839,31668526,"C","A","T","K",0.939,"ENST00000270142;ENST00000389995","C","T",138,"T138K"
"914",21,33040839,31668526,"C","G","T","R",0.959,"ENST00000270142;ENST00000389995","C","T",138,"T138R"
"915",21,33040839,31668526,"C","T","T","I",0.941,"ENST00000270142;ENST00000389995","C","T",138,"T138I"
"916",21,33040841,31668528,"G","A","G","R",0.946,"ENST00000270142;ENST00000389995","G","G",139,"G139R"
"917",21,33040841,31668528,"G","C","G","R",0.946,"ENST00000270142;ENST00000389995","G","G",139,"G139R"
"918",21,33040842,31668529,"G","A","G","E",0.951,"ENST00000270142;ENST00000389995","G","G",139,"G139E"
"919",21,33040842,31668529,"G","C","G","A",0.946,"ENST00000270142;ENST00000389995","G","G",139,"G139A"
"920",21,33040842,31668529,"G","T","G","V",0.945,"ENST00000270142;ENST00000389995","G","G",139,"G139V"
"921",21,33040844,31668531,"A","C","N","H",0.9,"ENST00000270142;ENST00000389995","A","N",140,"N140H"
"922",21,33040844,31668531,"A","G","N","D",0.906,"ENST00000270142;ENST00000389995","A","N",140,"N140D"
"923",21,33040844,31668531,"A","T","N","Y",0.95,"ENST00000270142;ENST00000389995","A","N",140,"N140Y"
"924",21,33040845,31668532,"A","C","N","T",0.948,"ENST00000270142;ENST00000389995","A","N",140,"N140T"
"925",21,33040845,31668532,"A","G","N","S",0.915,"ENST00000270142;ENST00000389995","A","N",140,"N140S"
"926",21,33040845,31668532,"A","T","N","I",0.929,"ENST00000270142;ENST00000389995","A","N",140,"N140I"
"927",21,33040846,31668533,"C","A","N","K",0.871,"ENST00000270142;ENST00000389995","C","N",140,"N140K"
"928",21,33040846,31668533,"C","G","N","K",0.871,"ENST00000270142;ENST00000389995","C","N",140,"N140K"
"929",21,33040847,31668534,"G","A","A","T",0.927,"ENST00000270142;ENST00000389995","G","A",141,"A141T"
"930",21,33040847,31668534,"G","C","A","P",0.967,"ENST00000270142;ENST00000389995","G","A",141,"A141P"
"931",21,33040847,31668534,"G","T","A","S",0.848,"ENST00000270142;ENST00000389995","G","A",141,"A141S"
"932",21,33040848,31668535,"C","A","A","D",0.946,"ENST00000270142;ENST00000389995","C","A",141,"A141D"
"933",21,33040848,31668535,"C","G","A","G",0.937,"ENST00000270142;ENST00000389995","C","A",141,"A141G"
"934",21,33040848,31668535,"C","T","A","V",0.952,"ENST00000270142;ENST00000389995","C","A",141,"A141V"
"935",21,33040850,31668537,"G","A","G","R",0.927,"ENST00000270142;ENST00000389995","G","G",142,"G142R"
"936",21,33040850,31668537,"G","C","G","R",0.927,"ENST00000270142;ENST00000389995","G","G",142,"G142R"
"937",21,33040851,31668538,"G","A","G","E",0.959,"ENST00000270142;ENST00000389995","G","G",142,"G142E"
"938",21,33040851,31668538,"G","C","G","A",0.932,"ENST00000270142;ENST00000389995","G","G",142,"G142A"
"939",21,33040851,31668538,"G","T","G","V",0.957,"ENST00000270142;ENST00000389995","G","G",142,"G142V"
"940",21,33040853,31668540,"A","C","S","R",0.647,"ENST00000270142;ENST00000389995","A","S",143,"S143R"
"941",21,33040853,31668540,"A","G","S","G",0.395,"ENST00000270142;ENST00000389995","A","S",143,"S143G"
"942",21,33040853,31668540,"A","T","S","C",0.591,"ENST00000270142;ENST00000389995","A","S",143,"S143C"
"943",21,33040854,31668541,"G","A","S","N",0.39,"ENST00000270142;ENST00000389995","G","S",143,"S143N"
"944",21,33040854,31668541,"G","C","S","T",0.464,"ENST00000270142;ENST00000389995","G","S",143,"S143T"
"945",21,33040854,31668541,"G","T","S","I",0.605,"ENST00000270142;ENST00000389995","G","S",143,"S143I"
"946",21,33040855,31668542,"T","A","S","R",0.7,"ENST00000270142;ENST00000389995","T","S",143,"S143R"
"947",21,33040855,31668542,"T","G","S","R",0.7,"ENST00000270142;ENST00000389995","T","S",143,"S143R"
"948",21,33040856,31668543,"C","A","R","S",0.939,"ENST00000270142;ENST00000389995","C","R",144,"R144S"
"949",21,33040856,31668543,"C","G","R","G",0.942,"ENST00000270142;ENST00000389995","C","R",144,"R144G"
"950",21,33040856,31668543,"C","T","R","C",0.91,"ENST00000270142;ENST00000389995","C","R",144,"R144C"
"951",21,33040857,31668544,"G","A","R","H",0.948,"ENST00000270142;ENST00000389995","G","R",144,"R144H"
"952",21,33040857,31668544,"G","C","R","P",0.955,"ENST00000270142;ENST00000389995","G","R",144,"R144P"
"953",21,33040857,31668544,"G","T","R","L",0.943,"ENST00000270142;ENST00000389995","G","R",144,"R144L"
"954",21,33040859,31668546,"T","A","L","M",0.584,"ENST00000270142;ENST00000389995","T","L",145,"L145M"
"955",21,33040859,31668546,"T","G","L","V",0.595,"ENST00000270142;ENST00000389995","T","L",145,"L145V"
"956",21,33040860,31668547,"T","C","L","S",0.96,"ENST00000270142;ENST00000389995","T","L",145,"L145S"
"957",21,33040860,31668547,"T","G","L","W",0.972,"ENST00000270142;ENST00000389995","T","L",145,"L145W"
"958",21,33040861,31668548,"G","C","L","F",0.915,"ENST00000270142;ENST00000389995","G","L",145,"L145F"
"959",21,33040861,31668548,"G","T","L","F",0.915,"ENST00000270142;ENST00000389995","G","L",145,"L145F"
"960",21,33040862,31668549,"G","A","A","T",0.947,"ENST00000270142;ENST00000389995","G","A",146,"A146T"
"961",21,33040862,31668549,"G","C","A","P",0.948,"ENST00000270142;ENST00000389995","G","A",146,"A146P"
"962",21,33040862,31668549,"G","T","A","S",0.867,"ENST00000270142;ENST00000389995","G","A",146,"A146S"
"963",21,33040863,31668550,"C","A","A","D",0.956,"ENST00000270142;ENST00000389995","C","A",146,"A146D"
"964",21,33040863,31668550,"C","G","A","G",0.881,"ENST00000270142;ENST00000389995","C","A",146,"A146G"
"965",21,33040863,31668550,"C","T","A","V",0.937,"ENST00000270142;ENST00000389995","C","A",146,"A146V"
"966",21,33040865,31668552,"T","A","C","S",0.975,"ENST00000270142;ENST00000389995","T","C",147,"C147S"
"967",21,33040865,31668552,"T","C","C","R",0.983,"ENST00000270142;ENST00000389995","T","C",147,"C147R"
"968",21,33040865,31668552,"T","G","C","G",0.989,"ENST00000270142;ENST00000389995","T","C",147,"C147G"
"969",21,33040866,31668553,"G","A","C","Y",0.982,"ENST00000270142;ENST00000389995","G","C",147,"C147Y"
"970",21,33040866,31668553,"G","C","C","S",0.932,"ENST00000270142;ENST00000389995","G","C",147,"C147S"
"971",21,33040866,31668553,"G","T","C","F",0.97,"ENST00000270142;ENST00000389995","G","C",147,"C147F"
"972",21,33040867,31668554,"T","G","C","W",0.93,"ENST00000270142;ENST00000389995","T","C",147,"C147W"
"973",21,33040868,31668555,"G","A","G","S",0.969,"ENST00000270142;ENST00000389995","G","G",148,"G148S"
"974",21,33040868,31668555,"G","C","G","R",0.967,"ENST00000270142;ENST00000389995","G","G",148,"G148R"
"975",21,33040868,31668555,"G","T","G","C",0.985,"ENST00000270142;ENST00000389995","G","G",148,"G148C"
"976",21,33040869,31668556,"G","A","G","D",0.986,"ENST00000270142;ENST00000389995","G","G",148,"G148D"
"977",21,33040869,31668556,"G","C","G","A",0.91,"ENST00000270142;ENST00000389995","G","G",148,"G148A"
"978",21,33040869,31668556,"G","T","G","V",0.975,"ENST00000270142;ENST00000389995","G","G",148,"G148V"
"979",21,33040871,31668558,"G","A","V","I",0.749,"ENST00000270142;ENST00000389995","G","V",149,"V149I"
"980",21,33040871,31668558,"G","C","V","L",0.884,"ENST00000270142;ENST00000389995","G","V",149,"V149L"
"981",21,33040871,31668558,"G","T","V","L",0.884,"ENST00000270142;ENST00000389995","G","V",149,"V149L"
"982",21,33040872,31668559,"T","A","V","E",0.948,"ENST00000270142;ENST00000389995","T","V",149,"V149E"
"983",21,33040872,31668559,"T","C","V","A",0.92,"ENST00000270142;ENST00000389995","T","V",149,"V149A"
"984",21,33040872,31668559,"T","G","V","G",0.948,"ENST00000270142;ENST00000389995","T","V",149,"V149G"
"985",21,33040874,31668561,"A","C","I","L",0.823,"ENST00000270142;ENST00000389995","A","I",150,"I150L"
"986",21,33040874,31668561,"A","G","I","V",0.604,"ENST00000270142;ENST00000389995","A","I",150,"I150V"
"987",21,33040874,31668561,"A","T","I","F",0.934,"ENST00000270142;ENST00000389995","A","I",150,"I150F"
"988",21,33040875,31668562,"T","A","I","N",0.942,"ENST00000270142;ENST00000389995","T","I",150,"I150N"
"989",21,33040875,31668562,"T","C","I","T",0.968,"ENST00000270142;ENST00000389995","T","I",150,"I150T"
"990",21,33040875,31668562,"T","G","I","S",0.977,"ENST00000270142;ENST00000389995","T","I",150,"I150S"
"991",21,33040876,31668563,"T","G","I","M",0.807,"ENST00000270142;ENST00000389995","T","I",150,"I150M"
"992",21,33040877,31668564,"G","A","G","R",0.948,"ENST00000270142;ENST00000389995","G","G",151,"G151R"
"993",21,33040877,31668564,"G","C","G","R",0.948,"ENST00000270142;ENST00000389995","G","G",151,"G151R"
"994",21,33040877,31668564,"G","T","G","W",0.955,"ENST00000270142;ENST00000389995","G","G",151,"G151W"
"995",21,33040878,31668565,"G","A","G","E",0.941,"ENST00000270142;ENST00000389995","G","G",151,"G151E"
"996",21,33040878,31668565,"G","C","G","A",0.928,"ENST00000270142;ENST00000389995","G","G",151,"G151A"
"997",21,33040878,31668565,"G","T","G","V",0.94,"ENST00000270142;ENST00000389995","G","G",151,"G151V"
"998",21,33040880,31668567,"A","C","I","L",0.565,"ENST00000270142;ENST00000389995","A","I",152,"I152L"
"999",21,33040880,31668567,"A","G","I","V",0.605,"ENST00000270142;ENST00000389995","A","I",152,"I152V"
"1000",21,33040880,31668567,"A","T","I","F",0.748,"ENST00000270142;ENST00000389995","A","I",152,"I152F"
"1001",21,33040881,31668568,"T","A","I","N",0.954,"ENST00000270142;ENST00000389995","T","I",152,"I152N"
"1002",21,33040881,31668568,"T","C","I","T",0.947,"ENST00000270142;ENST00000389995","T","I",152,"I152T"
"1003",21,33040881,31668568,"T","G","I","S",0.956,"ENST00000270142;ENST00000389995","T","I",152,"I152S"
"1004",21,33040882,31668569,"C","G","I","M",0.665,"ENST00000270142;ENST00000389995","C","I",152,"I152M"
"1005",21,33040883,31668570,"G","A","A","T",0.582,"ENST00000270142;ENST00000389995","G","A",153,"A153T"
"1006",21,33040883,31668570,"G","C","A","P",0.769,"ENST00000270142;ENST00000389995","G","A",153,"A153P"
"1007",21,33040883,31668570,"G","T","A","S",0.559,"ENST00000270142;ENST00000389995","G","A",153,"A153S"
"1008",21,33040884,31668571,"C","A","A","D",0.737,"ENST00000270142;ENST00000389995","C","A",153,"A153D"
"1009",21,33040884,31668571,"C","G","A","G",0.636,"ENST00000270142;ENST00000389995","C","A",153,"A153G"
"1010",21,33040884,31668571,"C","T","A","V",0.647,"ENST00000270142;ENST00000389995","C","A",153,"A153V"
"1011",21,33040886,31668573,"C","A","Q","K",0.585,"ENST00000270142;ENST00000389995","C","Q",154,"Q154K"
"1012",21,33040886,31668573,"C","G","Q","E",0.578,"ENST00000270142;ENST00000389995","C","Q",154,"Q154E"
"1013",21,33040887,31668574,"A","C","Q","P",0.6,"ENST00000270142;ENST00000389995","A","Q",154,"Q154P"
"1014",21,33040887,31668574,"A","G","Q","R",0.585,"ENST00000270142;ENST00000389995","A","Q",154,"Q154R"
"1015",21,33040887,31668574,"A","T","Q","L",0.617,"ENST00000270142;ENST00000389995","A","Q",154,"Q154L"
"1016",21,33040888,31668575,"A","C","Q","H",0.669,"ENST00000270142;ENST00000389995","A","Q",154,"Q154H"
"1017",21,33040888,31668575,"A","T","Q","H",0.669,"ENST00000270142;ENST00000389995","A","Q",154,"Q154H"
