;ID;abundance_score;abundance_sigma;binding_score;binding_sigma;category_fdr_apca;category_fdr_bpca;Class
1;A1K;0.28728689;0.023468508;0.038248237;0.023037931;high;WT-like;subs
2;A1N;0.341781848;0.025345593;0.067662187;0.023382633;high;high;subs
3;A1T;0.377461437;0.0270196;0.07260074;0.023403628;high;high;subs
4;A1R;0.314671799;0.027738251;0.068737169;0.03968916;high;WT-like;subs
5;A1M;0.301787771;0.020819745;0.040956651;0.021105475;high;high;subs
6;A1I;0.382191967;0.028177814;0.059940844;0.029771956;high;high;subs
7;A1Q;0.243374679;0.020124444;0.039089386;0.021092074;high;high;subs
8;A1H;0.090023279;0.019691497;0.005666559;0.017169206;high;WT-like;subs
9;A1P;-0.526290012;0.037986467;-0.190774845;0.024600815;low;low;subs
10;A1E;0.310594495;0.024703368;0.061630608;0.022100074;high;high;subs
11;A1D;0.247907656;0.021305361;0.052563;0.019996779;high;high;subs
12;T2K;-0.002976843;0.031502796;0.028932641;0.034429424;WT-like;WT-like;subs
13;T2N;0.111581696;0.024751197;-0.002152389;0.02437827;high;WT-like;subs
14;H46N;-0.015543369;0.032732464;-0.003884198;0.020334507;WT-like;WT-like;subs
15;A4K;-0.727741397;0.035776663;-0.507939648;0.024678884;low;low;subs
16;A4N;-0.644115043;0.03032497;-0.497651571;0.025388164;low;low;subs
17;A4T;-0.186209212;0.023381825;-0.159837112;0.021451449;WT-like;low;Likely pathogenic
18;A4R;-0.82063796;0.050389053;-0.596427257;0.043252629;low;low;subs
19;A4M;-0.616342416;0.037659153;-0.359019983;0.028795037;low;low;subs
20;A4I;-0.487960272;0.028511029;-0.447451603;0.031206544;low;low;subs
21;A4Q;-0.768740783;0.043517354;-0.528540271;0.033672545;low;low;subs
22;A4H;-0.749972499;0.049132926;-0.530832723;0.03254619;low;low;subs
23;A4P;-0.945296639;0.04307041;-1.060015034;0.05196994;Stop-like;Stop-like;VOUS
24;A4E;-0.633050907;0.041344612;-0.431677282;0.033354023;low;low;subs
25;A4D;-0.611614034;0.035487147;-0.495439846;0.032502073;low;low;subs
26;V5K;-0.18533697;0.024153641;-0.082905537;0.029236984;WT-like;low;subs
27;V5N;-0.267792161;0.025873874;-0.188534112;0.026343354;low;low;subs
28;V5T;-0.048426015;0.019729276;-0.044846407;0.014951528;WT-like;WT-like;subs
29;V5R;-0.199225173;0.024386211;-0.066790605;0.020515997;low;low;subs
30;V5M;-0.17648156;0.02341207;-0.030213846;0.022042667;WT-like;WT-like;VOUS
31;V5I;-0.135991499;0.022451201;-0.052743582;0.018650759;WT-like;WT-like;subs
32;V5Q;-0.07873095;0.020791767;-0.098867418;0.014534761;WT-like;low;subs
33;V5H;-0.272294887;0.028293607;-0.098811889;0.021636959;low;low;subs
34;V5P;-0.93979867;0.044764601;-0.786134805;0.039379836;Stop-like;low;subs
35;V5E;-0.366813688;0.028699097;-0.308959691;0.024853395;low;low;subs
36;V5D;-0.649529975;0.039920593;-0.515354237;0.031636918;low;low;subs
37;V5A;-0.45423418;0.026361433;-0.189536418;0.016337146;low;low;VOUS
38;V5G;-0.651036676;0.034207587;-0.349127167;0.023289313;low;low;subs
39;C6K;-0.91602652;0.050054996;-0.708088693;0.047650686;Stop-like;low;subs
40;C6N;-0.875021433;0.048758977;-0.736795476;0.050251755;low;low;subs
41;C6T;-0.548671676;0.032222033;-0.242196305;0.023259801;low;low;subs
42;C6R;-0.922421285;0.05147675;-0.769465284;0.04528974;Stop-like;low;subs
43;C6M;-0.913048261;0.052680067;-0.896349541;0.055309201;Stop-like;Stop-like;subs
44;C6I;-0.960235011;0.062642234;-0.920958805;0.062062608;Stop-like;Stop-like;subs
45;C6Q;-0.897427454;0.040926056;-0.78135137;0.040952739;Stop-like;low;subs
46;C6H;-0.851058624;0.0480192;-0.828863637;0.056837195;low;low;subs
47;C6P;-0.936329372;0.044083543;-0.861451685;0.045605172;Stop-like;low;subs
48;C6E;-0.858316744;0.06016318;-0.732073865;0.060457388;low;low;subs
49;C6D;-0.849122982;0.043424695;-0.796548108;0.04491824;low;low;subs
50;C6A;-0.285176445;0.024295698;-0.157650264;0.017608325;low;low;subs
51;C6G;-0.677900011;0.041821639;-0.438780047;0.027928662;low;low;Likely pathogenic
52;C6V;-0.051684102;0.025879358;-0.030638491;0.023216941;WT-like;WT-like;subs
53;C6Y;-0.874781527;0.055433829;-1.030169258;0.093387675;low;Stop-like;subs
54;C6S;-0.587621233;0.036500396;-0.261987714;0.02074996;low;low;Likely pathogenic
55;V7K;0.052250867;0.024893329;0.009149019;0.045153087;high;WT-like;subs
56;V7N;-0.034619643;0.023560089;-0.002518336;0.019813194;WT-like;WT-like;subs
57;V7T;-0.15906295;0.02762423;-0.040231008;0.022480341;WT-like;WT-like;subs
58;V7R;-0.002309969;0.022208087;-0.015213178;0.019315291;WT-like;WT-like;subs
59;V7M;-0.106172494;0.032058056;-0.035522636;0.025605303;WT-like;WT-like;Negative
60;V7I;-0.167374583;0.026711298;-0.049833868;0.019167211;WT-like;WT-like;subs
61;V7Q;-0.162594132;0.023624863;-0.037287905;0.022267179;WT-like;WT-like;subs
62;V7H;-0.381274975;0.032780798;-0.153499104;0.023386991;low;low;subs
63;V7P;-0.893875556;0.04252031;-0.667235011;0.035055176;Stop-like;low;subs
64;V7E;0.059227789;0.024815441;0.013248842;0.036100044;high;WT-like;subs
65;V7D;-0.252101108;0.025318716;-0.069409571;0.018717335;low;low;subs
66;V7A;-0.242923379;0.023320491;-0.080335294;0.017982369;low;low;subs
67;V7G;-0.81103883;0.039439595;-0.428893363;0.023086587;low;low;subs
68;L8K;-0.899633049;0.046235025;-0.617920876;0.030671018;Stop-like;low;subs
69;L8N;-0.838121398;0.040890058;-0.596577542;0.030116062;low;low;subs
70;L8T;-0.767141979;0.039234083;-0.508635242;0.019848883;low;low;subs
71;L8R;-0.89939557;0.062137739;-0.654823785;0.06944659;Stop-like;low;subs
72;L8M;0.044118026;0.025914062;-0.008689508;0.018776537;WT-like;WT-like;subs
73;L8I;0.177890122;0.025104181;0.025421489;0.024610893;high;WT-like;subs
74;L8Q;-0.904386369;0.042735509;-0.680722967;0.034490681;Stop-like;low;VOUS
75;L8H;-0.924510134;0.041307615;-0.803658276;0.037821509;Stop-like;low;subs
76;L8P;-0.955174786;0.049714336;-0.73789061;0.032090889;Stop-like;low;subs
77;H43Y;0.025207435;0.023907843;-0.013985756;0.019272248;WT-like;WT-like;Negative
78;G10K;-0.756580057;0.044523385;-0.444029827;0.047260552;low;low;subs
79;G10N;-0.100449858;0.025148022;-0.032378103;0.039432815;WT-like;WT-like;subs
80;G10T;-0.249516451;0.024657861;-0.092707791;0.025712616;low;low;subs
81;G10R;-0.965193605;0.047827002;-0.614961654;0.076657096;Stop-like;low;subs
82;G10M;-0.60447524;0.038538478;-0.234863088;0.034349342;low;low;subs
83;G10I;-0.817824793;0.054391701;-0.636252617;0.068390695;low;low;subs
84;G10Q;-0.497344295;0.030042722;-0.16387795;0.020390793;low;low;subs
85;G10H;-0.50632455;0.032730578;-0.224681257;0.02373099;low;low;subs
86;G10P;-0.85043779;0.042141608;-0.791035393;0.040220401;low;low;subs
87;G10E;-0.558402792;0.031840129;-0.339941068;0.029001644;low;low;subs
88;G10D;-0.396038466;0.02535831;-0.156630571;0.023868648;low;low;subs
89;G10A;-0.319883454;0.025788673;-0.1312466;0.021789883;low;low;VOUS
90;D11K;0.023900645;0.02257939;-0.006151646;0.018140104;WT-like;WT-like;subs
91;D11N;-0.008119011;0.021544357;0.003544199;0.017908013;WT-like;WT-like;Negative
92;D11T;0.019891759;0.020695665;-0.026326826;0.018302923;WT-like;WT-like;subs
93;D11R;-0.105675029;0.026402004;-0.0462808;0.017132346;WT-like;WT-like;subs
94;D11M;-0.104076632;0.023105045;-0.029720113;0.019126283;WT-like;WT-like;subs
95;D11I;-0.083087292;0.024439974;-0.034329903;0.022140565;WT-like;WT-like;subs
96;D11Q;-0.063414408;0.023095474;-0.06066173;0.020478052;WT-like;low;subs
97;D11H;-0.057333817;0.022979663;-0.051473035;0.017786978;WT-like;WT-like;subs
98;D11P;0.0229961;0.02325141;-0.009819202;0.01996834;WT-like;WT-like;subs
99;D11E;0.043877833;0.0200427;1.78E-05;0.016375293;high;WT-like;Negative
100;G12K;-0.287946885;0.030156009;-0.144072635;0.022650568;low;low;subs
101;G12N;-0.259028347;0.029797144;-0.123105922;0.023650917;low;low;subs
102;G12T;-0.28995193;0.026230167;-0.12226923;0.02238709;low;low;subs
103;G12R;-0.331940585;0.023880786;-0.164648515;0.017046611;low;low;VOUS
104;G12M;-0.387547433;0.024569992;-0.182117984;0.016600184;low;low;subs
105;G12I;-0.515409207;0.028605082;-0.247779209;0.017312455;low;low;subs
106;G12Q;-0.472384275;0.026929008;-0.225418245;0.017494726;low;low;subs
107;G12H;-0.445341694;0.026908406;-0.178736856;0.017407053;low;low;subs
108;G12P;-0.68416981;0.027649005;-0.305425001;0.017661046;low;low;subs
109;G12E;-0.30166345;0.023368477;-0.1141556;0.016756962;low;low;subs
110;G12D;-0.25942728;0.021096475;-0.112384135;0.016099371;low;low;Negative
111;G12A;-0.455433341;0.040080121;-0.145460866;0.024318754;low;low;subs
112;P13K;0.040131227;0.020656261;0.004918514;0.019276594;high;WT-like;subs
113;P13N;0.018315182;0.022924415;-0.040923692;0.01898706;WT-like;WT-like;subs
114;P13T;-0.155150018;0.023081192;-0.094024532;0.018106526;WT-like;low;subs
115;P13R;-0.042587161;0.022942543;-0.036099478;0.019261655;WT-like;WT-like;subs
116;P13M;-0.149653778;0.021333831;-0.07906833;0.015668146;WT-like;low;subs
117;P13I;-0.149768034;0.021803448;-0.053606544;0.016040234;WT-like;WT-like;subs
118;P13Q;-0.156199579;0.024249448;-0.062554688;0.018324348;WT-like;low;subs
119;P13H;-0.108624706;0.023968486;-0.040879856;0.018378682;WT-like;WT-like;subs
120;V14K;-0.425003691;0.025677147;-0.250586739;0.018231935;low;low;subs
121;V14N;-0.639822108;0.033373503;-0.420153043;0.025706597;low;low;subs
122;V14T;-0.064852494;0.028550511;-0.008896344;0.023578105;WT-like;WT-like;subs
123;V14R;-0.278977897;0.029289642;-0.162398179;0.021381126;low;low;subs
124;V14M;-0.101832449;0.027935417;-0.055566757;0.019652651;WT-like;WT-like;Likely pathogenic
125;V14I;0.068244795;0.021921624;0.002515746;0.016284526;high;WT-like;subs
126;V14Q;-0.182498557;0.028910491;-0.080583834;0.023413587;WT-like;low;subs
127;V14H;-0.683723197;0.032406462;-0.380672529;0.020964109;low;low;subs
128;V14P;-0.4570597;0.026505502;-0.239959801;0.019587827;low;low;subs
129;V14E;-0.150564901;0.02674796;-0.10318966;0.021982226;WT-like;low;subs
130;V14D;-0.70276304;0.037532114;-0.501900261;0.026529773;low;low;subs
131;V14A;-0.034743911;0.024718364;-0.040514295;0.020682329;WT-like;WT-like;subs
132;V14G;-0.479846258;0.027768713;-0.237196037;0.021741528;low;low;Likely pathogenic
133;Q15K;0.044332946;0.024274223;0.027561579;0.021886357;high;WT-like;subs
134;Q15N;0.08401032;0.02269604;-0.011841398;0.019256089;high;WT-like;subs
135;Q15T;0.029948618;0.020412688;-0.006060364;0.015226692;WT-like;WT-like;subs
136;Q15R;0.040990866;0.021944435;-0.020956637;0.017890188;high;WT-like;Negative_filt
137;Q15M;0.009633064;0.023255208;-0.005455602;0.018767101;WT-like;WT-like;subs
138;Q15I;-0.025198558;0.021221398;-0.005867267;0.017242971;WT-like;WT-like;subs
139;I18M;-0.191278617;0.021788025;-0.101369332;0.015456462;low;low;Negative
140;G16K;-0.862204882;0.041917872;-0.789946789;0.046346287;low;low;subs
141;G16N;-0.92390284;0.056902922;-0.710996649;0.04420925;Stop-like;low;subs
142;G16T;-0.894918775;0.046406603;-0.893271598;0.063742016;Stop-like;Stop-like;subs
143;G16R;-0.974619293;0.050109112;-0.825006246;0.042190778;Stop-like;low;subs
144;G16M;-0.933207674;0.045044351;-1.019545468;0.055713304;Stop-like;Stop-like;subs
145;G16I;-0.969583048;0.051609082;-1.11917145;0.066532239;Stop-like;Stop-like;subs
146;G16Q;-0.906626829;0.047598691;-0.847071123;0.046203331;Stop-like;low;subs
147;G16H;-0.921844643;0.051216494;-0.861400168;0.057942721;Stop-like;low;subs
148;G16P;-0.91304276;0.035851694;-1.013787797;0.039169274;Stop-like;Stop-like;subs
149;G16E;-0.906392842;0.041255484;-0.790065318;0.036288738;Stop-like;low;subs
150;G16D;-0.919885061;0.066876602;-0.715211512;0.056816054;Stop-like;low;subs
151;G16A;-0.668743504;0.031400575;-0.425887922;0.020759034;low;low;Likely pathogenic
152;I17K;-0.080355046;0.024002188;-0.039639649;0.017478502;WT-like;WT-like;subs
153;I17N;-0.265919039;0.023876384;-0.131157703;0.019802407;low;low;subs
154;I17T;-0.025744055;0.021373443;-0.004461221;0.021262098;WT-like;WT-like;Negative
155;I17R;-0.135249163;0.023185004;-0.067893685;0.019156952;WT-like;low;subs
156;I18K;-0.955203771;0.049037264;-0.771013711;0.039377778;Stop-like;low;subs
157;I18N;-0.929888558;0.055168856;-0.810895972;0.050316434;Stop-like;low;subs
158;I18T;-0.910874317;0.046420377;-0.696920867;0.028939087;Stop-like;low;VOUS
159;I18R;-0.908988485;0.050252194;-0.819136884;0.043588796;Stop-like;low;subs
160;G37R;-0.65467451;0.035574281;-0.255704401;0.0254155;low;low;Pathogenic
161;V47G;-0.906151317;0.0622706;-0.852163571;0.053964981;Stop-like;low;subs
162;F20K;-0.943038679;0.045579954;-0.737749764;0.031681695;Stop-like;low;subs
163;F20N;-0.897624837;0.042010218;-0.747246062;0.030075399;Stop-like;low;subs
164;F20T;-0.920936056;0.058011772;-0.76524065;0.054213918;Stop-like;low;subs
165;F20R;-0.913854179;0.05293875;-0.760946141;0.044327771;Stop-like;low;subs
166;F20M;-0.272930006;0.027811872;-0.11550897;0.018623342;low;low;subs
167;F20I;-0.519724545;0.028500635;-0.296395799;0.019787806;low;low;subs
168;F20Q;-0.901819496;0.03938368;-0.731617633;0.033980135;Stop-like;low;subs
169;F20H;-0.927564291;0.039493318;-0.745437318;0.02799859;Stop-like;low;subs
170;F20P;-0.936183557;0.058823621;-0.739659394;0.050287148;Stop-like;low;subs
171;F20E;-0.837423871;0.038663579;-0.693004705;0.033439161;low;low;subs
172;F20D;-0.917275362;0.03729277;-0.739789277;0.02877913;Stop-like;low;subs
173;F20A;-0.849988332;0.039637002;-0.678017637;0.02772831;low;low;subs
174;F20G;-0.950730701;0.044738678;-0.766177734;0.036980857;Stop-like;low;subs
175;F20V;-0.91285166;0.041646024;-0.645614474;0.033910426;Stop-like;low;subs
176;F20Y;-0.775173161;0.037643643;-0.645393742;0.027979298;low;low;subs
177;F20S;-0.912272466;0.039045669;-0.794666396;0.035627143;Stop-like;low;subs
178;F20W;-0.75134861;0.048310648;-0.488289609;0.040443139;low;low;subs
179;F20C;-0.88239552;0.045439139;-0.64073305;0.039844371;Stop-like;low;Likely pathogenic
180;E21K;-0.363697821;0.039154721;-0.121702692;0.023142059;low;low;VOUS
181;E21N;-0.395062319;0.026214074;-0.160864467;0.018303404;low;low;subs
182;E21T;-0.142744346;0.027755174;-0.053865033;0.0200246;WT-like;WT-like;subs
183;E21R;-0.319324234;0.027751429;-0.147270097;0.02135815;low;low;subs
184;E21M;-0.164694836;0.02338578;-0.053088947;0.020375231;WT-like;WT-like;subs
185;E21I;-0.231989322;0.027687037;-0.097208915;0.017618765;low;low;subs
186;E21Q;-0.154217262;0.024504404;-0.086277242;0.019635123;WT-like;low;subs
187;E21H;-0.145376074;0.021921306;-0.058957002;0.01447789;WT-like;low;subs
188;E21P;-0.90599756;0.057367565;-0.919832175;0.050654424;Stop-like;Stop-like;subs
189;G44R;-0.281867078;0.029352324;-0.200254903;0.026790955;low;low;subs
190;H43D;-0.882123571;0.047918902;-0.82021378;0.038354545;Stop-like;low;subs
191;Q22K;-0.50405432;0.030652032;-0.231204244;0.019419426;low;low;subs
192;Q22N;-0.733793169;0.035912837;-0.394932977;0.023664083;low;low;subs
193;Q22T;-0.555311497;0.030414869;-0.247626055;0.022375686;low;low;subs
194;Q22R;-0.551885271;0.028250257;-0.281685128;0.018601983;low;low;subs
195;Q22M;-0.247548536;0.026136073;-0.14603675;0.018827992;low;low;subs
196;Q22I;-0.639470873;0.028786082;-0.351346105;0.017742624;low;low;subs
197;G27R;-0.195109315;0.024729683;-0.078312396;0.016717425;low;low;Negative_filt
198;I35V;-0.015018051;0.024885432;-0.004328749;0.021767262;WT-like;WT-like;subs
199;N26D;-0.068707861;0.024530203;-0.034472103;0.016662764;WT-like;WT-like;subs
200;V29L;-0.375915027;0.032338953;-0.178342197;0.018800625;low;low;subs
201;N26I;-0.179927803;0.023642034;-0.070644339;0.017588422;WT-like;low;subs
202;E24K;-0.024484542;0.026636167;0.007069054;0.023909208;WT-like;WT-like;subs
203;E24N;0.027820795;0.022088342;-0.027896672;0.018419601;WT-like;WT-like;subs
204;E24T;0.016589188;0.0212341;-0.002411301;0.017163193;WT-like;WT-like;subs
205;E24R;-0.033640409;0.02478234;-0.017307253;0.02050598;WT-like;WT-like;subs
206;E24M;-0.088563255;0.021874986;-0.021683681;0.015980835;WT-like;WT-like;subs
207;E24I;-0.046742647;0.022079428;-0.0229328;0.017620041;WT-like;WT-like;subs
208;E24Q;-0.036422493;0.021294287;-0.027267628;0.0164617;WT-like;WT-like;subs
209;E24H;-0.020588692;0.020965784;6.20E-05;0.016858422;WT-like;WT-like;subs
210;E24P;-0.430151639;0.027006889;-0.147232076;0.01908932;low;low;subs
211;S25K;0.041483302;0.024743924;0.005058036;0.01846113;WT-like;WT-like;subs
212;S25N;0.009183543;0.024031121;-0.032391437;0.021429116;WT-like;WT-like;Negative
213;S25R;-0.041079765;0.029884342;-0.018743977;0.020210342;WT-like;WT-like;subs
214;N26K;-0.041378613;0.020974204;-0.030708346;0.016154796;WT-like;WT-like;subs
215;G27K;-0.127270495;0.02336914;-0.053856705;0.016980777;WT-like;WT-like;subs
216;G27N;-0.378688063;0.034108825;-0.132877742;0.022776529;low;low;subs
217;G27T;-0.234414312;0.023276803;-0.08506507;0.015917208;low;low;subs
218;G27M;-0.203619642;0.02455656;-0.100333651;0.018350896;low;low;subs
219;G27I;-0.560033893;0.035075964;-0.300994696;0.02306286;low;low;subs
220;G27Q;-0.106838646;0.023329754;-0.071487488;0.018824173;WT-like;low;subs
221;G27H;-0.221206144;0.025448166;-0.10636129;0.01867277;low;low;subs
222;G27P;-0.792592844;0.03871458;-0.548008893;0.024259157;low;low;subs
223;G27D;-0.212247332;0.026258382;-0.106420456;0.018857612;low;low;subs
224;G27A;-0.091972215;0.021223345;-0.044371629;0.017106015;WT-like;WT-like;subs
225;P28K;-0.03789363;0.025863841;-0.016451457;0.018548868;WT-like;WT-like;subs
226;P28N;-0.149832496;0.022456058;-0.045571117;0.015820133;WT-like;WT-like;subs
227;P28T;-0.087664815;0.019668697;-0.041167566;0.014628936;WT-like;WT-like;subs
228;P28R;-0.130812327;0.021088726;-0.041019845;0.017375789;WT-like;WT-like;Negative_filt
229;P28M;-0.170225609;0.023136922;-0.057542486;0.017498376;WT-like;low;subs
230;P28I;-0.145621956;0.024718479;-0.010985123;0.019051828;WT-like;WT-like;subs
231;P28Q;-0.240174257;0.02453887;-0.07436316;0.015323945;low;low;subs
232;P28H;-0.156636394;0.025708392;-0.083823505;0.0186061;WT-like;low;subs
233;V29K;-0.949894837;0.057505933;-0.768521507;0.046979439;Stop-like;low;subs
234;V29N;-0.907190401;0.053351491;-0.775314493;0.041512733;Stop-like;low;subs
235;V29T;-0.07685308;0.021649876;-0.023173437;0.018780058;WT-like;WT-like;subs
236;V29R;-0.912575789;0.050117769;-0.955270761;0.07099782;Stop-like;Stop-like;subs
237;V29M;-0.338461299;0.031111799;-0.131343344;0.020352211;low;low;subs
238;V29I;-0.311676513;0.029684178;-0.158210954;0.023939691;low;low;subs
239;V29Q;-0.892383812;0.04821921;-0.72044424;0.041052281;Stop-like;low;subs
240;V29H;-0.928378848;0.050341652;-0.780600379;0.032080329;Stop-like;low;subs
241;V29P;-0.956488206;0.049800821;-0.747823329;0.035851651;Stop-like;low;subs
242;V29E;-0.909697069;0.04661625;-0.703415038;0.033804237;Stop-like;low;subs
243;V29D;-0.829719093;0.040255129;-0.745653228;0.0347631;low;low;subs
244;V29A;-0.784973255;0.033191536;-0.499698478;0.021276487;low;low;subs
245;V29G;-0.892109962;0.042895949;-0.7803991;0.051901263;Stop-like;low;subs
246;I35N;-0.932536946;0.048554522;-0.890038262;0.03929155;Stop-like;Stop-like;subs
247;L42M;-0.006410845;0.021052628;-0.025029984;0.016618259;WT-like;WT-like;subs
248;E40D;-0.279265673;0.023933278;-0.10813642;0.016540396;low;low;subs
249;K36R;0.008240593;0.021792863;-0.028176798;0.019252139;WT-like;WT-like;subs
250;V31K;-0.831667928;0.051195114;-0.790180609;0.040948371;low;low;subs
251;V31N;-0.859108648;0.042470416;-0.718549271;0.027410529;low;low;subs
252;V31T;-0.595229125;0.034794788;-0.285408828;0.024228375;low;low;subs
253;V31R;-0.884935805;0.044306374;-0.741853;0.04308931;Stop-like;low;subs
254;V31I;0.090567006;0.020273248;0.043202026;0.018064396;high;high;subs
255;V31Q;-0.907749123;0.048246251;-0.702244246;0.036179821;Stop-like;low;subs
256;V31H;-0.920541749;0.040489836;-0.76698082;0.030588634;Stop-like;low;subs
257;V31P;-0.894867745;0.039039285;-0.802469814;0.030607698;Stop-like;low;subs
258;V31E;-0.963016418;0.04550186;-0.673045209;0.029939955;Stop-like;low;subs
259;V31D;-0.919886282;0.044985885;-0.667574158;0.036742576;Stop-like;low;subs
260;V31A;-0.270521176;0.02174858;-0.089322596;0.016181685;low;low;VOUS
261;V31G;-0.698845443;0.033633751;-0.424639012;0.023351319;low;low;Negative
262;W32K;-0.161035947;0.025814438;-0.136646766;0.02131812;WT-like;low;subs
263;W32N;-0.178477995;0.024394488;-0.116187424;0.02122546;WT-like;low;subs
264;W32T;0.030112734;0.018931474;0.00362399;0.014175282;WT-like;WT-like;subs
265;W32R;-0.091132019;0.028643366;-0.091973993;0.019200586;WT-like;low;VOUS
266;W32M;-0.15555508;0.021984966;-0.079741085;0.017553138;WT-like;low;subs
267;W32I;-0.163309468;0.023812832;-0.062596544;0.021564834;WT-like;low;subs
268;W32Q;-0.127495064;0.019698725;-0.080688732;0.014800861;WT-like;low;subs
269;W32H;-0.057040874;0.024123883;-0.002809123;0.015768481;WT-like;WT-like;subs
270;W32P;-0.901094211;0.039349788;-0.66076626;0.030873486;Stop-like;low;subs
271;W32E;-0.126291813;0.030935523;-0.11313542;0.030574074;WT-like;low;subs
272;W32D;-0.345895545;0.030974791;-0.141452148;0.021769051;low;low;subs
273;W32A;-0.297419067;0.021574237;-0.117789133;0.016849903;low;low;subs
274;W32G;-0.476108088;0.026169708;-0.231431487;0.018117172;low;low;subs
275;W32V;-0.153335745;0.020910953;-0.039701159;0.014653264;WT-like;WT-like;subs
276;W32Y;0.04323409;0.021656007;0.037628879;0.01741395;high;high;subs
277;W32S;-0.031169729;0.021631315;-0.02185637;0.017071894;WT-like;WT-like;subs
278;G33K;-0.923418354;0.0525559;-0.82519153;0.041522991;Stop-like;low;subs
279;G33N;-0.901546833;0.046477437;-0.816754299;0.037041456;Stop-like;low;subs
280;G33T;-0.961392751;0.045231026;-0.811108039;0.042036191;Stop-like;low;subs
281;G33R;-0.943511011;0.045218323;-0.808831431;0.042695192;Stop-like;low;subs
282;G33M;-0.954881265;0.042641374;-1.010967596;0.046030279;Stop-like;Stop-like;subs
283;G33I;-0.900843594;0.04133451;-0.972856177;0.055244724;Stop-like;Stop-like;subs
284;G33Q;-0.927405077;0.043172419;-0.791113924;0.039800745;Stop-like;low;subs
285;G33H;-0.940292935;0.047962652;-0.852445142;0.038709029;Stop-like;low;subs
286;G33P;-0.847113321;0.035450679;-0.743965788;0.02981176;low;low;subs
287;G33E;-0.838444414;0.040734709;-0.76151339;0.029157875;low;low;subs
288;G33D;-0.930987811;0.044788925;-0.691176238;0.029129044;Stop-like;low;subs
289;S34K;0.035541221;0.023168488;0.02425842;0.017780908;WT-like;WT-like;subs
290;S34N;-0.001799729;0.022836211;-0.013360656;0.018077552;WT-like;WT-like;subs
291;S34T;0.050814393;0.024118502;0.023187858;0.022145205;high;WT-like;subs
292;I35K;-0.959871899;0.044768099;-0.805955567;0.036661428;Stop-like;low;subs
293;I35T;-0.883141022;0.042817176;-0.711450182;0.03288951;Stop-like;low;subs
294;I35R;-0.874409695;0.045114311;-0.832844244;0.048604934;low;low;subs
295;G37K;-0.668373005;0.039731717;-0.254513857;0.030466141;low;low;subs
296;G37N;-0.203816722;0.025456625;0.003323558;0.023581451;low;WT-like;subs
297;G37T;-0.858319628;0.046714549;-0.573415138;0.032963957;low;low;subs
298;G37M;-0.694224931;0.031286179;-0.359502741;0.020857089;low;low;subs
299;G37I;-0.856646964;0.045623975;-0.91695591;0.053228603;low;Stop-like;subs
300;G37Q;-0.611560911;0.034980395;-0.268924681;0.024923659;low;low;subs
301;G37H;-0.305203855;0.025576595;-0.084387858;0.016495244;low;low;subs
302;G37P;-0.828291957;0.042898242;-0.603555994;0.034718818;low;low;subs
303;G37E;-0.654431068;0.032762102;-0.294583721;0.025503494;low;low;subs
304;G37D;-0.525279389;0.0280094;-0.248168985;0.02099204;low;low;subs
305;G37A;-0.547639065;0.032822265;-0.247959561;0.024139072;low;low;subs
306;L38K;-0.841253696;0.066285415;-0.778770347;0.074179455;low;low;subs
307;L38N;-0.935974104;0.069527321;-0.852175661;0.080136037;Stop-like;low;subs
308;L38T;-0.881545186;0.044861921;-0.716748119;0.037844241;Stop-like;low;subs
309;L38R;-0.965617931;0.06531998;-0.932438815;0.053875576;Stop-like;Stop-like;subs
310;L38M;-0.368920105;0.027358608;-0.157649109;0.025935599;low;low;subs
311;L38I;-0.242774571;0.031735024;-0.137012623;0.020586423;low;low;subs
312;L38Q;-0.867750616;0.059595557;-0.830672057;0.065196529;low;low;Likely pathogenic
313;L38H;-0.917268208;0.047498942;-0.873682837;0.049104285;Stop-like;Stop-like;subs
314;L38P;-0.905445989;0.040575401;-0.882655856;0.044116229;Stop-like;Stop-like;subs
315;T39K;-0.016119379;0.021247035;-0.029342302;0.017854639;WT-like;WT-like;subs
316;E40K;0.003082844;0.020368056;-0.005581209;0.016947699;WT-like;WT-like;Negative
317;E40N;-0.130917877;0.024135679;-0.037260078;0.021727198;WT-like;WT-like;subs
318;E40T;0.014499889;0.022351453;-0.014487783;0.018096024;WT-like;WT-like;subs
319;E40R;-0.12787694;0.025387908;-0.043000451;0.019980604;WT-like;WT-like;subs
320;E40M;-0.099389184;0.022495769;-0.018024422;0.016965826;WT-like;WT-like;subs
321;E40I;-0.134215629;0.022615484;-0.060051956;0.016688153;WT-like;low;subs
322;E40H;-0.05599962;0.023299572;-0.026613732;0.017066374;WT-like;WT-like;subs
323;E40P;-0.002290541;0.020445478;-0.01107324;0.015155335;WT-like;WT-like;subs
324;G41K;-0.532183527;0.030965178;-0.253177884;0.021158089;low;low;subs
325;G41N;-0.693180608;0.030098421;-0.384183494;0.017536719;low;low;subs
326;G41T;-0.762395098;0.037950424;-0.45159763;0.024867793;low;low;subs
327;G41R;-0.428287423;0.023596399;-0.260630677;0.018081958;low;low;subs
328;G41M;-0.726497037;0.033047907;-0.522342098;0.025690892;low;low;subs
329;G41I;-0.919308121;0.047716746;-0.773609507;0.039463323;Stop-like;low;subs
330;G41Q;-0.585689897;0.02607342;-0.349554329;0.019217973;low;low;subs
331;G41H;-0.699646303;0.031143397;-0.456079601;0.019921175;low;low;subs
332;G41P;-0.9113869;0.04199908;-0.713035343;0.035192257;Stop-like;low;subs
333;G41E;-0.76905256;0.033305723;-0.513583685;0.023504157;low;low;subs
334;G41D;-0.819173974;0.040099382;-0.522171522;0.030071184;low;low;Pathogenic
335;G41A;-0.543386845;0.026090931;-0.3010319;0.021485428;low;low;subs
336;L42K;0.092706906;0.023591455;0.010043907;0.023307842;high;WT-like;subs
337;L42N;0.00481393;0.02027163;0.019371125;0.016205952;WT-like;WT-like;subs
338;L42T;-0.027903285;0.020808517;-0.009240195;0.017064339;WT-like;WT-like;subs
339;L42R;0.003569536;0.024845549;0.010663327;0.021399076;WT-like;WT-like;subs
340;L42I;0.027755366;0.025658225;-0.003008944;0.019933222;WT-like;WT-like;subs
341;L42Q;0.05409333;0.021443082;-0.001849192;0.018595571;high;WT-like;subs
342;L42H;0.034787865;0.022136069;0.014706628;0.016241996;WT-like;WT-like;subs
343;L42P;0.0196703;0.021408421;-0.002943674;0.020534794;WT-like;WT-like;subs
344;H43K;-0.06443649;0.021538544;-0.054180635;0.01630503;WT-like;WT-like;subs
345;H43T;-0.85205062;0.040105654;-0.706828923;0.038776642;low;low;subs
346;H43R;-0.781771991;0.036629948;-0.462731248;0.030102425;low;low;Pathogenic
347;H43M;-0.615435632;0.030991915;-0.408777183;0.023829538;low;low;subs
348;H43I;-0.622187232;0.031990381;-0.434268323;0.024713519;low;low;subs
349;G44K;-0.340041908;0.026468491;-0.23116392;0.021332387;low;low;subs
350;G44N;-0.396798431;0.031644109;-0.303591236;0.024414877;low;low;subs
351;G44T;-0.418751277;0.026780653;-0.252099457;0.022731594;low;low;subs
352;G44M;-0.412170639;0.025820704;-0.305061088;0.022218806;low;low;subs
353;G44I;-0.814111315;0.039469241;-0.496811325;0.035951044;low;low;subs
354;G44Q;-0.30150773;0.024847247;-0.187413066;0.021883968;low;low;subs
355;G44H;-0.370602384;0.027600678;-0.200572146;0.022324154;low;low;subs
356;G44P;-0.218068678;0.023504355;-0.163397928;0.021365621;low;low;subs
357;G44D;-0.574072358;0.030753075;-0.359703263;0.022635889;low;low;subs
358;G44A;0.061707396;0.01975604;0.00026887;0.017075261;high;WT-like;subs
359;F45K;-0.908271731;0.045689551;-0.732530691;0.038220422;Stop-like;low;subs
360;F45N;-0.941316297;0.050706605;-0.751911146;0.038097497;Stop-like;low;subs
361;F45T;-0.625146257;0.041592366;-0.44327912;0.032478607;low;low;subs
362;F45R;-0.914972378;0.042027541;-1.008308614;0.061108153;Stop-like;Stop-like;subs
363;F45M;0.070227987;0.019620248;0.00614958;0.016869209;high;WT-like;subs
364;F45I;0.008618248;0.02925516;-0.020322539;0.029444955;WT-like;WT-like;subs
365;F45Q;-0.883326285;0.041582558;-0.77135353;0.037368721;Stop-like;low;subs
366;F45H;-0.840953114;0.038123346;-0.735904512;0.036376596;low;low;subs
367;F45P;-0.887499549;0.042504335;-0.838908128;0.035246792;Stop-like;low;subs
368;F45E;-0.853631619;0.03967126;-0.843814614;0.035276695;low;low;subs
369;F45D;-0.9271988;0.054855059;-0.824062487;0.04710232;Stop-like;low;subs
370;F45A;-0.586285807;0.026131403;-0.320607868;0.019924584;low;low;subs
371;F45G;-0.872674136;0.044645647;-0.841129893;0.041872308;low;low;subs
372;F45V;0.049780975;0.020450032;-0.05979053;0.017670266;high;low;Negative
373;F45Y;-0.761627163;0.044504525;-0.526583964;0.03090031;low;low;subs
374;F45S;-0.903812838;0.047262548;-0.795054247;0.049414786;Stop-like;low;subs
375;F45W;-0.106143404;0.019618921;-0.074826162;0.015821691;WT-like;low;subs
376;F45C;-0.180551815;0.022554793;-0.139535671;0.017750755;WT-like;low;VOUS
377;H46K;-0.101890195;0.023697594;-0.019068425;0.019945749;WT-like;WT-like;subs
378;H46T;0.071269517;0.020389513;-0.009423589;0.017243549;high;WT-like;subs
379;H46R;-0.099552794;0.027623269;-0.109530461;0.022822872;WT-like;low;Pathogenic
380;H46M;-0.066516751;0.022783696;-0.044657492;0.0190297;WT-like;WT-like;subs
381;H46I;0.013951116;0.026730408;-0.017243528;0.023335229;WT-like;WT-like;subs
382;V47K;-0.962212552;0.065256032;-0.860719005;0.054069779;Stop-like;low;subs
383;V47N;-0.874243213;0.052765228;-0.885306788;0.055710479;low;Stop-like;subs
384;V47T;-0.744486954;0.039066499;-0.521093069;0.027560498;low;low;subs
385;V47R;-0.978040389;0.064054804;-0.900859507;0.047879888;Stop-like;Stop-like;subs
386;V47M;-0.22105976;0.024986244;-0.161557258;0.01869647;low;low;subs
387;V47I;0.113724427;0.023573106;0.005700769;0.020101224;high;WT-like;subs
388;V47Q;-0.936136127;0.044549536;-0.921837696;0.035302962;Stop-like;Stop-like;subs
389;V47H;-0.909508718;0.044470017;-0.915637885;0.043543799;Stop-like;Stop-like;subs
390;V47P;-0.963529997;0.050437;-0.959768797;0.046720447;Stop-like;Stop-like;subs
391;V47E;-0.947724225;0.061677573;-0.865753593;0.067532254;Stop-like;Stop-like;subs
392;H48Q;0.085642033;0.026339704;-0.060333838;0.029082753;high;low;VOUS
393;F50C;-0.064068815;0.025483966;-0.081781938;0.01727374;WT-like;low;Negative_filt
394;H48K;-0.15660054;0.031138254;-0.118835289;0.024785957;WT-like;low;subs
395;H48N;-0.004878824;0.02176398;-0.043069202;0.016565734;WT-like;WT-like;subs
396;H48T;0.093628662;0.025069769;0.00557323;0.021203478;high;WT-like;subs
397;H48R;-0.107053845;0.025767655;-0.122126109;0.018368713;WT-like;low;Likely pathogenic
398;H48M;0.046617327;0.021597922;-0.022957194;0.018959144;high;WT-like;subs
399;H48I;-0.057580109;0.026841055;-0.093388475;0.020115325;WT-like;low;subs
400;E49K;-0.035655213;0.028568719;-0.050604036;0.0157992;WT-like;WT-like;VOUS
401;E49N;-0.04697548;0.031420734;-0.060123214;0.024616815;WT-like;low;subs
402;E49T;0.049758707;0.024439759;-0.004902651;0.014797477;high;WT-like;subs
403;E49R;-0.08420629;0.028048873;-0.085941831;0.021081431;WT-like;low;subs
404;E49M;0.01697248;0.024813635;-0.031153971;0.018249334;WT-like;WT-like;subs
405;E49I;-0.172752915;0.030782991;-0.044869948;0.023609353;WT-like;WT-like;subs
406;E49Q;0.056791353;0.027789403;0.008459676;0.018008879;high;WT-like;subs
407;E49H;-0.107238465;0.035339001;-0.044614713;0.019989596;WT-like;WT-like;subs
408;E49P;-0.291214869;0.027687183;-0.229257951;0.017338444;low;low;subs
409;F50K;-0.159872085;0.03436293;-0.239974901;0.030140565;WT-like;low;subs
410;F50N;-0.055211259;0.029335916;-0.06286672;0.015557329;WT-like;low;subs
411;F50T;-0.197023274;0.026893384;-0.128225183;0.014891833;low;low;subs
412;F50R;-0.126104002;0.026954003;-0.430541301;0.047115994;WT-like;low;subs
413;F50M;-0.087010231;0.026224884;-0.12114944;0.017142351;WT-like;low;subs
414;F50Q;-0.069276583;0.027664949;-0.136762573;0.021446832;WT-like;low;subs
415;F50H;-0.01965431;0.023782629;-0.062988512;0.01912122;WT-like;low;subs
416;F50P;-0.112766684;0.025233058;-0.226770563;0.017526714;WT-like;low;subs
417;F50E;-0.150807839;0.030078188;-0.228431626;0.02862363;WT-like;low;subs
418;F50D;-0.170433758;0.026203208;-0.250559273;0.01917743;WT-like;low;subs
419;F50A;-0.174231973;0.022735717;-0.117749704;0.017185527;WT-like;low;subs
420;F50G;-0.098015889;0.020976114;-0.232763446;0.015447997;WT-like;low;subs
421;F50V;-0.161549525;0.02187622;-0.192545039;0.014878041;WT-like;low;subs
422;F50W;-0.016336769;0.021763287;-0.027477408;0.016380172;WT-like;WT-like;subs
423;E49A;0.032685209;0.025843749;-0.020475301;0.015720287;WT-like;WT-like;subs
424;E49G;-0.084815787;0.028718735;-0.104609434;0.021540577;WT-like;low;subs
425;E49V;-0.065124899;0.028084011;-0.058191463;0.02174338;WT-like;low;subs
426;E49Y;-0.116830524;0.0268867;-0.057949004;0.019661042;WT-like;low;subs
427;E49S;-0.040166211;0.024804228;0.007362611;0.016331096;WT-like;WT-like;subs
428;E49W;-0.084532221;0.022461441;-0.069983201;0.017620131;WT-like;low;subs
429;E49C;-0.037828009;0.023204501;-0.0341311;0.016036658;WT-like;WT-like;subs
430;E49L;-0.079811197;0.021142759;-0.057527303;0.017140641;WT-like;low;subs
431;E49F;-0.06765367;0.03039223;-0.052576719;0.019583753;WT-like;WT-like;subs
432;H48P;-0.898113236;0.04381322;-0.669236604;0.034794645;Stop-like;low;subs
433;H48E;0.003774017;0.024697275;-0.016962457;0.01743682;WT-like;WT-like;subs
434;H48A;0.052392134;0.024379442;0.014405562;0.022422973;high;WT-like;subs
435;H48G;-0.135149272;0.022132309;-0.037320894;0.016488431;WT-like;WT-like;subs
436;H48V;0.007217949;0.021507128;-0.040972925;0.016310226;WT-like;WT-like;subs
437;H48S;-0.000218447;0.022351582;-0.030444971;0.019756801;WT-like;WT-like;subs
438;H48W;-0.202911017;0.024589436;-0.132033631;0.020564937;low;low;subs
439;H48C;0.002185782;0.022787641;-0.006046602;0.017949821;WT-like;WT-like;subs
440;H48L;0.065586948;0.026218484;0.002314295;0.028411578;high;WT-like;subs
441;H48F;-0.039711629;0.032516615;-0.076585388;0.028045932;WT-like;low;subs
442;V47Y;-0.942537347;0.050473412;-0.797310536;0.051506474;Stop-like;low;subs
443;V47S;-0.949460478;0.055605859;-0.880146674;0.074399541;Stop-like;Stop-like;subs
444;V47W;-0.880889858;0.040028057;-0.86097721;0.037410962;Stop-like;low;subs
445;V47C;-0.325047802;0.025202921;-0.142276635;0.019536504;low;low;subs
446;V47L;-0.034785242;0.021722373;-0.045920409;0.019834037;WT-like;WT-like;subs
447;H46P;-0.920670745;0.053055747;-1.088473321;0.082639831;Stop-like;Stop-like;Negative
448;H46E;-0.06621405;0.025220816;-0.074963464;0.021821708;WT-like;low;subs
449;H46A;0.096882966;0.021381226;0.007539344;0.022289923;high;WT-like;subs
450;H46G;0.01237438;0.01954955;0.026436268;0.014588541;WT-like;high;subs
451;H46V;0.075632553;0.023763995;0.043599613;0.023777569;high;high;subs
452;H46S;0.012219344;0.023460801;0.012720217;0.021898395;WT-like;WT-like;subs
453;H46W;-0.358919913;0.034366261;-0.226575734;0.026258458;low;low;subs
454;H46C;0.030166149;0.024616662;-0.023976508;0.023850335;WT-like;WT-like;subs
455;H46L;-0.146173501;0.024684467;-0.055516722;0.020196824;WT-like;WT-like;subs
456;H46F;0.014875543;0.025066559;-0.002220885;0.019633484;WT-like;WT-like;subs
457;G44V;-0.580226259;0.039316928;-0.426062703;0.037604671;low;low;subs
458;G44Y;-0.506151109;0.029758913;-0.35796599;0.028940778;low;low;subs
459;G44S;-0.014614843;0.021192423;-0.082937566;0.019144772;WT-like;low;subs
460;G44W;-0.619784351;0.033119675;-0.396275067;0.025898691;low;low;subs
461;G44C;-0.287465138;0.022513952;-0.217930356;0.019300425;low;low;subs
462;G44L;-0.628466554;0.031631839;-0.38545424;0.024158523;low;low;subs
463;G44F;-0.670693299;0.029987469;-0.457126063;0.027821311;low;low;subs
464;H43P;-0.996534167;0.053655058;-0.939002333;0.059492391;Stop-like;Stop-like;subs
465;H43E;-0.93373146;0.044911962;-0.805318188;0.034948114;Stop-like;low;subs
466;H43A;-0.492354042;0.029356645;-0.283488267;0.024428466;low;low;subs
467;H43G;-0.957898207;0.044871549;-0.797754222;0.036757253;Stop-like;low;subs
468;H43V;-0.563917665;0.031617324;-0.372786795;0.024262844;low;low;subs
469;H43S;-0.726053385;0.036151122;-0.45206146;0.030060765;low;low;subs
470;H43W;-0.517445589;0.030263985;-0.267869576;0.020304127;low;low;subs
471;H43C;-0.380786618;0.026084654;-0.182471097;0.020398628;low;low;subs
472;H43L;-0.45978447;0.028339368;-0.306046703;0.02359912;low;low;subs
473;H43F;-0.018674436;0.019794443;-0.012664253;0.020067321;WT-like;WT-like;subs
474;L42E;0.051577289;0.02069888;0.040729996;0.021624794;high;high;subs
475;L42D;0.023096894;0.019959742;-0.00491536;0.015430192;WT-like;WT-like;subs
476;L42A;-0.01971248;0.029655421;0.007320937;0.019793745;WT-like;WT-like;subs
477;L42G;-0.064048016;0.019485164;-0.028164468;0.015373163;WT-like;WT-like;subs
478;L42V;0.024030444;0.018584447;0.024344012;0.01370957;WT-like;WT-like;subs
479;L42Y;-0.025721641;0.021404639;-0.009099675;0.015592213;WT-like;WT-like;subs
480;L42S;0.008022214;0.021632846;0.016827749;0.016840996;WT-like;WT-like;subs
481;L42W;-0.141883464;0.022240623;-0.049595596;0.018578575;WT-like;WT-like;subs
482;L42C;0.040924784;0.02077386;-0.014777979;0.016756318;high;WT-like;subs
483;H43Q;-0.773377881;0.03739981;-0.549536463;0.023686878;low;low;subs
484;E49D;-0.025272251;0.02434096;-0.046256384;0.016302238;WT-like;WT-like;subs
485;L42F;-0.062476024;0.021032466;-0.008059454;0.015957908;WT-like;WT-like;subs
486;G41V;-0.797303551;0.03321353;-0.663104198;0.026175268;low;low;subs
487;G41Y;-0.881632171;0.037985377;-0.656476267;0.02704471;Stop-like;low;subs
488;G41S;-0.663146645;0.030985199;-0.344992956;0.021000933;low;low;Likely pathogenic
489;G41W;-0.9048354;0.050872325;-0.937415656;0.057500288;Stop-like;Stop-like;subs
490;G41C;-0.798620034;0.030994243;-0.538766971;0.022881092;low;low;subs
491;G41L;-0.827734372;0.035037387;-0.665419858;0.02425781;low;low;subs
492;G41F;-0.827338721;0.050388078;-0.847195512;0.044793549;low;low;subs
493;V47D;-0.967970639;0.045167484;-1.026234769;0.048774723;Stop-like;Stop-like;subs
494;E40A;0.006660783;0.020254563;0.001059234;0.016536373;WT-like;WT-like;subs
495;E40G;-0.187734143;0.025594699;-0.036387735;0.019082228;WT-like;WT-like;VOUS
496;E40V;-0.014641667;0.020089691;-0.025072602;0.014623535;WT-like;WT-like;subs
497;E40Y;-0.161384699;0.022037314;-0.043490902;0.015663682;WT-like;WT-like;subs
498;E40S;-0.034229996;0.020894574;-0.021361407;0.017052943;WT-like;WT-like;subs
499;E40W;-0.254218017;0.024778953;-0.113115362;0.019830257;low;low;subs
500;E40C;-0.169028968;0.022576054;-0.072723681;0.018735676;WT-like;low;subs
501;E40L;-0.270690184;0.024012048;-0.105895207;0.017021637;low;low;subs
502;E40F;-0.201184362;0.021581573;-0.087890121;0.01551685;low;low;subs
503;T39R;-0.029614836;0.023850996;-0.053726287;0.021299588;WT-like;WT-like;subs
504;T39M;-0.130709039;0.022958284;-0.057234903;0.017201266;WT-like;low;subs
505;T39Q;-0.019647851;0.01882773;-0.031430751;0.014331528;WT-like;WT-like;subs
506;T39H;-0.086834219;0.021876433;0.007049865;0.019166031;WT-like;WT-like;subs
507;T39P;-0.00816618;0.02011764;-0.035337993;0.018224024;WT-like;WT-like;subs
508;T39E;-0.075405792;0.028204993;-0.028369249;0.022728914;WT-like;WT-like;subs
509;T39D;-0.115981406;0.022852407;-0.060577923;0.016803276;WT-like;low;subs
510;T39A;-0.006670594;0.024900202;-0.025373507;0.019461908;WT-like;WT-like;subs
511;T39G;-0.092099916;0.02584767;-0.047704515;0.020321151;WT-like;WT-like;subs
512;T39V;-0.117424608;0.025348426;-0.043889223;0.024845089;WT-like;WT-like;subs
513;T39Y;-0.280501898;0.026858984;-0.136173134;0.02020553;low;low;subs
514;T39S;0.033881591;0.024343107;-0.017137395;0.018629178;WT-like;WT-like;subs
515;T39W;-0.472015885;0.034486374;-0.19576364;0.028185156;low;low;subs
516;T39C;-0.093650917;0.028610296;-0.048653904;0.023057022;WT-like;WT-like;subs
517;T39L;-0.234226313;0.026218238;-0.092998737;0.018298367;low;low;subs
518;T39F;-0.451101826;0.032077582;-0.197681148;0.019414234;low;low;subs
519;L38E;-1.014892527;0.062741104;-0.85137508;0.062757461;Stop-like;low;subs
520;L38D;-0.830837272;0.054021989;-0.814380112;0.079371418;low;low;subs
521;L38A;-0.830722375;0.041908915;-0.623536953;0.032272811;low;low;subs
522;L38G;-0.916890304;0.054996298;-0.823203184;0.056667428;Stop-like;low;subs
523;L38V;-0.51930826;0.029904508;-0.259214191;0.021065044;low;low;Pathogenic
524;L38Y;-0.861122838;0.050500272;-0.989793562;0.057772263;low;Stop-like;subs
525;L38S;-0.86598211;0.03760523;-0.801900426;0.036977066;low;low;subs
526;L38W;-0.92679389;0.043104902;-0.995646118;0.0540387;Stop-like;Stop-like;subs
527;L38C;-0.644788668;0.04159003;-0.346137553;0.030769034;low;low;subs
528;V47A;-0.69666162;0.037403576;-0.445834019;0.031316819;low;low;Likely pathogenic
529;F45L;0.080311295;0.021872654;0.035776034;0.020175301;high;WT-like;Negative
530;L38F;-0.731247913;0.047435195;-0.550022829;0.04402521;low;low;subs
531;G37V;-0.937319397;0.054691803;-0.69668462;0.040536507;Stop-like;low;subs
532;G37Y;-0.490605422;0.027229054;-0.192677135;0.020408805;low;low;subs
533;G37S;-0.555761141;0.029686718;-0.262763449;0.022446838;low;low;subs
534;G37W;-0.807144056;0.04307773;-0.542218418;0.02703368;low;low;subs
535;G37C;-0.553473186;0.030761306;-0.249269456;0.022707244;low;low;subs
536;G37L;-0.835188552;0.053865192;-0.588470817;0.046354856;low;low;subs
537;G37F;-0.569237961;0.03156316;-0.270762771;0.026493172;low;low;subs
538;K36N;0.010882083;0.021481186;-0.018906754;0.015924547;WT-like;WT-like;subs
539;K36T;-0.028118518;0.022813752;-0.002229515;0.018711496;WT-like;WT-like;subs
540;K36M;-0.0939806;0.024807123;-0.056206819;0.020724682;WT-like;low;subs
541;K36I;-0.091271656;0.023837975;-0.039114484;0.018986269;WT-like;WT-like;subs
542;K36H;-0.006801918;0.021542281;0.008178209;0.015091276;WT-like;WT-like;subs
543;K36P;-0.816654627;0.034775401;-0.740409244;0.031260661;low;low;subs
544;K36E;-0.015089837;0.022351004;-0.036122267;0.015489254;WT-like;WT-like;subs
545;K36D;-0.080125275;0.019691208;-0.058504696;0.013573758;WT-like;low;subs
546;K36A;-0.085303022;0.020321738;-0.061606677;0.018255488;WT-like;low;subs
547;K36G;-0.107911674;0.020972032;-0.044246898;0.019234648;WT-like;WT-like;subs
548;K36V;-0.022176378;0.025226184;-0.027247097;0.022660845;WT-like;WT-like;subs
549;K36Y;-0.061826756;0.022453607;-0.021639607;0.016952972;WT-like;WT-like;subs
550;K36S;-0.018709557;0.019981056;-0.017767872;0.015967577;WT-like;WT-like;subs
551;K36W;-0.082927176;0.020225229;-0.03352596;0.01858474;WT-like;WT-like;subs
552;K36C;-0.081141842;0.021179806;-0.019391558;0.017087157;WT-like;WT-like;subs
553;K36L;-0.161177287;0.025741207;-0.049194441;0.021436197;WT-like;WT-like;subs
554;K36F;-0.066718298;0.021949173;-0.054044571;0.021840575;WT-like;WT-like;subs
555;I35Q;-0.919425101;0.041767152;-0.820023862;0.036278949;Stop-like;low;subs
556;I35H;-0.884800464;0.045066218;-0.753500288;0.039159694;Stop-like;low;subs
557;I35P;-0.866221101;0.04330892;-0.851056499;0.036932151;low;low;subs
558;I35E;-0.865611491;0.046588436;-0.782533737;0.038053516;low;low;subs
559;I35D;-0.890685544;0.054370305;-0.822648006;0.056329431;Stop-like;low;subs
560;I35A;-0.814768879;0.034904463;-0.603624901;0.027781385;low;low;subs
561;I35G;-1.018261548;0.046361619;-0.844228023;0.037131527;Stop-like;low;subs
562;I35Y;-0.904745726;0.038110262;-0.873068935;0.03321729;Stop-like;Stop-like;subs
563;I35S;-0.868731851;0.042326984;-0.897726084;0.04070613;low;Stop-like;subs
564;I35W;-0.929451958;0.044928925;-0.97349251;0.058226955;Stop-like;Stop-like;subs
565;I35C;-0.536348732;0.031284971;-0.277359478;0.018340298;low;low;subs
566;S34M;-0.007971509;0.020226527;-0.056239564;0.020266154;WT-like;low;subs
567;S34I;-4.98E-05;0.023370652;-0.004999107;0.018671446;WT-like;WT-like;Negative
568;S34Q;0.079212539;0.021207179;0.031615056;0.017344034;high;high;subs
569;S34H;0.002708721;0.034052011;0.016876712;0.03023873;WT-like;WT-like;subs
570;S34P;-0.672684994;0.035128859;-0.345786145;0.021704047;low;low;subs
571;S34E;0.024305003;0.025423947;0.026338859;0.021483317;WT-like;WT-like;subs
572;S34D;-0.164763154;0.024545211;-0.056335371;0.020055155;WT-like;low;subs
573;S34A;-0.038039056;0.022346013;-0.014506293;0.01715746;WT-like;WT-like;subs
574;S34G;-0.266013171;0.027032264;-0.108300002;0.021072736;low;low;Negative
575;S34V;-0.014936587;0.026171823;0.044612163;0.019940055;WT-like;high;subs
576;S34Y;0.002981552;0.022723891;0.018215412;0.01783207;WT-like;WT-like;subs
577;S34W;-0.020036502;0.021632421;-0.034332253;0.017568399;WT-like;WT-like;subs
578;S34C;0.024542828;0.024460797;-0.014211217;0.020030713;WT-like;WT-like;subs
579;S34L;-0.032105983;0.020756782;0.003791425;0.016182769;WT-like;WT-like;subs
580;S34F;0.002686545;0.022462405;0.014480539;0.018275148;WT-like;WT-like;subs
581;G33V;-0.924036356;0.036162906;-0.938631435;0.051963362;Stop-like;Stop-like;subs
582;G33Y;-0.98511093;0.049704811;-0.964849451;0.050225483;Stop-like;Stop-like;subs
583;G33S;-0.916501789;0.033387487;-0.81596016;0.031016686;Stop-like;low;subs
584;G33W;-0.898625224;0.037363599;-1.13892313;0.066578547;Stop-like;Stop-like;subs
585;G33C;-0.934784402;0.033396587;-0.906896243;0.040355315;Stop-like;Stop-like;subs
586;G33L;-0.901588706;0.037090737;-1.056771511;0.068571534;Stop-like;Stop-like;subs
587;G33F;-0.970725711;0.040416218;-1.00091135;0.045199544;Stop-like;Stop-like;subs
588;W32F;-0.035437241;0.019171898;-0.015026942;0.013733853;WT-like;WT-like;subs
589;V31Y;-0.6550214;0.032519436;-0.307144045;0.022263366;low;low;subs
590;V31S;-0.852359467;0.036057225;-0.515971809;0.026497625;low;low;subs
591;V31W;-0.847577278;0.038067991;-0.781094582;0.038944261;low;low;subs
592;V31C;-0.114873031;0.023783323;-0.033443039;0.020281236;WT-like;WT-like;subs
593;V31L;-0.132296736;0.024332103;-0.008210774;0.022061787;WT-like;WT-like;Negative
594;V31F;-0.634095195;0.030580161;-0.374526202;0.02160089;low;low;subs
595;K30N;-0.134602223;0.023381162;-0.049475064;0.01900178;WT-like;WT-like;VOUS
596;K30T;-0.073363713;0.022250726;-0.045625146;0.018202489;WT-like;WT-like;subs
597;K30R;0.010116596;0.022798381;-0.030261611;0.017460991;WT-like;WT-like;Negative
598;K30M;-0.096751825;0.020724497;0.008976868;0.017217864;WT-like;WT-like;Negative
599;K30I;-0.148988177;0.024872361;-0.074335411;0.019203446;WT-like;low;subs
600;K30Q;-0.071447374;0.021688941;-0.037359702;0.018171033;WT-like;WT-like;subs
601;K30H;-0.01962936;0.022006552;-0.029064167;0.019974933;WT-like;WT-like;subs
602;K30P;-0.859303542;0.03843018;-0.939712875;0.041563818;low;Stop-like;subs
603;K30E;-0.271295822;0.026357431;-0.099616599;0.020412266;low;low;subs
604;K30D;-0.391871957;0.027115738;-0.184300363;0.019448357;low;low;subs
605;K30A;-0.131724275;0.021437515;-0.053333642;0.015051517;WT-like;WT-like;subs
606;K30G;-0.541961014;0.03324555;-0.20809554;0.025031968;low;low;subs
607;K30V;-0.154075274;0.021641751;-0.062190049;0.017306761;WT-like;low;subs
608;K30Y;-0.071824862;0.020119094;-0.03273252;0.017110199;WT-like;WT-like;subs
609;K30S;-0.100003348;0.020881439;-0.026796601;0.015942046;WT-like;WT-like;subs
610;K30W;-0.211274929;0.022324468;-0.084298392;0.017688402;low;low;subs
611;K30C;-0.350455848;0.027878147;-0.126437687;0.019407401;low;low;subs
612;K30L;-0.087851577;0.023754612;-0.063508674;0.019706237;WT-like;low;subs
613;K30F;-0.170103108;0.018869764;-0.044112653;0.014171109;WT-like;WT-like;subs
614;V31M;-0.076223485;0.022866995;-0.034565188;0.018598866;WT-like;WT-like;subs
615;W32L;-0.274579379;0.023627097;-0.11791775;0.017046161;low;low;subs
616;V29Y;-0.874041103;0.046258051;-0.724527304;0.037866056;low;low;subs
617;V29S;-0.796714228;0.037205118;-0.554405025;0.024819859;low;low;subs
618;V29W;-0.87476092;0.042997326;-0.822334454;0.033780936;low;low;subs
619;V29C;-0.084939399;0.021876984;-0.045590427;0.01689511;WT-like;WT-like;subs
620;V29F;-0.873553106;0.043366414;-0.788737381;0.034162447;low;low;subs
621;F50L;-0.151153496;0.023319798;-0.024856146;0.015493912;WT-like;WT-like;Negative
622;V47F;-0.597730027;0.036353332;-0.4549984;0.025025194;low;low;VOUS
623;H46Y;-0.02237847;0.025648988;-0.014667579;0.024396199;WT-like;WT-like;subs
624;K36Q;-0.057558791;0.024189031;-0.011592643;0.021886375;WT-like;WT-like;subs
625;P28E;-0.332991477;0.029666442;-0.129452092;0.020158198;low;low;subs
626;P28D;-0.375664531;0.024353997;-0.149639537;0.015873725;low;low;subs
627;P28A;-0.107790231;0.022826466;-0.036580851;0.018200682;WT-like;WT-like;subs
628;P28G;-0.286609693;0.026288017;-0.08621156;0.017993297;low;low;subs
629;P28V;-0.135049972;0.021714257;-0.041669868;0.016358074;WT-like;WT-like;subs
630;P28Y;-0.262901265;0.025383118;-0.091482074;0.018653025;low;low;subs
631;P28S;-0.119995734;0.022698291;-0.052447029;0.018275949;WT-like;WT-like;subs
632;P28W;-0.52249923;0.038294238;-0.217239555;0.025108435;low;low;subs
633;P28C;-0.162521814;0.020159132;-0.05158483;0.015150582;WT-like;WT-like;subs
634;P28L;-0.214136219;0.024203313;-0.082355712;0.017541914;low;low;subs
635;P28F;-0.266039973;0.024051562;-0.078860753;0.017916943;low;low;subs
636;G27V;-0.38540569;0.033017891;-0.163280349;0.022342375;low;low;subs
637;G27Y;-0.400254659;0.026815868;-0.182647124;0.021903438;low;low;subs
638;G27S;-0.092082726;0.02495478;-0.066744603;0.020981994;WT-like;low;subs
639;G27W;-0.578737859;0.026168447;-0.260420849;0.018565977;low;low;subs
640;G27C;-0.320170896;0.023683843;-0.152968024;0.017784489;low;low;subs
641;G27L;-0.260028067;0.024810794;-0.111659869;0.018699012;low;low;subs
642;G27F;-0.483611314;0.033279011;-0.192882376;0.021316702;low;low;subs
643;N26T;-0.016885052;0.027902973;0.020314188;0.017431399;WT-like;WT-like;subs
644;N26R;-0.112122366;0.023433311;-0.052389708;0.019730545;WT-like;WT-like;subs
645;N26M;-0.077420403;0.02531029;-0.058088778;0.017916945;WT-like;low;subs
646;N26Q;-0.075315441;0.022066837;-0.014389413;0.017534111;WT-like;WT-like;subs
647;N26P;-0.246095861;0.021019083;-0.124376351;0.015899932;low;low;subs
648;N26E;-0.034676706;0.022265788;-0.05727427;0.018102072;WT-like;low;subs
649;N26A;-0.089973753;0.023027804;-0.052667328;0.01732273;WT-like;WT-like;subs
650;N26G;-0.02728957;0.021853918;-0.04243665;0.019591253;WT-like;WT-like;subs
651;N26V;-0.224660472;0.021349927;-0.129095626;0.018601884;low;low;subs
652;N26Y;-0.083673711;0.027307067;-0.041239483;0.023762125;WT-like;WT-like;subs
653;N26S;-0.062643523;0.022151989;-0.042213893;0.019082476;WT-like;WT-like;subs
654;N26W;-0.209120631;0.025567356;-0.083661638;0.018917679;low;low;subs
655;N26C;-0.104648633;0.022954286;-0.052533796;0.01868887;WT-like;WT-like;subs
656;N26L;-0.121511783;0.023813181;-0.072817453;0.018361906;WT-like;low;subs
657;N26F;-0.094869305;0.023983757;-0.050089445;0.016858554;WT-like;WT-like;subs
658;S25M;0.008832705;0.022317588;-0.01056977;0.016406152;WT-like;WT-like;subs
659;S25I;-0.047367996;0.023438376;-0.022752919;0.018178327;WT-like;WT-like;subs
660;S25Q;0.005739086;0.022294908;0.031743701;0.018309497;WT-like;WT-like;subs
661;S25H;-0.010239948;0.023660036;-0.000892802;0.016891632;WT-like;WT-like;subs
662;S25P;0.052137252;0.022266411;-0.007448994;0.017377238;high;WT-like;subs
663;S25E;0.057225303;0.02606055;-0.009982701;0.019868097;high;WT-like;subs
664;S25D;0.010956874;0.027210248;-0.043017922;0.024160745;WT-like;WT-like;subs
665;S25A;0.068515146;0.022295822;-0.008157815;0.017025841;high;WT-like;subs
666;S25G;0.030546683;0.022128661;-0.005139359;0.015204823;WT-like;WT-like;subs
667;S25V;0.034117384;0.021911108;-0.017011394;0.018128695;WT-like;WT-like;subs
668;S25Y;0.001292624;0.026780325;-0.029669926;0.020839478;WT-like;WT-like;subs
669;S25W;-0.04994981;0.02154313;-0.00939673;0.01726949;WT-like;WT-like;subs
670;S25C;0.023078011;0.028243522;0.019116682;0.017046546;WT-like;WT-like;subs
671;S25L;-0.076219778;0.022922241;-0.036189278;0.017391932;WT-like;WT-like;subs
672;S25F;-0.041611058;0.025026717;-0.000837486;0.016932511;WT-like;WT-like;subs
673;E24D;-0.099377043;0.027452342;-0.05219758;0.022376505;WT-like;WT-like;subs
674;E24A;-0.063415229;0.018802907;-0.027946227;0.015615945;WT-like;WT-like;subs
675;E24G;-0.09039574;0.02356858;-0.029251003;0.020896549;WT-like;WT-like;Negative
676;E24V;-0.028110756;0.033054683;-0.039261804;0.031589128;WT-like;WT-like;subs
677;E24Y;-0.073367663;0.022127895;0.004936562;0.018691729;WT-like;WT-like;subs
678;E24S;-0.066499628;0.022303597;-0.020062559;0.017168042;WT-like;WT-like;subs
679;E24W;-0.146450769;0.025923493;-0.106754845;0.019436639;WT-like;low;subs
680;E24C;-0.063332743;0.024563934;-0.038892313;0.018211354;WT-like;WT-like;subs
681;E24L;-0.185501936;0.021049552;-0.060499198;0.015700216;WT-like;low;subs
682;E24F;-0.062956013;0.020736214;-0.029967712;0.0153739;WT-like;WT-like;subs
683;K23T;0.038587923;0.019097715;-0.016879907;0.01696311;high;WT-like;subs
684;K23R;0.037040297;0.02328306;-0.029349788;0.018503345;WT-like;WT-like;subs
685;K23I;-0.012937486;0.020191401;-0.009793886;0.015539129;WT-like;WT-like;subs
686;K23Q;-0.00616885;0.022141143;-0.002567147;0.017905516;WT-like;WT-like;Negative
687;K23H;-0.074952238;0.021260518;-0.018579623;0.016631804;WT-like;WT-like;subs
688;K23P;-0.50046228;0.044223391;-0.188309451;0.027542903;low;low;subs
689;K23E;0.039434169;0.024387277;-0.046452074;0.020588097;WT-like;WT-like;subs
690;K23D;0.011550344;0.021839567;-0.013348667;0.018135411;WT-like;WT-like;subs
691;K23A;-0.028270822;0.024235463;0.000733366;0.019989299;WT-like;WT-like;subs
692;K23G;-0.08471058;0.021251172;-0.039659345;0.018388069;WT-like;WT-like;subs
693;K23V;0.002435372;0.021901491;-0.021338193;0.017689958;WT-like;WT-like;subs
694;K23Y;-0.017594218;0.020365554;-0.000484876;0.016195636;WT-like;WT-like;subs
695;K23S;-0.167959526;0.02223885;-0.057748369;0.017121306;WT-like;low;subs
696;K23W;-0.100745663;0.023748627;-0.038409497;0.01785416;WT-like;WT-like;subs
697;K23C;-0.049452263;0.031856057;-0.022838568;0.025471843;WT-like;WT-like;subs
698;K23L;0.010605294;0.021652907;-0.016984715;0.017629576;WT-like;WT-like;subs
699;K23F;-0.066698722;0.021838005;-0.022947104;0.015865468;WT-like;WT-like;subs
700;Q22H;-0.555479525;0.0437659;-0.300019274;0.020568545;low;low;VOUS
701;Q22P;-0.828738169;0.05944122;-0.672431346;0.058983989;low;low;VOUS
702;Q22E;-0.327989623;0.025246937;-0.170046933;0.01899592;low;low;subs
703;Q22D;-0.805946743;0.038225424;-0.534735469;0.029689858;low;low;subs
704;Q22A;-0.388032469;0.028814598;-0.175063369;0.021143456;low;low;subs
705;Q22G;-0.786323761;0.038111468;-0.507551797;0.024172311;low;low;subs
706;Q22V;-0.477983145;0.026318359;-0.254329483;0.018354373;low;low;subs
707;Q22Y;-0.751041657;0.035681014;-0.467345983;0.019360713;low;low;subs
708;Q22S;-0.436059916;0.025361196;-0.206489689;0.020287626;low;low;subs
709;Q22W;-0.888915147;0.044998643;-0.717260042;0.034454059;Stop-like;low;subs
710;Q22C;-0.41024937;0.033274486;-0.158996362;0.023480509;low;low;subs
711;Q22L;-0.646934676;0.031624315;-0.332042468;0.019715351;low;low;VOUS
712;Q22F;-0.831236502;0.036519834;-0.675569202;0.028484667;low;low;subs
713;E21D;-0.173345097;0.024201677;-0.078236132;0.018728481;WT-like;low;subs
714;E21A;-0.106482302;0.024102137;-0.068572902;0.02106595;WT-like;low;subs
715;E21G;-0.414495484;0.026749686;-0.192628001;0.019631298;low;low;subs
716;E21V;-0.145446407;0.025651133;-0.065826476;0.022882558;WT-like;low;subs
717;E21Y;-0.026826227;0.024710596;-0.007702942;0.018524192;WT-like;WT-like;subs
718;E21S;-0.063349104;0.029655431;-0.049909012;0.024396005;WT-like;WT-like;subs
719;E21W;-0.188823986;0.023648079;-0.040814217;0.019867375;WT-like;WT-like;subs
720;E21C;-0.226711525;0.025232931;-0.051085485;0.01881143;low;WT-like;subs
721;E21L;-0.140898171;0.021465095;-0.075959594;0.015947802;WT-like;low;subs
722;E21F;-0.164770888;0.026135768;-0.025049569;0.01806466;WT-like;WT-like;subs
723;F20L;-0.308467895;0.034971365;-0.134943202;0.027418477;low;low;VOUS
724;W32C;-0.190735894;0.023186329;-0.118426836;0.015830452;low;low;subs
725;N19T;-0.186053973;0.021990187;-0.051077548;0.015930711;WT-like;WT-like;subs
726;N19R;-0.105052515;0.025893486;-0.024904845;0.018747016;WT-like;WT-like;subs
727;N19M;-0.054099808;0.019506469;-0.046031491;0.014345254;WT-like;WT-like;subs
728;N19Q;-0.114926537;0.025622761;-0.049895397;0.020249995;WT-like;WT-like;subs
729;N19H;-0.025860106;0.0209324;-0.000937352;0.016553992;WT-like;WT-like;subs
730;N19P;-0.893201108;0.03977899;-0.878566797;0.041645883;Stop-like;Stop-like;subs
731;N19E;-0.050260095;0.021594633;-0.069851397;0.017825599;WT-like;low;subs
732;N19D;-0.594088841;0.031092552;-0.32988898;0.022910282;low;low;subs
733;N19A;-0.282175564;0.027033011;-0.146469655;0.021067657;low;low;subs
734;N19G;-0.531365379;0.027868289;-0.201796674;0.01822088;low;low;subs
735;N19V;-0.25447359;0.025679197;-0.101137723;0.01857073;low;low;subs
736;N19S;-0.168604634;0.022837036;-0.070194937;0.016918982;WT-like;low;Likely benign
737;N19W;-0.089065153;0.023930482;-0.056152172;0.017248927;WT-like;low;subs
738;N19C;-0.11557475;0.023135627;-0.035289865;0.021049289;WT-like;WT-like;subs
739;N19L;-0.260137125;0.021397425;-0.101750551;0.013677567;low;low;subs
740;N19F;-0.104328378;0.025191047;-0.024691899;0.023043712;WT-like;WT-like;subs
741;H43N;-0.649576047;0.040777591;-0.434688577;0.027019038;low;low;subs
742;H48D;0.014382673;0.025386285;-0.077546877;0.017762719;WT-like;low;subs
743;I18Q;-0.878555137;0.046822597;-0.751368773;0.041519969;Stop-like;low;subs
744;I18H;-0.949806923;0.051129537;-0.797769558;0.035640852;Stop-like;low;subs
745;I18P;-0.864802416;0.038341243;-0.889865764;0.039687795;low;Stop-like;subs
746;I18E;-0.955733142;0.057130025;-0.764229063;0.038410146;Stop-like;low;subs
747;I18D;-0.897101818;0.041207229;-0.717756392;0.029014192;Stop-like;low;subs
748;I18A;-0.807502845;0.04593831;-0.613052246;0.036032989;low;low;subs
749;I18G;-0.889492459;0.041388728;-0.765145411;0.035231492;Stop-like;low;subs
750;I18V;-0.031534418;0.022147087;-0.067263311;0.019502916;WT-like;low;subs
751;I18Y;-0.916084811;0.040765639;-0.835747271;0.035738516;Stop-like;low;subs
752;I18S;-0.912745831;0.043198565;-0.822580029;0.041777175;Stop-like;low;subs
753;I18W;-0.920479455;0.05002191;-0.957453314;0.06617361;Stop-like;Stop-like;subs
754;I18C;-0.694023037;0.038085421;-0.337735046;0.024065737;low;low;subs
755;I18L;-0.138935944;0.025804575;-0.080100267;0.017506931;WT-like;low;subs
756;I18F;-0.710856649;0.05174422;-0.449172411;0.038819138;low;low;VOUS
757;I17M;-0.012580073;0.023141201;-0.04153245;0.01785491;WT-like;WT-like;subs
758;G44E;-0.309676154;0.034654215;-0.19623909;0.020086761;low;low;subs
759;I17Q;-0.143859723;0.028216363;-0.073481441;0.025455322;WT-like;low;subs
760;I17H;-0.323203537;0.027427909;-0.150560741;0.019523839;low;low;subs
761;I17P;-0.952857845;0.045924294;-0.809421586;0.030362068;Stop-like;low;subs
762;I17E;-0.090400984;0.024174279;-0.031218874;0.017835777;WT-like;WT-like;subs
763;I17D;-0.539523344;0.027441687;-0.297635982;0.019325407;low;low;subs
764;I17A;-0.488397403;0.028919293;-0.207863645;0.027027516;low;low;subs
765;I17G;-0.746433149;0.035566517;-0.540103323;0.025145989;low;low;subs
766;I17V;0.058319853;0.022573437;-0.005749603;0.020926397;high;WT-like;Negative
767;I17Y;-0.114199562;0.024710936;-0.051770804;0.018812569;WT-like;WT-like;subs
768;I17S;-0.286039769;0.026339458;-0.136513763;0.021962426;low;low;subs
769;I17W;-0.284947059;0.028357289;-0.104847675;0.017134532;low;low;subs
770;I17C;-0.175801569;0.026530668;-0.086433886;0.019149404;WT-like;low;subs
771;I17L;-0.039946002;0.022907958;-0.039120881;0.018152881;WT-like;WT-like;subs
772;I17F;-0.099414893;0.024666031;-0.032093835;0.02120505;WT-like;WT-like;subs
773;G16V;-0.907163484;0.038905173;-1.132940814;0.054780827;Stop-like;Stop-like;Negative
774;G16S;-0.644580834;0.043629048;-0.522780313;0.043037583;low;low;VOUS
775;G16W;-0.885498559;0.039329716;-1.094683386;0.073409071;Stop-like;Stop-like;subs
776;G16C;-0.874692746;0.057107879;-1.038957986;0.108316934;low;Stop-like;Likely pathogenic
777;G16L;-0.873944445;0.04468766;-1.140652423;0.084867798;low;Stop-like;subs
778;G16F;-0.987585871;0.065096031;-1.028284816;0.085300826;Stop-like;Stop-like;subs
779;Q15H;-0.081933533;0.02364385;-0.014662751;0.017018424;WT-like;WT-like;Negative
780;Q15P;-0.868662886;0.040009069;-0.853552825;0.032701154;low;low;subs
781;Q15E;0.104072962;0.019546461;0.009910565;0.018329286;high;WT-like;Negative
782;Q15D;-0.024025686;0.023975881;-0.023974235;0.02105727;WT-like;WT-like;subs
783;Q15A;-0.105457406;0.023322229;-0.031625751;0.022119023;WT-like;WT-like;subs
784;Q15G;-0.094736674;0.019821243;-0.030032178;0.016706187;WT-like;WT-like;subs
785;Q15V;-0.061285063;0.023985673;-0.042653912;0.018499998;WT-like;WT-like;subs
786;Q15Y;-0.009888471;0.022169302;-0.001600513;0.016449928;WT-like;WT-like;subs
787;Q15S;-0.035062913;0.021344348;-0.025005421;0.0182097;WT-like;WT-like;subs
788;Q15W;-0.154524905;0.02618342;-0.067135254;0.021460464;WT-like;low;subs
789;Q15C;-0.32603543;0.024651183;-0.096596873;0.016550787;low;low;subs
790;Q15L;-0.06335668;0.023787599;-0.010468239;0.017510955;WT-like;WT-like;subs
791;Q15F;-0.049556648;0.020381838;-0.000921924;0.017908366;WT-like;WT-like;subs
792;V14Y;-0.522221074;0.033149587;-0.272490389;0.023919541;low;low;subs
793;V14S;-0.262869591;0.025443789;-0.149334798;0.020190819;low;low;subs
794;V14W;-0.773490572;0.035909256;-0.4651918;0.02526162;low;low;subs
795;V14C;-0.070679768;0.022165961;-0.048151279;0.015418445;WT-like;WT-like;subs
796;V14F;-0.449477352;0.029014287;-0.297998118;0.031978766;low;low;subs
797;T39N;-0.457438575;0.027983383;-0.140650386;0.017329833;low;low;subs
798;F50I;-0.503201351;0.04194561;-0.231920884;0.025585138;low;low;subs
799;H48Y;-0.274147011;0.032472783;-0.149020702;0.023655297;low;low;subs
800;P13E;0.011785569;0.021637592;-0.021707409;0.018738743;WT-like;WT-like;subs
801;P13D;0.075675719;0.019995107;-0.046453816;0.019925924;high;WT-like;subs
802;P13A;-0.158459117;0.023227275;-0.092297985;0.019294025;WT-like;low;subs
803;P13G;0.019725529;0.021009126;-0.039797065;0.017871808;WT-like;WT-like;subs
804;P13V;-0.114966802;0.022825163;-0.035309399;0.018300475;WT-like;WT-like;subs
805;P13Y;-0.146125856;0.022975863;-0.082208793;0.019398531;WT-like;low;subs
806;P13S;-0.004023225;0.027934217;-0.029010311;0.020706151;WT-like;WT-like;subs
807;P13W;-0.433096284;0.026341073;-0.12746955;0.02003189;low;low;subs
808;P13C;-0.112785674;0.022626218;-0.047160969;0.018081055;WT-like;WT-like;subs
809;P13L;-0.097232815;0.022884069;-0.050746636;0.017819008;WT-like;WT-like;subs
810;P13F;-0.162247918;0.021807778;-0.063039566;0.01705331;WT-like;low;subs
811;G12V;-0.504044262;0.025284981;-0.215258971;0.01808869;low;low;subs
812;G12Y;-0.202804301;0.02584823;-0.078261657;0.019285348;low;low;subs
813;G12S;-0.371697208;0.034082805;-0.126149403;0.024297987;low;low;subs
814;G12W;-0.31770446;0.024306821;-0.121339828;0.016288097;low;low;subs
815;G12C;-0.244701581;0.023675262;-0.082463406;0.018863005;low;low;subs
816;G12L;-0.294751317;0.02314159;-0.106343983;0.015636313;low;low;subs
817;G12F;-0.433924133;0.028983392;-0.138805146;0.016533478;low;low;subs
818;S25T;0.058312935;0.022780916;-0.007009419;0.019428941;high;WT-like;subs
819;G27E;-0.04069262;0.032388985;-0.079798235;0.030312814;WT-like;low;subs
820;I35M;-0.29991813;0.022875692;-0.135532842;0.01628152;low;low;subs
821;K23N;0.003564402;0.022525791;-0.010722011;0.018240698;WT-like;WT-like;subs
822;D11A;-0.003107437;0.022319016;-0.052295568;0.021293829;WT-like;WT-like;subs
823;D11G;-0.136997046;0.02424659;-0.063777606;0.02042692;WT-like;low;Negative
824;D11V;-0.06586245;0.021422938;-0.04071516;0.017343494;WT-like;WT-like;subs
825;D11Y;-0.131413681;0.023047575;-0.058873229;0.020134421;WT-like;low;VOUS
826;D11S;0.021023019;0.021489803;-0.005123745;0.016495236;WT-like;WT-like;subs
827;D11W;-0.276712875;0.023699919;-0.091558519;0.01709887;low;low;subs
828;D11C;-0.05743747;0.020848601;-0.033902945;0.018745291;WT-like;WT-like;subs
829;D11L;-0.049683477;0.023103467;-0.03058793;0.01937189;WT-like;WT-like;subs
830;D11F;-0.17462276;0.020566984;-0.070411631;0.014969963;WT-like;low;subs
831;S34R;0.049869112;0.024772028;0.045555694;0.020513114;high;high;subs
832;T39I;-0.164177649;0.024157336;-0.0480425;0.01719213;WT-like;WT-like;subs
833;N26H;-0.079336491;0.024843437;-0.028894124;0.019095201;WT-like;WT-like;subs
834;G10V;-0.768978614;0.037623209;-0.531254243;0.028830338;low;low;subs
835;G10Y;-0.766674778;0.039961259;-0.477302193;0.032145117;low;low;subs
836;G10S;-0.35870237;0.024391514;-0.146474678;0.02125024;low;low;Negative
837;G10W;-0.831945181;0.036059855;-0.666033483;0.027775845;low;low;subs
838;G10C;-0.226414583;0.022197511;-0.065284462;0.016705356;low;low;subs
839;G10L;-0.93004024;0.048762304;-0.679264297;0.034954435;Stop-like;low;subs
840;G10F;-0.872372315;0.04365535;-0.588477522;0.024156621;low;low;subs
841;K9N;0.021568273;0.02643908;-0.003821045;0.019258829;WT-like;WT-like;Negative
842;K9T;-0.232960881;0.0238826;-0.081715551;0.016006038;low;low;subs
843;K9R;-0.005217367;0.020715189;-0.01109682;0.021391233;WT-like;WT-like;subs
844;K9M;-0.180823543;0.025266449;-0.015942892;0.018008327;WT-like;WT-like;subs
845;K9I;-0.230236974;0.022936902;-0.046474994;0.018473969;low;WT-like;subs
846;K9Q;0.055146591;0.020318727;0.002484959;0.016502976;high;WT-like;Negative
847;K9H;0.038058743;0.025499659;-0.046198217;0.021853769;WT-like;WT-like;subs
848;K9P;-0.985295668;0.042228965;-0.851155887;0.039427783;Stop-like;low;subs
849;K9E;0.031217593;0.022157073;0.024847534;0.020527027;WT-like;WT-like;subs
850;K9D;-0.055392225;0.024856101;-0.027013719;0.021387904;WT-like;WT-like;subs
851;K9A;-0.272302579;0.026471571;-0.099702903;0.01863705;low;low;subs
852;K9G;-0.138806722;0.023969958;-0.026072672;0.01800577;WT-like;WT-like;subs
853;K9V;-0.121791265;0.022834433;-0.013522458;0.018362474;WT-like;WT-like;subs
854;K9Y;-0.100454559;0.021812166;-0.048978752;0.018259284;WT-like;WT-like;subs
855;K9S;-0.550463622;0.028139617;-0.170670027;0.016592722;low;low;subs
856;K9W;-0.351362795;0.030639143;-0.078773725;0.022511208;low;low;subs
857;K9C;-0.140113751;0.023360325;-0.030723187;0.022377908;WT-like;WT-like;subs
858;K9L;-0.275387981;0.030524241;-0.054732349;0.023009968;low;WT-like;subs
859;K9F;-0.56696213;0.034764331;-0.207023409;0.024304538;low;low;subs
860;L8E;-0.81757486;0.054914945;-0.572458361;0.050573458;low;low;subs
861;L8D;-0.842924054;0.037896681;-0.613495662;0.028250339;low;low;subs
862;L8A;-0.865847912;0.041741811;-0.696702205;0.034552884;low;low;subs
863;L8G;-0.861818938;0.041886127;-0.683972517;0.030278999;low;low;subs
864;L8V;0.080272467;0.020049077;-0.025100683;0.017196859;high;WT-like;VOUS
865;L8Y;-0.728015134;0.029651343;-0.551643129;0.021999145;low;low;subs
866;L8S;-0.903693095;0.042753735;-0.742237186;0.042983213;Stop-like;low;subs
867;L8W;-0.792714653;0.039897709;-0.683139751;0.035484582;low;low;subs
868;L8C;-0.52964701;0.026948227;-0.348957726;0.019441967;low;low;subs
869;L8F;-0.094767279;0.023431953;-0.078723978;0.01865414;WT-like;low;subs
870;V7Y;-0.030615149;0.023971687;-0.00859968;0.020704575;WT-like;WT-like;subs
871;V7S;-0.62542658;0.030367717;-0.218403491;0.01955272;low;low;subs
872;V7W;-0.400561958;0.030264762;-0.134073108;0.019215666;low;low;subs
873;V7C;-0.174373639;0.022845769;-0.069990267;0.020239332;WT-like;low;subs
874;V7F;-0.245973949;0.02468919;-0.058580195;0.018829458;low;low;subs
875;C6W;-0.957979033;0.056764487;-1.004443271;0.063547953;Stop-like;Stop-like;Likely pathogenic
876;N19K;-0.082200187;0.02926832;-0.026347841;0.024697103;WT-like;WT-like;subs
877;H46Q;0.016962339;0.030213784;-0.015212728;0.021213582;WT-like;WT-like;subs
878;F50S;-0.034026222;0.028555977;-0.063652115;0.015354801;WT-like;low;subs
879;K23M;-0.014002691;0.029202596;-0.02736134;0.028338116;WT-like;WT-like;subs
880;V14L;-0.027580297;0.022125207;-0.033454755;0.017300062;WT-like;WT-like;Likely pathogenic
881;C6L;-0.879618395;0.049208716;-0.858492857;0.054553837;Stop-like;low;subs
882;C6F;-0.941567389;0.042915017;-1.083025201;0.05523411;Stop-like;Stop-like;VOUS
883;V5Y;-0.160708528;0.020966936;-0.174580968;0.01878171;WT-like;low;subs
884;V5S;0.001664781;0.022972238;-0.026902029;0.016195343;WT-like;WT-like;subs
885;V5W;-0.276878658;0.026560299;-0.263836736;0.021142334;low;low;subs
886;V5C;-0.268569858;0.025095638;-0.152219852;0.020715208;low;low;subs
887;V5L;-0.093000402;0.023285716;-0.05835534;0.019705522;WT-like;low;subs
888;V5F;-0.074615912;0.023320419;-0.140208419;0.019853176;WT-like;low;subs
889;V7L;0.196302796;0.024310634;0.043961054;0.025690182;high;WT-like;subs
890;A4G;0.244394821;0.020242903;0.02957864;0.017209508;high;WT-like;subs
891;A4V;-0.194661982;0.025337592;-0.133738151;0.019365496;low;low;Pathogenic
892;A4Y;-0.394437643;0.029708932;-0.321718549;0.020106697;low;low;subs
893;A4S;-0.040087254;0.022490518;-0.086737236;0.020707189;WT-like;low;Likely pathogenic
894;A4W;-0.874613838;0.046937896;-0.787495515;0.037314822;low;low;subs
895;A4C;0.137520872;0.018576576;0.004080099;0.017929236;high;WT-like;subs
896;A4L;-0.22162837;0.027870008;-0.213862501;0.02045981;low;low;subs
897;A4F;-0.531332993;0.032264026;-0.389502446;0.033687296;low;low;subs
898;K3N;-0.022135785;0.023956217;-0.002048384;0.018031488;WT-like;WT-like;subs
899;K3T;0.055599411;0.021083874;-0.024316006;0.020255999;high;WT-like;subs
900;K3R;0.082073428;0.024763703;0.005586001;0.040388347;high;WT-like;subs
901;K3M;-0.314040427;0.027051182;-0.111261126;0.018147892;low;low;subs
902;K3I;0.002867204;0.02438719;-0.047059157;0.021675026;WT-like;WT-like;subs
903;K3Q;-0.187588456;0.02593603;-0.085075538;0.021958513;WT-like;low;Likely pathogenic
904;K3H;-0.290023209;0.023411618;-0.107483674;0.018917045;low;low;subs
905;K3P;-0.892799151;0.053659019;-0.620893521;0.042231388;Stop-like;low;subs
906;K3E;-0.097093746;0.027221704;-0.076629221;0.025419104;WT-like;low;subs
907;K3D;-0.344019232;0.026242272;-0.118928923;0.017867467;low;low;subs
908;K3A;-0.313750971;0.026237883;-0.117784415;0.020350428;low;low;subs
909;K3G;-0.161957374;0.029181334;-0.022250963;0.020718281;WT-like;WT-like;subs
910;K3V;-0.04031849;0.021928967;-0.021847862;0.018750086;WT-like;WT-like;subs
911;K3Y;-0.054838204;0.027277815;-0.031182451;0.024074302;WT-like;WT-like;subs
912;K3S;-0.101703118;0.024629805;-0.039995169;0.01764323;WT-like;WT-like;subs
913;K3W;-0.426561425;0.031814089;-0.160506445;0.01988634;low;low;subs
914;K3C;-0.125274225;0.023218901;-0.014723792;0.017013554;WT-like;WT-like;subs
915;K3L;0.011624758;0.021796068;-0.032168588;0.01788696;WT-like;WT-like;subs
916;K3F;-0.004727771;0.021680771;-0.036398143;0.021074148;WT-like;WT-like;subs
917;E40Q;-0.086329396;0.026317191;-0.010885071;0.017450612;WT-like;WT-like;subs
918;F50Y;0.069339518;0.030410316;-0.020108066;0.017921963;high;WT-like;subs
919;H46D;-0.303190285;0.037141167;-0.144546584;0.027200743;low;low;subs
920;N19Y;0.041630949;0.025272675;-0.023167198;0.020963341;WT-like;WT-like;subs
921;T2R;0.104566461;0.024820443;0.028042468;0.029346039;high;WT-like;Negative
922;T2M;0.061387428;0.022786859;0.013702071;0.020652932;high;WT-like;subs
923;T2I;0.013783201;0.026017913;0.0029167;0.023333439;WT-like;WT-like;subs
924;T2Q;-0.095585593;0.023924061;-0.010645818;0.018210435;WT-like;WT-like;subs
925;T2H;-0.219359222;0.026253755;-0.104152975;0.024491569;low;low;subs
926;T2P;-0.694757608;0.046834009;-0.293672649;0.026689417;low;low;subs
927;T2E;-0.017758274;0.024528021;-0.028452299;0.022525855;WT-like;WT-like;subs
928;T2D;-0.08257382;0.026504257;-0.03077907;0.023424308;WT-like;WT-like;subs
929;T2A;-0.888643747;0.043535953;-0.642127007;0.030891977;Stop-like;low;subs
930;T2G;-0.264425755;0.025043895;-0.066759684;0.021052701;low;low;subs
931;T2V;-0.430070445;0.036509547;-0.16192146;0.024288366;low;low;subs
932;T2Y;-0.028195475;0.023006919;-0.007627044;0.017630156;WT-like;WT-like;subs
933;T2S;-0.135980117;0.024422932;-0.061737522;0.02353357;WT-like;low;subs
934;T2W;-0.073814434;0.023903578;-0.009811376;0.016746888;WT-like;WT-like;subs
935;T2C;-0.054417893;0.025121174;-0.00119869;0.019132854;WT-like;WT-like;subs
936;T2L;-0.05451263;0.01991508;0.001554609;0.015625755;WT-like;WT-like;subs
937;T2F;-0.147070646;0.02690528;-0.050143807;0.021316469;WT-like;WT-like;subs
938;N19I;-0.559623675;0.030436288;-0.213913729;0.01831185;low;low;VOUS
939;A1G;0.20069105;0.021618099;0.046023197;0.018957059;high;high;subs
940;A1V;0.249587444;0.021925841;0.052409146;0.019633511;high;high;Negative
941;A1Y;0.323219082;0.023510165;0.037512079;0.021062318;high;WT-like;subs
942;A1S;0.275952927;0.023754197;0.039589199;0.020463359;high;high;subs
943;A1W;0.199088462;0.01952376;0.05403532;0.015941157;high;high;subs
944;A1C;0.309523734;0.020547931;0.056723337;0.015612658;high;high;subs
945;A1L;0.299061228;0.021044615;0.06022594;0.021041077;high;high;subs
946;A1F;0.298299025;0.025301166;0.025263112;0.022485063;high;WT-like;subs
947;I17I;0.058547332;0.023726463;0.011146037;0.020117637;high;WT-like;VOUS
948;P28P;-0.094643979;0.023352076;-0.041093918;0.018780482;WT-like;WT-like;Synonymous
949;E24E;0.029124967;0.026961498;-0.042276853;0.028146238;WT-like;WT-like;Synonymous
950;K23K;0.037363594;0.025139412;-0.012217709;0.020275613;WT-like;WT-like;Synonymous
951;W32W;0.093573677;0.025875965;0.016290367;0.017569518;high;WT-like;Synonymous
952;N26N;-0.091461591;0.037407176;-0.012948211;0.027613215;WT-like;WT-like;Synonymous
953;I35I;0.026279567;0.030074184;0.01861852;0.019258644;WT-like;WT-like;Synonymous
954;H43H;-0.048475657;0.022826404;0.028563763;0.015848732;WT-like;high;Synonymous
955;E49E;0.064636923;0.022097075;0.015234547;0.015581476;high;WT-like;Synonymous
956;H48H;0.003063518;0.020714894;-0.016502746;0.013474071;WT-like;WT-like;Synonymous
957;L42L;0.066956456;0.020262607;0.013209001;0.015234709;high;WT-like;Synonymous
958;E40E;-0.032981185;0.024916398;0.007377178;0.017423355;WT-like;WT-like;Synonymous
959;S34S;0.024199732;0.022045748;0.018336729;0.019347437;WT-like;WT-like;Synonymous
960;G33G;-0.033059133;0.019960972;0.011819584;0.016291405;WT-like;WT-like;Synonymous
961;S25S;0.000888253;0.018399921;0.005560021;0.015632138;WT-like;WT-like;Synonymous
962;G41G;0.059275196;0.020608851;0.024067892;0.016386872;high;WT-like;Synonymous
963;L38L;-0.045743024;0.025090769;-0.00434836;0.017897212;WT-like;WT-like;Synonymous
964;I18I;0.016850868;0.026526878;-0.006395622;0.02532659;WT-like;WT-like;Synonymous
965;P13P;-0.378754052;0.026918601;-0.119216375;0.018306637;low;low;Synonymous
966;G12G;0.056361848;0.027681346;-0.025295621;0.022594616;high;WT-like;VOUS
967;Q22Q;0.038174693;0.021005406;0.021212672;0.017030064;high;WT-like;Synonymous
968;D11D;0.054871695;0.025330943;-0.000739408;0.024231601;high;WT-like;Synonymous
969;C6C;0.116007603;0.028938609;-0.020883094;0.034830794;high;WT-like;Synonymous
970;V5V;-0.201712519;0.023623523;-0.058772393;0.017948797;low;low;Synonymous
971;A4A;0.327986626;0.024610382;0.052157505;0.019551286;high;high;Synonymous
972;T2T;0.053813658;0.032933;-0.025898196;0.032279623;WT-like;WT-like;Synonymous
973;A1A;-0.18647082;0.030473001;-0.055340102;0.020525726;WT-like;WT-like;Synonymous
974;C57G;-0.003452924;0.029667987;0.018248589;0.021484651;WT-like;WT-like;subs
975;K91N;0.004683845;0.050277894;-0.004181044;0.028627449;WT-like;WT-like;Negative
976;G61A;-0.080560906;0.03122692;-0.041852184;0.023960866;WT-like;WT-like;subs
977;D83E;-0.441744295;0.055117308;-0.322636672;0.034444882;low;low;subs
978;N86K;-0.55635085;0.074873353;-0.338251812;0.039449506;low;low;subs
979;G93V;-0.901908099;0.105821368;-0.868520174;0.079041311;Stop-like;Stop-like;subs
980;T54K;-0.044072444;0.043510238;-0.074161757;0.029993349;WT-like;low;subs
981;T54N;-0.08202979;0.041850639;-0.047640638;0.023443072;WT-like;WT-like;subs
982;A55K;0.087414881;0.042214493;0.020782063;0.027276491;high;WT-like;subs
983;A55N;0.031495414;0.036787271;0.023215631;0.026139219;WT-like;WT-like;subs
984;A55T;0.055413204;0.033100515;0.002642624;0.023172226;WT-like;WT-like;subs
985;A55R;0.042235317;0.03697291;0.042486358;0.022953851;WT-like;high;subs
986;A55M;-0.003930236;0.035416173;0.026847299;0.023274386;WT-like;WT-like;subs
987;A55I;-0.046559753;0.034976262;-0.023502948;0.022919681;WT-like;WT-like;subs
988;A55Q;0.052674339;0.029107591;0.017640717;0.022589066;high;WT-like;subs
989;A55H;-0.043250603;0.030860885;-0.006861876;0.020802089;WT-like;WT-like;subs
990;A55P;-0.085887882;0.042792606;-0.020651989;0.027898251;WT-like;WT-like;subs
991;A55E;0.071457936;0.049433675;0.017164638;0.026139171;WT-like;WT-like;subs
992;A55D;0.018945659;0.034371163;0.051799124;0.020931963;WT-like;high;subs
993;G56K;-0.078047616;0.032464067;-0.077274182;0.035018373;WT-like;low;subs
994;G56N;-0.046064389;0.038228159;-0.044984828;0.032956204;WT-like;WT-like;subs
995;G56T;-0.075924105;0.029850249;-0.053639931;0.022241907;WT-like;WT-like;subs
996;G56R;-0.130256131;0.044109863;-0.070930623;0.026596368;WT-like;low;subs
997;G56M;-0.035044414;0.031526608;-0.067149983;0.022724849;WT-like;low;subs
998;G56I;-0.165324743;0.039776027;-0.09830461;0.025169267;WT-like;low;subs
999;G56Q;-0.056650233;0.027849287;-0.092707626;0.021929755;WT-like;low;subs
1000;G56H;-0.07295236;0.032362585;-0.118679149;0.02126475;WT-like;low;subs
1001;G56P;0.022299075;0.032853767;-0.039294178;0.021006295;WT-like;WT-like;subs
1002;G56E;-0.16136609;0.040953383;-0.048861572;0.026539901;WT-like;WT-like;subs
1003;G56D;-0.012659193;0.031493106;-0.032991898;0.021877547;WT-like;WT-like;subs
1004;G56A;0.040637174;0.034890715;-0.036651767;0.022208447;WT-like;WT-like;subs
1005;C57K;-0.040435982;0.03333731;-0.095916011;0.022223871;WT-like;low;subs
1006;C57N;0.044486482;0.038118529;-0.019141435;0.02330998;WT-like;WT-like;subs
1007;C57T;0.043778797;0.034339193;0.000164967;0.020104651;WT-like;WT-like;subs
1008;C57R;-0.057830587;0.035620639;-0.023395132;0.026849618;WT-like;WT-like;subs
1009;C57M;0.065257899;0.034034617;0.031983566;0.022578742;high;WT-like;subs
1010;C57I;0.05817403;0.027480201;0.01460336;0.021692165;high;WT-like;subs
1011;C57Q;0.042972474;0.030586256;0.003026343;0.021814762;WT-like;WT-like;subs
1012;C57H;-0.004713802;0.032818365;0.001414035;0.021059683;WT-like;WT-like;subs
1013;C57P;0.017220891;0.033550362;0.034621597;0.019446317;WT-like;WT-like;subs
1014;C57E;0.038933342;0.033598376;0.010097471;0.021844683;WT-like;WT-like;subs
1015;C57D;0.049439907;0.0368655;-0.006611152;0.022567404;WT-like;WT-like;subs
1016;C57A;0.04346582;0.036983771;0.022272266;0.021500344;WT-like;WT-like;subs
1017;C57V;0.077243334;0.041115141;0.027290601;0.022584496;high;WT-like;subs
1018;C57Y;0.022840729;0.054989652;0.061992864;0.038030346;WT-like;WT-like;subs
1019;C57S;-0.044016094;0.062445095;0.009936281;0.030374652;WT-like;WT-like;Negative
1020;P62A;0.003653874;0.032115384;0.008306696;0.020403797;WT-like;WT-like;subs
1021;G61V;-0.136191676;0.036828932;-0.084315021;0.022148638;WT-like;low;subs
1022;C57W;-0.029406188;0.069117546;-0.101698016;0.032248419;WT-like;low;subs
1023;T58K;-0.005026749;0.047844567;0.019004676;0.026608509;WT-like;WT-like;subs
1024;T58N;0.015992021;0.036494423;-0.020320795;0.028684727;WT-like;WT-like;subs
1025;S59K;-0.044827357;0.031751212;-0.002664991;0.02338972;WT-like;WT-like;subs
1026;S59N;-0.157316955;0.03023032;-0.075202962;0.023548225;WT-like;low;VOUS
1027;S59T;0.007605073;0.0373983;-0.011334659;0.031295912;WT-like;WT-like;subs
1028;S59R;-0.130636839;0.030421654;-0.019607167;0.023429437;WT-like;WT-like;subs
1029;A60K;-0.084095369;0.030101493;-0.125364639;0.02536772;WT-like;low;subs
1030;A60N;-0.010395076;0.035737996;-0.013557226;0.022688812;WT-like;WT-like;subs
1031;A60T;-0.014522629;0.035521975;-0.030728183;0.02267769;WT-like;WT-like;Negative
1032;A60R;-0.025004377;0.034402456;-0.105738717;0.022994397;WT-like;low;subs
1033;A60M;0.019881185;0.032541449;-0.037127363;0.021727469;WT-like;WT-like;subs
1034;A60I;0.010499503;0.039437098;0.019964048;0.022044298;WT-like;WT-like;subs
1035;A60Q;-0.063748841;0.029875694;-0.043836754;0.022555681;WT-like;WT-like;subs
1036;A60H;0.008505915;0.028341356;-0.045175121;0.023270206;WT-like;WT-like;subs
1037;A60E;-0.168019276;0.061201893;-0.07443948;0.026816482;WT-like;low;Negative
1038;A60D;-0.090850107;0.041480899;-0.090575447;0.023386438;WT-like;low;subs
1039;G61K;-0.191251568;0.038789877;-0.17091389;0.026160285;low;low;subs
1040;G61N;-0.043516765;0.030825942;-0.001382916;0.023185411;WT-like;WT-like;subs
1041;G61T;-0.140074808;0.028962267;-0.12724368;0.021499501;WT-like;low;subs
1042;G61R;-0.202148002;0.035740261;-0.175603124;0.034507912;low;low;subs
1043;G61M;-0.184927719;0.040416383;-0.111166772;0.024187747;WT-like;low;subs
1044;G61I;-0.188922781;0.036874433;-0.128827;0.022644828;WT-like;low;subs
1045;G61Q;-0.103169376;0.038873426;-0.13607736;0.022312243;WT-like;low;subs
1046;G61H;-0.081769072;0.031415716;-0.151976936;0.021263953;WT-like;low;subs
1047;G61P;-0.154320534;0.033906939;-0.10011443;0.022127772;WT-like;low;subs
1048;G61E;-0.116167753;0.036632755;-0.127960517;0.02517304;WT-like;low;subs
1049;G61D;-0.097245846;0.06026901;-0.083798483;0.033406269;WT-like;low;subs
1050;P62K;-0.064605006;0.0311878;0.020621684;0.025708902;WT-like;WT-like;subs
1051;P62N;0.020060292;0.033029192;-0.039016798;0.02297607;WT-like;WT-like;subs
1052;P62T;-0.082248233;0.047796699;-0.053841323;0.032490671;WT-like;WT-like;subs
1053;P62R;0.005840873;0.033690381;0.000891065;0.024108653;WT-like;WT-like;subs
1054;P62M;-0.020541121;0.034986671;-0.002205862;0.021234299;WT-like;WT-like;subs
1055;P62I;-0.139921852;0.037325054;-0.069449975;0.02401338;WT-like;low;subs
1056;P62Q;0.000719023;0.03347442;0.008693558;0.022868418;WT-like;WT-like;subs
1057;G72A;-0.11362573;0.032877362;0.004878455;0.02356721;WT-like;WT-like;Negative
1058;V97M;-0.384118026;0.069974515;-0.295014761;0.044775819;low;low;Negative
1059;I99V;-0.074944648;0.040446018;-0.03338277;0.0373809;WT-like;WT-like;Negative_filt
1060;K91R;-0.047563984;0.041830499;-0.051850339;0.02663665;WT-like;WT-like;subs
1061;T88S;-0.12226142;0.041292976;0.003444509;0.026765563;WT-like;WT-like;subs
1062;H63K;-0.198317157;0.031648795;-0.032125138;0.024108545;low;WT-like;subs
1063;H63N;-0.475434561;0.043688474;-0.207320396;0.028561873;low;low;subs
1064;H63T;-0.130425305;0.033739816;0.022136644;0.021081536;WT-like;WT-like;subs
1065;H63R;-0.233381347;0.040127652;-0.035646971;0.025536486;low;WT-like;subs
1066;H63M;-0.119804922;0.044864485;0.043992972;0.02229372;WT-like;high;subs
1067;H63I;0.041653372;0.034473218;0.06065504;0.022371451;WT-like;high;subs
1068;F64K;-0.389128948;0.034366029;-0.301371599;0.025364631;low;low;subs
1069;F64N;-0.437573509;0.037736263;-0.29875359;0.027325327;low;low;subs
1070;F64T;-0.447286495;0.043031011;-0.227344192;0.026106737;low;low;subs
1071;F64R;-0.384149906;0.045879915;-0.350266509;0.027131765;low;low;subs
1072;F64M;-0.107106829;0.038082926;-0.08450301;0.023428779;WT-like;low;subs
1073;F64I;-0.331151731;0.034913568;-0.287807888;0.025950863;low;low;subs
1074;F64Q;-0.192871532;0.045202172;-0.207651194;0.024846967;low;low;subs
1075;F64H;-0.231123033;0.035587833;-0.146649674;0.024092471;low;low;subs
1076;F64P;-0.355069468;0.032533235;-0.349715497;0.02789298;low;low;subs
1077;F64E;-0.319339875;0.036077638;-0.281001145;0.023502645;low;low;subs
1078;F64D;-0.381234751;0.037339649;-0.33138176;0.026639563;low;low;subs
1079;F64A;-0.316867871;0.035162986;-0.274571639;0.02562575;low;low;subs
1080;F64G;-0.376988775;0.031014731;-0.297472757;0.026012153;low;low;subs
1081;F64V;-0.29378642;0.073160714;-0.263219146;0.036894982;low;low;subs
1082;F64Y;0.001035379;0.056213448;0.028776086;0.029021886;WT-like;WT-like;subs
1083;F64S;-0.253854528;0.048475758;-0.187836426;0.034350916;low;low;subs
1084;F64W;-0.149071823;0.034464613;-0.034374446;0.022874714;WT-like;WT-like;subs
1085;F64L;-0.084116922;0.035776384;-0.043930842;0.02273498;WT-like;WT-like;Likely pathogenic
1086;N65K;-0.366344662;0.049645922;-0.183141834;0.0284218;low;low;subs
1087;P66K;-0.118509315;0.042636976;-0.127633915;0.025379045;WT-like;low;subs
1088;P66N;-0.236494228;0.038591217;-0.141164393;0.025466032;low;low;subs
1089;P66R;-0.21581581;0.038948116;-0.082044566;0.022867594;low;low;subs
1090;P66M;-0.187877432;0.043215726;-0.090204812;0.024723316;WT-like;low;subs
1091;P66I;-0.155109024;0.040680783;-0.044183622;0.025169033;WT-like;WT-like;subs
1092;P66Q;-0.304808229;0.034613177;-0.105396157;0.023961335;low;low;subs
1093;P66H;-0.068881039;0.057717397;-0.162047091;0.029554555;WT-like;low;subs
1094;L67K;0.034372031;0.033462546;0.016821385;0.021911176;WT-like;WT-like;subs
1095;L67N;0.053704166;0.034959379;0.01400769;0.022183428;WT-like;WT-like;subs
1096;L67T;0.01921146;0.040183634;-0.011491088;0.021513814;WT-like;WT-like;subs
1097;L67R;-0.016989656;0.03130854;-0.004441115;0.02170044;WT-like;WT-like;subs
1098;L67M;-0.033281138;0.031672821;-0.008117345;0.021235176;WT-like;WT-like;subs
1099;L67I;-0.028046637;0.033066601;-0.056299232;0.021119346;WT-like;low;subs
1100;L67Q;0.009049616;0.053470333;0.003628049;0.023686881;WT-like;WT-like;subs
1101;L67H;-0.002705491;0.033983935;-0.012491477;0.022327208;WT-like;WT-like;subs
1102;L67P;-0.17071646;0.034153217;-0.083287385;0.022315485;WT-like;low;subs
1103;S68K;0.109353982;0.04174634;-0.026529412;0.025340521;high;WT-like;subs
1104;S68N;-0.074245724;0.041177682;0.020871832;0.022669798;WT-like;WT-like;subs
1105;S68T;0.069545122;0.044106733;0.026967758;0.021388216;WT-like;WT-like;subs
1106;S68R;-0.019318464;0.033298981;-0.039060539;0.021890673;WT-like;WT-like;subs
1107;S68M;0.030062768;0.037733307;-0.046701737;0.025047996;WT-like;WT-like;subs
1108;S68I;-0.096929375;0.048760927;-0.026008473;0.025209098;WT-like;WT-like;subs
1109;S68Q;-0.101556366;0.032159803;-0.010606367;0.021761421;WT-like;WT-like;subs
1110;S68H;-0.026807352;0.040306885;0.029831633;0.021621185;WT-like;WT-like;subs
1111;S68P;-0.032299196;0.039423439;-0.026122389;0.021703807;WT-like;WT-like;VOUS
1112;S68E;-0.016477846;0.030420746;0.002643649;0.02201662;WT-like;WT-like;subs
1113;S68D;0.003806584;0.039862935;-0.036801208;0.02172186;WT-like;WT-like;subs
1114;S68A;-0.029185593;0.035151369;-0.014565582;0.023022261;WT-like;WT-like;subs
1115;S68G;-0.030815204;0.037177363;-0.002539575;0.021428672;WT-like;WT-like;subs
1116;S68V;-0.040024464;0.030028402;-0.008382603;0.022052465;WT-like;WT-like;subs
1117;S68Y;-0.05375655;0.048338071;-0.04433645;0.028124863;WT-like;WT-like;Negative
1118;R69K;0.084928921;0.034724218;0.022755432;0.02293213;high;WT-like;subs
1119;R69N;0.066222199;0.031839442;0.003268865;0.02275453;high;WT-like;subs
1120;R69T;-0.046694256;0.032859472;0.039308285;0.019561097;WT-like;high;subs
1121;H71K;-0.231518281;0.038113028;-0.272887011;0.027998035;low;low;subs
1122;H71N;-0.369589479;0.038122504;-0.260847335;0.024314323;low;low;subs
1123;H71T;-0.320488707;0.038918054;-0.251265782;0.024681018;low;low;subs
1124;H71R;-0.240080451;0.035381775;-0.224599148;0.026092121;low;low;subs
1125;H71M;-0.338756008;0.03857072;-0.300243744;0.03016811;low;low;subs
1126;H71I;-0.41906255;0.042928648;-0.228655675;0.026876198;low;low;subs
1127;H71Q;-0.41474463;0.045808646;-0.247696808;0.028317501;low;low;VOUS
1128;G72K;-0.213570735;0.034466924;-0.20007626;0.024283544;low;low;subs
1129;G72N;-0.232568339;0.034867864;-0.16361819;0.023576368;low;low;subs
1130;G72T;-0.37445542;0.043303903;-0.234235161;0.023833931;low;low;subs
1131;G72R;-0.302203782;0.036328179;-0.222610377;0.027783275;low;low;subs
1132;G72M;-0.283069104;0.037032362;-0.190288972;0.02550223;low;low;subs
1133;G72I;-0.374470679;0.032154185;-0.303963711;0.026731954;low;low;subs
1134;G72Q;-0.192627253;0.029617441;-0.165648159;0.022336223;low;low;subs
1135;G72H;-0.302684681;0.0392993;-0.15357094;0.023453906;low;low;subs
1136;G72P;-0.381177697;0.035021414;-0.268354745;0.024292856;low;low;subs
1137;G72E;-0.38984311;0.039491107;-0.260710227;0.025435301;low;low;subs
1138;G72D;-0.476294992;0.0401819;-0.257141225;0.026658267;low;low;subs
1139;E77K;0.091109832;0.032273093;0.037243129;0.021177699;high;WT-like;subs
1140;V81I;-0.062133229;0.041711028;-0.019120272;0.023348481;WT-like;WT-like;subs
1141;G73K;-0.096820592;0.035568439;-0.057736065;0.021834456;WT-like;low;subs
1142;G73N;-0.031856705;0.029500516;-0.028155437;0.019852817;WT-like;WT-like;subs
1143;G73T;-0.152346663;0.034412643;-0.063438681;0.022021459;WT-like;low;subs
1144;G73R;-0.098944535;0.037586893;-0.081173046;0.021527722;WT-like;low;VOUS
1145;G73M;-0.120505193;0.028525352;-0.072308663;0.022146794;WT-like;low;subs
1146;G73I;-0.322441235;0.0354141;-0.239190582;0.02416898;low;low;subs
1147;G73Q;-0.020466598;0.029377755;-0.033020883;0.020583718;WT-like;WT-like;subs
1148;G73H;-0.015266913;0.026820404;-0.005357639;0.020939627;WT-like;WT-like;subs
1149;G73P;-0.043333142;0.030529867;-0.069047943;0.019517462;WT-like;low;subs
1150;G73E;-0.007603761;0.028874815;-0.014812046;0.020165203;WT-like;WT-like;Negative
1151;G73D;0.00173408;0.030995497;-0.014107547;0.021364447;WT-like;WT-like;subs
1152;G73A;-0.004844992;0.032263875;-0.021863573;0.020834464;WT-like;WT-like;subs
1153;P74K;-0.024718334;0.032425688;-0.037226667;0.021222882;WT-like;WT-like;subs
1154;P74N;-0.099415585;0.02690777;-0.023985942;0.020768727;WT-like;WT-like;subs
1155;P74T;-0.034253693;0.035489376;-0.02829166;0.020992159;WT-like;WT-like;subs
1156;P74R;-0.089919445;0.03136591;0.003778306;0.021288839;WT-like;WT-like;subs
1157;P74M;-0.066384185;0.032105777;-0.035888653;0.021681101;WT-like;WT-like;subs
1158;P74I;-0.035131641;0.030297053;-0.029315238;0.020915062;WT-like;WT-like;subs
1159;P74H;-0.006839845;0.031885333;-0.071274452;0.022745723;WT-like;low;subs
1160;H80N;-0.327651334;0.048649697;-0.307630728;0.027622616;low;low;subs
1161;D96G;-0.069920744;0.056423614;-0.099347475;0.030420499;WT-like;low;subs
1162;D76K;-0.070698844;0.036670527;-0.030680647;0.022460674;WT-like;WT-like;subs
1163;D76N;-0.017897332;0.033213324;-0.011019906;0.030329221;WT-like;WT-like;Negative
1164;D76T;-0.024447085;0.033639525;0.001309709;0.023187198;WT-like;WT-like;subs
1165;D76R;-0.074496792;0.041816929;-0.060538471;0.024099616;WT-like;low;subs
1166;D76M;-0.01622241;0.032943475;-0.024945906;0.021428481;WT-like;WT-like;subs
1167;D76I;0.033693617;0.032612949;-0.039850904;0.022365481;WT-like;WT-like;subs
1168;D76Q;-0.046760222;0.036373269;-0.009536098;0.022642728;WT-like;WT-like;subs
1169;D76H;0.073362535;0.03522703;-0.006101498;0.023903487;high;WT-like;subs
1170;D76P;-0.200804016;0.031286968;-0.163989664;0.024149457;low;low;subs
1171;D76E;-0.133981673;0.040170121;0.024577612;0.022196622;WT-like;WT-like;subs
1172;R79M;-0.483024051;0.040980353;-0.220997499;0.026129844;low;low;subs
1173;E77N;0.062898677;0.031648448;0.013525684;0.020200541;high;WT-like;subs
1174;E77T;-0.058237919;0.028543687;-0.021439346;0.020967342;WT-like;WT-like;subs
1175;E77R;7.83E-05;0.034188422;0.019509063;0.021412862;WT-like;WT-like;subs
1176;E77M;0.036940121;0.031284605;-0.044414622;0.021794179;WT-like;WT-like;subs
1177;E77I;-0.058520371;0.042403479;0.003978308;0.021428207;WT-like;WT-like;subs
1178;E77Q;-0.039421623;0.041276046;0.0069625;0.022485808;WT-like;WT-like;subs
1179;E77H;0.024471599;0.034440991;0.000927776;0.023278117;WT-like;WT-like;subs
1180;E77P;-0.043671487;0.037987132;0.006172828;0.020945631;WT-like;WT-like;subs
1181;E78K;-0.033554959;0.035963861;-0.024742779;0.021998278;WT-like;WT-like;subs
1182;E78N;-0.016761822;0.036295893;0.009383264;0.021257293;WT-like;WT-like;subs
1183;E78T;-0.01396174;0.027881049;-0.004505843;0.022774397;WT-like;WT-like;subs
1184;E78R;-0.047207261;0.034577246;0.010218388;0.022948551;WT-like;WT-like;subs
1185;E78M;-0.03356438;0.036198506;0.008912239;0.022276741;WT-like;WT-like;subs
1186;E78I;-0.028147418;0.03072843;-0.017304167;0.022794677;WT-like;WT-like;subs
1187;E78Q;-0.032704618;0.036611161;-0.000365311;0.020995972;WT-like;WT-like;subs
1188;E78H;-0.054560763;0.02921992;-0.010669096;0.021333217;WT-like;WT-like;subs
1189;E78P;-0.141513171;0.027722794;-0.063666713;0.021445481;WT-like;low;subs
1190;G82E;-0.355438441;0.046768301;-0.381081753;0.030830278;low;low;subs
1191;L84M;-0.092946242;0.035885254;-0.115657394;0.024455793;WT-like;low;subs
1192;G93A;-0.929152938;0.083329749;-0.574308053;0.047186183;Stop-like;low;VOUS
1193;D92V;-0.317085465;0.0318373;-0.099420633;0.029268501;low;low;VOUS
1194;R79K;-0.105659317;0.053047772;-0.111673027;0.023457738;WT-like;low;subs
1195;R79N;-0.388128467;0.040300495;-0.316679991;0.027071363;low;low;subs
1196;R79T;-0.384058614;0.037055264;-0.330251176;0.030567397;low;low;subs
1197;E100D;-0.031919943;0.056660433;-0.027260488;0.030975268;WT-like;WT-like;subs
1198;H80K;-0.245123517;0.031866343;-0.171443559;0.023125677;low;low;subs
1199;H80T;-0.275405098;0.037900426;-0.165103156;0.022637577;low;low;subs
1200;H80R;-0.371561179;0.038995931;-0.230870256;0.023834873;low;low;Likely pathogenic
1201;H80M;-0.27137733;0.036322136;-0.184051006;0.022718448;low;low;subs
1202;H80I;-0.106188874;0.032090758;-0.128456554;0.024095603;WT-like;low;subs
1203;H80Q;-0.301213033;0.038588485;-0.22874527;0.02527195;low;low;subs
1204;A89D;-1.123054814;0.08772342;-0.955058176;0.082242357;Stop-like;Stop-like;subs
1205;D96N;-0.045991499;0.052467106;0.052590315;0.024553784;WT-like;high;VOUS
1206;S98T;-0.049802385;0.058085194;0.024178987;0.028396456;WT-like;WT-like;subs
1207;V97L;-0.214263969;0.052697197;-0.123242489;0.030575937;low;low;VOUS
1208;N86T;-0.199865016;0.043330276;-0.207163175;0.026383579;low;low;subs
1209;V81K;-0.390511006;0.046433881;-0.233773332;0.026772481;low;low;subs
1210;V81N;-0.376030383;0.038460696;-0.188460676;0.026874197;low;low;subs
1211;V81T;-0.061590586;0.03507672;-0.03716973;0.02103437;WT-like;WT-like;subs
1212;V81R;-0.549609226;0.040210033;-0.380703823;0.031849149;low;low;subs
1213;V81M;-0.10363537;0.028967036;-0.0418785;0.023931321;WT-like;WT-like;subs
1214;V81Q;-0.390162491;0.03719298;-0.263566569;0.024693552;low;low;subs
1215;V81H;-0.158513353;0.037894692;-0.035116103;0.023250013;WT-like;WT-like;subs
1216;V81P;-0.263271436;0.031427557;-0.186941067;0.022234084;low;low;subs
1217;V81E;-0.404790517;0.038947157;-0.236981877;0.025520356;low;low;subs
1218;V81D;-0.272054641;0.055017738;-0.140763971;0.032998144;low;low;subs
1219;V81A;-0.036407029;0.036581728;-0.041262853;0.022645461;WT-like;WT-like;subs
1220;E100K;-0.141043195;0.052540243;-0.034002536;0.031461398;WT-like;WT-like;VOUS
1221;D96A;-0.016739617;0.039191975;0.00275192;0.024396911;WT-like;WT-like;subs
1222;V94L;-0.02019057;0.039625148;-0.025372045;0.023262979;WT-like;WT-like;subs
1223;N86D;-0.248206088;0.034224254;-0.192090283;0.023124957;low;low;subs
1224;G82K;-0.315736258;0.037950583;-0.305855048;0.027422366;low;low;subs
1225;G82N;-0.263583845;0.041143045;-0.298892165;0.026850439;low;low;subs
1226;G82T;-0.232668873;0.033458077;-0.236121095;0.025024396;low;low;subs
1227;G82R;-0.148219647;0.047878378;-0.255362567;0.032392325;WT-like;low;subs
1228;G82M;-0.18855586;0.03452095;-0.247981684;0.02381066;WT-like;low;subs
1229;G82I;-0.173017996;0.034556761;-0.214345435;0.023440295;WT-like;low;subs
1230;G82Q;-0.211919322;0.032393821;-0.285523341;0.028783874;low;low;subs
1231;G82H;-0.232829727;0.031564819;-0.236449488;0.023987001;low;low;subs
1232;G82P;-0.839595779;0.050090904;-0.58696648;0.034112497;low;low;subs
1233;G82D;-0.32013161;0.040114934;-0.320416334;0.027098395;low;low;subs
1234;G82A;-0.260098343;0.034073464;-0.289309532;0.023882642;low;low;subs
1235;D83K;-0.376993927;0.046090599;-0.290802375;0.025806511;low;low;subs
1236;D83N;-0.244904118;0.032252894;-0.246244564;0.025705541;low;low;subs
1237;D83T;-0.305199493;0.049797668;-0.313396629;0.029483145;low;low;subs
1238;D83R;-0.211900602;0.041544866;-0.267686282;0.027173571;low;low;subs
1239;D83M;-0.339971614;0.035218216;-0.257302428;0.027114765;low;low;subs
1240;D83I;-0.362560808;0.037691282;-0.2166947;0.026898408;low;low;subs
1241;D83Q;-0.467375327;0.038268405;-0.249315667;0.0260158;low;low;subs
1242;D83H;-0.292591422;0.034374208;-0.227252536;0.027552661;low;low;subs
1243;D83P;-0.709705974;0.03859259;-0.437947946;0.031448603;low;low;subs
1244;L84K;-1.011440158;0.055895397;-0.774821945;0.044682362;Stop-like;low;subs
1245;L84N;-1.13728551;0.078445268;-0.862548526;0.057436037;Stop-like;low;subs
1246;L84T;-0.995462573;0.056975703;-0.763441537;0.049221229;Stop-like;low;subs
1247;L84R;-1.055251909;0.056873104;-0.897012303;0.055062876;Stop-like;Stop-like;subs
1248;L84I;-0.145919768;0.034882349;-0.099875113;0.023247379;WT-like;low;subs
1249;L84Q;-1.097847387;0.060763974;-0.836681606;0.053721872;Stop-like;low;subs
1250;L84H;-1.02576347;0.053547083;-0.888781668;0.054015342;Stop-like;Stop-like;subs
1251;L84P;-1.018576216;0.052660569;-0.900895958;0.058811555;Stop-like;Stop-like;subs
1252;L84E;-1.026426035;0.058571171;-0.858275096;0.054872495;Stop-like;low;subs
1253;L84D;-1.071544819;0.071888668;-0.708330209;0.039608572;Stop-like;low;subs
1254;L84A;-0.964533527;0.051682736;-0.791139035;0.044429891;Stop-like;low;subs
1255;L84G;-1.105594717;0.071233379;-0.880918856;0.05356203;Stop-like;Stop-like;subs
1256;L84V;-0.590431464;0.057028231;-0.302409774;0.02896159;low;low;Likely pathogenic
1257;L84Y;-1.054648165;0.060571248;-0.739567509;0.043475798;Stop-like;low;subs
1258;L84S;-1.052531803;0.059919444;-0.815762704;0.047313855;Stop-like;low;subs
1259;L84W;-0.695698513;0.072008367;-0.387990446;0.040596484;low;low;subs
1260;L84C;-0.972903852;0.070246091;-0.490630636;0.033259033;Stop-like;low;subs
1261;G85K;-1.053021528;0.084135964;-0.813337702;0.058863158;Stop-like;low;subs
1262;G85N;-0.95234327;0.061477445;-0.608199628;0.038944057;Stop-like;low;subs
1263;G85T;-0.968816925;0.057537395;-0.593660488;0.037735331;Stop-like;low;subs
1264;G85R;-0.919877956;0.042481298;-0.614488969;0.041640748;Stop-like;low;VOUS
1265;G85M;-0.769228059;0.055459096;-0.51177908;0.039202525;low;low;subs
1266;G85I;-0.983307202;0.063505895;-0.532941394;0.035422465;Stop-like;low;subs
1267;G85Q;-0.761855679;0.043944621;-0.504159109;0.034147474;low;low;subs
1268;G85H;-0.966665702;0.057227469;-0.619972622;0.037216772;Stop-like;low;subs
1269;G85P;-0.341425641;0.034566261;-0.247381023;0.02630991;low;low;subs
1270;G85E;-0.674453769;0.05861251;-0.362563373;0.029626935;low;low;subs
1271;G85D;-0.825009322;0.049171;-0.475746011;0.033899808;low;low;subs
1272;G85A;-0.415088499;0.038923366;-0.26390258;0.024839701;low;low;subs
1273;V87K;-1.086412731;0.070984873;-0.858053333;0.059660482;Stop-like;low;subs
1274;V87N;-1.057047189;0.068703602;-0.80768377;0.066247336;Stop-like;low;subs
1275;V87T;-0.770626725;0.047406503;-0.385553426;0.026663066;low;low;subs
1276;V87R;-1.023439344;0.04933878;-0.682721082;0.048082906;Stop-like;low;subs
1277;V87I;-0.016112256;0.032400219;0.036741504;0.023707506;WT-like;WT-like;subs
1278;V87Q;-0.954642858;0.05524849;-0.630463626;0.040223707;Stop-like;low;subs
1279;V87H;-0.948998105;0.064752163;-0.668085565;0.042208755;Stop-like;low;subs
1280;V87P;-1.084504511;0.062898254;-0.796233422;0.049549234;Stop-like;low;subs
1281;V87D;-1.043085353;0.071902655;-0.89363187;0.062682308;Stop-like;Stop-like;subs
1282;V87A;-0.670158107;0.037925831;-0.31676761;0.027764335;low;low;VOUS
1283;V87G;-0.986996178;0.059375873;-0.773755027;0.054919298;Stop-like;low;subs
1284;T88K;-0.045585298;0.040626795;0.024288015;0.023173719;WT-like;WT-like;subs
1285;I99N;-0.490075364;0.056886333;-0.248611142;0.028559346;low;low;subs
1286;A89K;-1.024274391;0.065474106;-0.829458729;0.075631658;Stop-like;low;subs
1287;A89N;-0.907486096;0.060765278;-0.675922074;0.04783545;Stop-like;low;subs
1288;A89R;-0.930291474;0.062582518;-0.709558697;0.05618345;Stop-like;low;subs
1289;A89M;-0.798299186;0.075220892;-0.627910507;0.045872852;low;low;subs
1290;A89I;-0.546191431;0.039606086;-0.3673844;0.027752269;low;low;subs
1291;A89Q;-1.020266321;0.059203397;-0.743833138;0.039745592;Stop-like;low;subs
1292;A89H;-1.105267596;0.067443976;-0.793003949;0.047995057;Stop-like;low;subs
1293;A89P;-0.331475061;0.038027723;-0.161311958;0.024797274;low;low;subs
1294;A89E;-0.983853048;0.065833651;-0.75828734;0.056279035;Stop-like;low;subs
1295;D96H;-0.127050112;0.049038522;0.021077998;0.022478753;WT-like;WT-like;Negative
1296;I99T;-0.113683488;0.037762042;-0.114169864;0.027129752;WT-like;low;Negative
1297;S98C;-0.022379671;0.041897051;-0.033931753;0.027824317;WT-like;WT-like;subs
1298;D90K;-0.161197536;0.040868711;-0.062099818;0.024572532;WT-like;low;subs
1299;D90N;0.084445682;0.039338395;0.045629801;0.023260626;high;high;Negative
1300;D90T;-0.044972853;0.038490087;-0.028614097;0.02243273;WT-like;WT-like;subs
1301;D90R;-0.137153711;0.038277046;-0.03470639;0.025253284;WT-like;WT-like;subs
1302;D90M;-0.212571253;0.036760791;-0.07104099;0.022786006;low;low;subs
1303;D90I;-0.586402887;0.046883259;-0.334464012;0.03197669;low;low;subs
1304;D90Q;-0.187829468;0.035121734;-0.064743601;0.023643501;WT-like;low;subs
1305;D90H;-0.197875547;0.031187484;-0.063240495;0.024811344;low;low;subs
1306;D90P;-0.54099676;0.04034448;-0.250432325;0.025852639;low;low;subs
1307;D92K;-0.112258361;0.037207886;0.01598579;0.023859852;WT-like;WT-like;subs
1308;D92T;0.019328519;0.041487644;-0.000604302;0.022494572;WT-like;WT-like;subs
1309;D92R;-0.041067744;0.037257182;-0.029678681;0.023578377;WT-like;WT-like;subs
1310;D92M;-0.042656441;0.035730177;-0.019159435;0.024952874;WT-like;WT-like;subs
1311;D92I;-0.312892912;0.038957934;-0.105682111;0.029742956;low;low;subs
1312;D92Q;-0.072803528;0.035008109;-0.002719671;0.022479667;WT-like;WT-like;subs
1313;D92P;-0.953930574;0.057514918;-0.638283309;0.039987176;Stop-like;low;subs
1314;G93K;-0.680297252;0.053145896;-0.330660428;0.031747361;low;low;subs
1315;G93N;-0.62845278;0.052333878;-0.263257495;0.033226544;low;low;subs
1316;G93T;-0.871995738;0.045965884;-0.468018749;0.034637962;low;low;subs
1317;G93R;-0.69708535;0.055247868;-0.345577719;0.031457017;low;low;Likely pathogenic
1318;G93M;-0.620988651;0.046606098;-0.262354204;0.025647245;low;low;subs
1319;G93I;-1.066723088;0.07522903;-0.858266978;0.084537547;Stop-like;low;subs
1320;G93Q;-0.6158393;0.041909917;-0.334836063;0.030667788;low;low;subs
1321;G93H;-0.759754191;0.051977974;-0.431279417;0.03830609;low;low;subs
1322;G93P;-0.98302652;0.073945328;-0.853914252;0.070958273;Stop-like;low;subs
1323;G93E;-0.70175192;0.05194419;-0.351941477;0.030390201;low;low;subs
1324;V94K;0.018481717;0.033199889;-0.003804946;0.024050154;WT-like;WT-like;subs
1325;V94N;0.047046468;0.043649711;0.006720628;0.023134227;WT-like;WT-like;subs
1326;V94T;-0.11948921;0.032059027;-0.001416621;0.021703342;WT-like;WT-like;subs
1327;V94R;0.013228462;0.032706466;-0.012338895;0.022251696;WT-like;WT-like;subs
1328;V94I;0.004552098;0.031493752;-0.00246208;0.021944517;WT-like;WT-like;subs
1329;V94Q;-0.064775956;0.032727476;-0.078245356;0.022881287;WT-like;low;subs
1330;V94H;0.006253397;0.032063555;-0.016933733;0.021918735;WT-like;WT-like;subs
1331;V94P;-0.991918053;0.061904237;-0.695205863;0.045639541;Stop-like;low;subs
1332;V94E;-0.169832445;0.032521057;-0.06142738;0.022501496;WT-like;low;subs
1333;V94D;-0.229829706;0.039152493;-0.074403899;0.022161462;low;low;subs
1334;V94A;-0.270948409;0.03871872;-0.100048006;0.024202515;low;low;subs
1335;V94G;-0.451504683;0.043116267;-0.186937542;0.031438092;low;low;subs
1336;A95K;-1.032351213;0.072689742;-0.903571193;0.062021367;Stop-like;Stop-like;subs
1337;A95N;-1.008921695;0.061491464;-0.775001262;0.060635973;Stop-like;low;subs
1338;A95T;-0.269051122;0.034656258;-0.168624093;0.023453045;low;low;VOUS
1339;A95R;-1.046800889;0.063603801;-0.915606805;0.06728388;Stop-like;Stop-like;subs
1340;A95M;-0.526285807;0.038956339;-0.312766005;0.026420226;low;low;subs
1341;A95I;-0.198389758;0.033825739;-0.08438549;0.028648852;low;low;subs
1342;A95Q;-1.0132691;0.051498774;-0.816167721;0.052626265;Stop-like;low;subs
1343;A95H;-1.044922159;0.054846706;-0.742271224;0.048907862;Stop-like;low;subs
1344;A95P;-1.137246507;0.065230535;-0.825994901;0.077245945;Stop-like;low;subs
1345;A95E;-0.912593903;0.070511965;-0.830888894;0.05227603;Stop-like;low;subs
1346;A95D;-1.185087197;0.070843018;-0.930628105;0.065369148;Stop-like;Stop-like;subs
1347;D96K;0.024056449;0.033049752;0.030428788;0.022782189;WT-like;WT-like;subs
1348;D96T;-0.090481524;0.034880647;-0.003841221;0.025952371;WT-like;WT-like;subs
1349;D96R;-0.038920755;0.038195643;-0.001438607;0.024096246;WT-like;WT-like;subs
1350;D96M;0.062103173;0.033902842;0.020037699;0.024309457;high;WT-like;subs
1351;D96I;0.005425101;0.032458947;0.003603758;0.020890104;WT-like;WT-like;subs
1352;D96Q;-0.000529954;0.033632997;0.034333802;0.021506659;WT-like;WT-like;subs
1353;D96P;-0.202241046;0.033801068;-0.072519217;0.023139105;low;low;subs
1354;V97K;-1.070354003;0.113446249;-0.943516983;0.096719588;Stop-like;Stop-like;subs
1355;V97N;-1.043080156;0.070441068;-0.936546762;0.07001495;Stop-like;Stop-like;subs
1356;V97T;-0.812658968;0.057173189;-0.568334713;0.049253555;low;low;subs
1357;V97R;-1.009421575;0.07925593;-0.829830006;0.066350119;Stop-like;low;subs
1358;V97I;0.014405182;0.043158497;0.034862433;0.023669855;WT-like;WT-like;subs
1359;V97Q;-1.255213749;0.087170574;-0.829949649;0.05828921;Stop-like;low;subs
1360;V97H;-0.907752782;0.065886815;-0.690086757;0.050440731;Stop-like;low;subs
1361;V97P;-1.03519519;0.078115554;-0.662417763;0.039730897;Stop-like;low;subs
1362;V97E;-1.085955429;0.08932689;-0.874117493;0.076401836;Stop-like;Stop-like;subs
1363;V97D;-1.032672774;0.07676674;-0.849796506;0.077459493;Stop-like;low;subs
1364;V97A;-0.999555016;0.059540318;-0.541739935;0.037126384;Stop-like;low;subs
1365;V97G;-1.194372525;0.062333022;-0.912930929;0.084407547;Stop-like;Stop-like;subs
1366;S98K;-0.026346956;0.034904633;-0.038340556;0.024876512;WT-like;WT-like;subs
1367;S98N;0.11928642;0.033803566;0.024579329;0.026515068;high;WT-like;subs
1368;S98R;0.052795658;0.051773455;0.032743817;0.026046644;WT-like;WT-like;subs
1369;S98M;0.026780144;0.041290658;0.010094757;0.023431451;WT-like;WT-like;subs
1370;S98I;0.018823721;0.044918966;-0.023265612;0.025331193;WT-like;WT-like;subs
1371;S98Q;0.088990397;0.036015216;0.013309812;0.024008058;high;WT-like;subs
1372;S98H;-0.000892376;0.051010292;-0.020357184;0.025460614;WT-like;WT-like;subs
1373;S98P;-1.01766198;0.071595476;-0.802584584;0.057169411;Stop-like;low;subs
1374;S98E;0.056789702;0.043139934;0.001769051;0.023863197;WT-like;WT-like;subs
1375;S98D;0.118962645;0.055758531;-0.006582157;0.026539564;high;WT-like;subs
1376;S98G;-0.157000185;0.048056409;-0.061797429;0.026333768;WT-like;low;subs
1377;S98V;-0.11270388;0.048066251;0.009201408;0.024342909;WT-like;WT-like;subs
1378;I99K;-0.14616178;0.040760768;-0.021900366;0.023182654;WT-like;WT-like;subs
1379;I99R;-0.153149982;0.046392823;-0.039019217;0.024118579;WT-like;WT-like;subs
1380;E100N;-0.102019255;0.033288421;0.02151606;0.027561654;WT-like;WT-like;subs
1381;E100T;-0.064969387;0.03311681;-0.010497904;0.02806018;WT-like;WT-like;subs
1382;E100R;-0.245455952;0.047442782;-0.047546325;0.024561597;low;WT-like;subs
1383;E100M;-0.035415679;0.037537618;0.008895152;0.021670205;WT-like;WT-like;subs
1384;E100I;0.014019558;0.033656147;-0.043835949;0.02397116;WT-like;WT-like;subs
1385;E100H;-0.105431158;0.03063152;-0.03091412;0.02411061;WT-like;WT-like;subs
1386;E100P;-0.810003568;0.047633549;-0.377342675;0.02757925;low;low;subs
1387;E100A;-0.100558901;0.03403639;-0.091046461;0.023570432;WT-like;low;subs
1388;E100G;-0.539108914;0.042419429;-0.256528108;0.027053441;low;low;Likely pathogenic
1389;E100V;-0.01828704;0.037318359;0.004243492;0.023002003;WT-like;WT-like;subs
1390;E100Y;-0.120922145;0.038430527;0.063318352;0.059993298;WT-like;WT-like;subs
1391;E100S;-0.020590683;0.034974868;0.028452107;0.056769796;WT-like;WT-like;subs
1392;E100W;-0.003612428;0.032065255;-0.017774226;0.023640141;WT-like;WT-like;subs
1393;E100C;-0.10968377;0.032339269;-0.037133416;0.040392774;WT-like;WT-like;subs
1394;E100L;0.067426153;0.03367995;-0.023337577;0.023000512;high;WT-like;subs
1395;E100F;-0.015500036;0.030827524;-0.031504732;0.023864444;WT-like;WT-like;subs
1396;I99Q;-0.249863749;0.039132774;-0.008787233;0.024571548;low;WT-like;subs
1397;I99H;-0.249490652;0.041346602;-0.112943342;0.024348166;low;low;subs
1398;I99P;-0.986662245;0.060802393;-0.888856942;0.061902849;Stop-like;Stop-like;subs
1399;I99E;-0.560522837;0.038000926;-0.212417464;0.024779358;low;low;subs
1400;I99D;-0.646679154;0.052597557;-0.325914661;0.028951116;low;low;subs
1401;I99A;-0.325280856;0.043792431;-0.132087423;0.023925313;low;low;subs
1402;I99G;-0.441730933;0.037410615;-0.180346509;0.023178031;low;low;subs
1403;I99Y;-0.019456477;0.033605371;0.005598027;0.022355356;WT-like;WT-like;subs
1404;I99S;-0.373595659;0.048495793;-0.158252511;0.024676024;low;low;subs
1405;I99W;-0.047641041;0.039643788;-0.011878963;0.022261589;WT-like;WT-like;subs
1406;I99C;-0.101916463;0.03601917;-0.0337751;0.021030223;WT-like;WT-like;subs
1407;I99L;0.032978122;0.035707967;0.003187644;0.028357844;WT-like;WT-like;subs
1408;S98W;-0.035698538;0.036644739;-0.030576787;0.020649307;WT-like;WT-like;subs
1409;S98L;-0.011219454;0.049736617;0.022241386;0.024725368;WT-like;WT-like;subs
1410;V97Y;-0.806088094;0.070234399;-0.407688556;0.046404825;low;low;subs
1411;V97S;-1.020025166;0.06293261;-0.859440903;0.067789646;Stop-like;low;subs
1412;V97W;-0.880753903;0.059249605;-0.47269942;0.040886146;Stop-like;low;subs
1413;V97C;-0.499396802;0.040725115;-0.274812463;0.028146142;low;low;subs
1414;V97F;0.079563654;0.033850785;-0.016268022;0.024669769;high;WT-like;subs
1415;D96S;0.020765725;0.032455942;-0.008174819;0.020679266;WT-like;WT-like;subs
1416;D96W;0.031020166;0.041046883;-0.009825366;0.021736457;WT-like;WT-like;subs
1417;D96C;-0.100922666;0.034685627;-0.031450628;0.021120463;WT-like;WT-like;subs
1418;D96L;0.040057989;0.033900675;-0.002196268;0.024990815;WT-like;WT-like;subs
1419;D96F;-0.003724849;0.040350494;-0.000341275;0.041751538;WT-like;WT-like;subs
1420;A95G;-0.548287532;0.049309453;-0.222534447;0.023815757;low;low;subs
1421;A95V;-0.128300197;0.036921663;-0.038969086;0.041103968;WT-like;WT-like;VOUS
1422;A95Y;-1.045359394;0.060256839;-0.798058588;0.051914446;Stop-like;low;subs
1423;A95S;-0.26942977;0.032421883;-0.132712375;0.023149363;low;low;subs
1424;A95W;-0.98164598;0.05686683;-0.898441417;0.055622278;Stop-like;Stop-like;subs
1425;A95C;-0.183315236;0.033720816;-0.031658726;0.023076945;WT-like;WT-like;subs
1426;A95L;-0.641658145;0.039109932;-0.379131806;0.033098632;low;low;subs
1427;A95F;-1.017686117;0.057049514;-0.690601211;0.090859117;Stop-like;low;subs
1428;V94Y;-0.067487372;0.041236516;0.007653749;0.02294603;WT-like;WT-like;subs
1429;V94S;-0.140979986;0.028267721;-0.064882356;0.022407265;WT-like;low;subs
1430;V94W;-0.173067453;0.042260526;-0.055766024;0.025779361;WT-like;low;subs
1431;V94C;-0.108634123;0.039213038;-0.039348982;0.022431045;WT-like;WT-like;subs
1432;V94F;-0.006752784;0.026946351;-0.027841016;0.023568534;WT-like;WT-like;subs
1433;G93Y;-0.927188188;0.061017567;-0.723589314;0.047729369;Stop-like;low;subs
1434;G93S;-0.717137915;0.042718331;-0.297818389;0.030739844;low;low;Likely pathogenic
1435;G93W;-0.920791819;0.06951045;-0.62281622;0.042377183;Stop-like;low;subs
1436;G93L;-0.909384053;0.050828388;-0.38633691;0.038929235;Stop-like;low;subs
1437;G93F;-0.887716657;0.056696182;-0.611291041;0.058136778;Stop-like;low;subs
1438;D92G;-0.039115166;0.052472588;-0.035296494;0.022843168;WT-like;WT-like;Negative_filt
1439;D92S;-0.010300169;0.041831465;-0.02185125;0.021925703;WT-like;WT-like;subs
1440;D92W;-0.144601779;0.038771505;-0.033905857;0.024442678;WT-like;WT-like;subs
1441;D92C;-0.098912861;0.03625434;-0.01679504;0.023750682;WT-like;WT-like;subs
1442;D92L;-0.018644111;0.03204473;-0.023285223;0.025026201;WT-like;WT-like;subs
1443;D92F;-0.043827318;0.043287985;0.010917521;0.030095948;WT-like;WT-like;subs
1444;K91T;-0.021670027;0.036386363;-0.04527762;0.023919861;WT-like;WT-like;subs
1445;K91M;-0.168569437;0.037055735;-0.016236639;0.022778302;WT-like;WT-like;subs
1446;K91I;-0.22644084;0.036040665;-0.080704013;0.029033042;low;low;subs
1447;K91H;-0.037352909;0.035243144;-0.029351411;0.022081391;WT-like;WT-like;subs
1448;K91P;-0.076801196;0.03305137;-0.025369456;0.02104196;WT-like;WT-like;subs
1449;K91D;-0.168150724;0.033348303;-0.047081281;0.02212202;WT-like;WT-like;subs
1450;K91A;-0.027902977;0.032194268;0.017368985;0.02138472;WT-like;WT-like;subs
1451;K91G;-0.011782592;0.038879771;-0.026144249;0.021539561;WT-like;WT-like;subs
1452;K91V;-0.184723824;0.030561418;-0.052565964;0.035507671;WT-like;WT-like;subs
1453;K91Y;-0.154418718;0.04034566;-0.08826366;0.022019361;WT-like;low;subs
1454;K91S;-0.030515364;0.036565693;0.00302364;0.021078466;WT-like;WT-like;subs
1455;K91W;-0.235048096;0.036201461;-0.089140252;0.021347201;low;low;subs
1456;K91C;-0.072227123;0.028491562;-0.02742299;0.020972743;WT-like;WT-like;subs
1457;K91L;-0.190426923;0.040328317;-0.083911919;0.024716453;low;low;subs
1458;K91F;-0.247850545;0.030235823;-0.067159298;0.028700289;low;low;subs
1459;D90A;-0.084796932;0.038787843;-0.052366187;0.022474996;WT-like;WT-like;Likely pathogenic
1460;D90G;0.097331058;0.040630179;0.06166544;0.023622492;high;high;subs
1461;D90V;-0.510544666;0.039906699;-0.332197662;0.028612558;low;low;Likely pathogenic
1462;D90Y;-0.369551656;0.041361376;-0.133764964;0.024661913;low;low;subs
1463;D90S;-0.122697812;0.040777415;-0.026036054;0.022491724;WT-like;WT-like;subs
1464;D90W;-0.523047425;0.0483056;-0.25424359;0.0244274;low;low;subs
1465;D90C;-0.191815461;0.032196694;-0.082611716;0.02203298;low;low;subs
1466;D90L;-0.289573805;0.036873596;-0.114411529;0.024056318;low;low;subs
1467;D90F;-0.38350114;0.04319558;-0.15649982;0.024601063;low;low;subs
1468;A89Y;-0.935970661;0.061961561;-0.929592847;0.069147233;Stop-like;Stop-like;subs
1469;A89W;-0.943319811;0.080117217;-0.828837686;0.06215137;Stop-like;low;subs
1470;A89C;-0.15247567;0.035958735;-0.111878965;0.022721231;WT-like;low;subs
1471;A89L;-1.017832945;0.06227603;-0.689037326;0.044234383;Stop-like;low;subs
1472;A89F;-0.74346769;0.051130518;-0.314578452;0.026037507;low;low;subs
1473;T88R;0.00276999;0.039017961;0.020788519;0.023081697;WT-like;WT-like;subs
1474;T88M;-0.054317492;0.033376944;0.00261275;0.022805009;WT-like;WT-like;subs
1475;T88Q;0.005842678;0.026857376;-0.020313207;0.021205865;WT-like;WT-like;subs
1476;T88H;-0.020446946;0.029321481;-0.006435455;0.022903135;WT-like;WT-like;subs
1477;T88P;-0.381834555;0.042532946;-0.132630683;0.023056575;low;low;subs
1478;T88E;-0.061563654;0.040287844;-0.013838014;0.023674151;WT-like;WT-like;subs
1479;T88D;-0.021398803;0.029892871;-0.018621234;0.022899709;WT-like;WT-like;subs
1480;T88G;-0.161689116;0.035078729;-0.091227931;0.023307542;WT-like;low;subs
1481;T88V;0.054799373;0.03368306;-0.003156225;0.021638531;WT-like;WT-like;subs
1482;T88Y;0.067838447;0.036058712;0.047908672;0.023496028;high;high;subs
1483;T88W;0.003954303;0.038112527;0.044347136;0.022238796;WT-like;high;subs
1484;T88C;-0.04705105;0.037392277;-0.03736174;0.023361411;WT-like;WT-like;subs
1485;T88L;0.065485048;0.037776497;-0.001762845;0.021690409;WT-like;WT-like;subs
1486;T88F;-0.102254578;0.039327842;0.014002362;0.021962213;WT-like;WT-like;subs
1487;V87Y;-0.921890734;0.05046178;-0.660586132;0.044099444;Stop-like;low;subs
1488;V87S;-0.986800743;0.057740765;-0.67733109;0.043184235;Stop-like;low;subs
1489;V87W;-0.711312656;0.063288275;-0.492842958;0.034895538;low;low;subs
1490;V87C;-0.192758798;0.038484549;-0.057655917;0.025402531;low;low;subs
1491;V87F;-0.041273155;0.037462059;-0.033624787;0.020613808;WT-like;WT-like;subs
1492;N86R;-0.590065051;0.04184919;-0.373499773;0.033640692;low;low;subs
1493;N86M;-0.233111886;0.040989479;-0.177970472;0.024968563;low;low;subs
1494;N86Q;-0.272717058;0.029673613;-0.160915512;0.023792543;low;low;subs
1495;N86P;-0.307109557;0.02928054;-0.263253035;0.023352542;low;low;subs
1496;N86E;-0.378697909;0.037234902;-0.271595043;0.026408147;low;low;subs
1497;N86A;-0.462512652;0.039239427;-0.275038762;0.025323838;low;low;subs
1498;N86G;-0.545924857;0.041683187;-0.364322594;0.026974731;low;low;subs
1499;N86V;-0.178922647;0.032801453;-0.191321727;0.02538499;WT-like;low;subs
1500;N86S;-0.107032745;0.033582416;-0.07166054;0.021596643;WT-like;low;Likely pathogenic
1501;N86W;-0.25776126;0.035083923;-0.175414773;0.021546853;low;low;subs
1502;N86C;-0.221412829;0.041766256;-0.103184287;0.023819439;low;low;subs
1503;N86L;-0.406780388;0.03054116;-0.266893411;0.025117944;low;low;subs
1504;N86F;-0.264029982;0.033178685;-0.200893563;0.025019973;low;low;subs
1505;G85V;-0.83086212;0.055009281;-0.636330055;0.042337768;low;low;subs
1506;G85Y;-0.805661072;0.041691524;-0.508479215;0.033814197;low;low;subs
1507;G85S;-0.76302257;0.044057851;-0.385810984;0.02724227;low;low;VOUS
1508;G85W;-0.276227771;0.036397874;-0.206459351;0.02406597;low;low;subs
1509;G85C;-0.672581522;0.04092052;-0.438059496;0.031012206;low;low;subs
1510;G85L;-0.885316295;0.056719324;-0.569189831;0.035258841;Stop-like;low;subs
1511;G85F;-0.476853854;0.038767376;-0.306607282;0.026692407;low;low;subs
1512;D83A;-0.240228494;0.045251435;-0.257261563;0.024663866;low;low;subs
1513;D83G;-0.581382331;0.044709868;-0.352734559;0.029933628;low;low;subs
1514;D83V;-0.425256333;0.041828825;-0.293020436;0.02648716;low;low;subs
1515;D83Y;-0.284067667;0.036634811;-0.292306998;0.024559766;low;low;subs
1516;D83S;-0.271921104;0.036732402;-0.34149436;0.025345815;low;low;subs
1517;D83W;-0.325905299;0.032765552;-0.257920934;0.024663499;low;low;subs
1518;D83C;-0.323968455;0.037828796;-0.238260769;0.024418804;low;low;subs
1519;D83L;-0.295057082;0.034019295;-0.221579734;0.02313185;low;low;subs
1520;D83F;-0.291208268;0.033507653;-0.280388099;0.024507301;low;low;subs
1521;D92N;0.064448935;0.032714642;0.021276957;0.024482319;high;WT-like;subs
1522;D96E;-0.006000009;0.052093336;-0.009592659;0.025905531;WT-like;WT-like;subs
1523;G93C;-0.676620355;0.045893464;-0.291458584;0.028002549;low;low;Likely pathogenic
1524;K91Q;0.008198836;0.035569236;-0.001411769;0.021926548;WT-like;WT-like;subs
1525;G82V;-0.26862536;0.033941459;-0.224612961;0.025285338;low;low;subs
1526;G82Y;-0.211015523;0.036612054;-0.264506454;0.024314457;low;low;subs
1527;G82S;-0.373889642;0.034058234;-0.322614253;0.023281595;low;low;subs
1528;G82W;-0.151245418;0.031859688;-0.224354936;0.023829004;WT-like;low;subs
1529;G82C;-0.243350913;0.034038116;-0.295300486;0.024672653;low;low;subs
1530;G82L;-0.206097054;0.032864648;-0.235646894;0.02502174;low;low;subs
1531;G82F;-0.204215145;0.037989276;-0.278972716;0.025514873;low;low;subs
1532;V81Y;-0.209880472;0.041553462;-0.139102254;0.026065953;low;low;subs
1533;V81S;-0.173632654;0.031123959;-0.093898829;0.021005412;WT-like;low;subs
1534;V81W;-0.258740484;0.03187682;-0.195210377;0.023215426;low;low;subs
1535;V81C;-0.056175756;0.035258943;-0.035909645;0.023279698;WT-like;WT-like;subs
1536;V81L;-0.07665734;0.029340301;-0.019648932;0.023367353;WT-like;WT-like;subs
1537;H80P;-0.37984567;0.032251343;-0.25136529;0.025553657;low;low;subs
1538;H80E;-0.118556644;0.04347862;-0.157767409;0.027040915;WT-like;low;subs
1539;H80A;-0.177951786;0.039317546;-0.17237396;0.025613639;WT-like;low;subs
1540;H80G;-0.339052848;0.041368394;-0.270351469;0.028140193;low;low;subs
1541;H80V;-0.094465508;0.031125399;-0.102004106;0.023304705;WT-like;low;subs
1542;H80S;-0.35612659;0.031565514;-0.229669101;0.025390817;low;low;subs
1543;H80W;-0.262767264;0.038449634;-0.221541149;0.025800061;low;low;subs
1544;H80C;0.024238984;0.032478295;-0.006679521;0.02338311;WT-like;WT-like;subs
1545;H80L;-0.272198229;0.026442677;-0.191428693;0.025544137;low;low;subs
1546;H80F;-0.240555005;0.040371592;-0.209162726;0.024435329;low;low;subs
1547;R79I;-0.515202528;0.037766902;-0.314685476;0.024507276;low;low;subs
1548;R79Q;-0.399056257;0.049317072;-0.280491446;0.027789908;low;low;subs
1549;R79H;-0.237850077;0.032539031;-0.188395086;0.022777233;low;low;subs
1550;R79P;-0.466633331;0.032373295;-0.317770716;0.027998144;low;low;subs
1551;R79E;-0.371975432;0.038526683;-0.291982363;0.02740332;low;low;subs
1552;R79D;-0.558824258;0.047820987;-0.348567337;0.027198863;low;low;subs
1553;R79A;-0.363197688;0.029954427;-0.301110672;0.026708952;low;low;subs
1554;R79G;-0.53376721;0.037334513;-0.300000166;0.024342844;low;low;subs
1555;R79V;-0.421658119;0.034448619;-0.365121529;0.026244744;low;low;subs
1556;R79Y;-0.344771453;0.046122965;-0.301961255;0.026432543;low;low;subs
1557;R79S;-0.256245192;0.031195183;-0.203615529;0.022609835;low;low;subs
1558;R79C;-0.271352344;0.037808154;-0.240515264;0.025350664;low;low;subs
1559;R79L;-0.483911246;0.042316095;-0.289793392;0.027345927;low;low;subs
1560;R79F;-0.392112929;0.030781969;-0.281395858;0.024776884;low;low;subs
1561;E78A;-0.074076375;0.031787978;-0.010873079;0.021156736;WT-like;WT-like;subs
1562;E78G;-0.034514924;0.032674456;-0.011913863;0.021264351;WT-like;WT-like;subs
1563;E78V;0.022021275;0.034021803;0.006839537;0.020488572;WT-like;WT-like;subs
1564;E78Y;-0.044441455;0.034703886;-0.002190595;0.020969267;WT-like;WT-like;subs
1565;E78S;-0.08033859;0.032689487;-0.003769474;0.019384099;WT-like;WT-like;subs
1566;E78W;-0.030629462;0.032046107;-0.02935412;0.021392083;WT-like;WT-like;subs
1567;E78C;-0.017906632;0.029689167;-0.015363425;0.02039841;WT-like;WT-like;subs
1568;E78L;-0.061681297;0.041455925;-0.011331911;0.020908007;WT-like;WT-like;subs
1569;E78F;-0.025224685;0.026265833;-0.006038556;0.019980685;WT-like;WT-like;subs
1570;S98Y;0.129484054;0.046125075;0.02421728;0.02715521;high;WT-like;subs
1571;I99F;-0.019986631;0.037946327;0.049432336;0.026699244;WT-like;high;subs
1572;A89G;-0.347199112;0.036715074;-0.148600502;0.025582473;low;low;subs
1573;T88A;0.034152924;0.034403155;-0.046060921;0.024277614;WT-like;WT-like;subs
1574;E78D;0.044782334;0.036858282;0.018990319;0.022374856;WT-like;WT-like;subs
1575;E77D;-0.010689215;0.034355909;0.01093761;0.022298414;WT-like;WT-like;subs
1576;E77A;-0.006782043;0.029792031;-0.023439399;0.020714917;WT-like;WT-like;subs
1577;E77G;-0.041012299;0.036007637;0.002670421;0.021592449;WT-like;WT-like;subs
1578;E77V;-0.057278921;0.031847009;0.004754924;0.02165439;WT-like;WT-like;subs
1579;E77Y;-0.041755373;0.031594532;-0.0108024;0.022349893;WT-like;WT-like;subs
1580;E77S;-0.068448437;0.035154978;-0.002725412;0.022157855;WT-like;WT-like;subs
1581;E77W;-0.054993734;0.027544203;-9.15E-05;0.020396491;WT-like;WT-like;subs
1582;E77C;0.008108552;0.029535501;0.019283813;0.021467739;WT-like;WT-like;subs
1583;E77L;0.051104605;0.038127846;-0.008824485;0.020792313;WT-like;WT-like;subs
1584;E77F;-0.034799767;0.028897144;-0.029525158;0.023161117;WT-like;WT-like;subs
1585;D76A;-0.115134572;0.040574812;0.042557305;0.027758713;WT-like;WT-like;subs
1586;D76G;-0.00542996;0.035941143;-0.047912902;0.024782455;WT-like;WT-like;subs
1587;D76Y;-0.053054278;0.034559792;-0.046218144;0.023559794;WT-like;WT-like;Likely pathogenic
1588;D76S;-0.038702634;0.029287402;-0.008599368;0.020510796;WT-like;WT-like;subs
1589;D76W;-0.071745258;0.035802008;-0.060017509;0.022089905;WT-like;low;subs
1590;D76C;-0.00091226;0.044078552;-0.002172269;0.022938044;WT-like;WT-like;subs
1591;D76L;-0.100047563;0.033871106;-0.026098884;0.020623205;WT-like;WT-like;subs
1592;D76F;-0.011747296;0.034468197;-0.001356664;0.022715472;WT-like;WT-like;subs
1593;K75T;-0.046489902;0.054119779;0.012218628;0.022313357;WT-like;WT-like;subs
1594;K75R;-0.02880168;0.031613524;-0.026677826;0.021005709;WT-like;WT-like;subs
1595;K75I;-0.098922303;0.038132693;-0.009606543;0.023828848;WT-like;WT-like;subs
1596;K75Q;0.099710879;0.032264301;-0.004339349;0.022449302;high;WT-like;subs
1597;K75H;-0.087830349;0.030870122;-0.001688316;0.022552224;WT-like;WT-like;subs
1598;K75P;-0.056758666;0.029561198;-0.010382464;0.021279189;WT-like;WT-like;subs
1599;K75E;0.006610796;0.035471613;0.000882583;0.023157136;WT-like;WT-like;subs
1600;K75D;-0.052021807;0.034085023;-0.002001003;0.022871242;WT-like;WT-like;subs
1601;K75A;0.013411732;0.030672789;-0.02174006;0.020422195;WT-like;WT-like;subs
1602;K75G;-0.015330229;0.032053133;-0.018224165;0.020762344;WT-like;WT-like;subs
1603;K75V;-0.029895913;0.036922592;-0.035127522;0.021235551;WT-like;WT-like;subs
1604;K75Y;-0.184837209;0.037094646;-0.030940834;0.022444127;WT-like;WT-like;subs
1605;K75S;-0.056406184;0.030102998;-0.014156522;0.019871745;WT-like;WT-like;subs
1606;K75W;-0.111043151;0.032958359;-0.026639187;0.023917734;WT-like;WT-like;subs
1607;K75C;-0.030723328;0.036436212;-0.019342338;0.021219994;WT-like;WT-like;subs
1608;K75L;-0.019784034;0.031650083;0.01486612;0.020843989;WT-like;WT-like;subs
1609;K75F;-0.049198936;0.031737801;0.010944611;0.022038253;WT-like;WT-like;subs
1610;P74E;-0.069155567;0.037238946;-0.063735399;0.021337723;WT-like;low;subs
1611;P74D;-0.079202772;0.031636911;-0.025057085;0.022370203;WT-like;WT-like;subs
1612;P74A;-0.035503602;0.034258477;0.024786525;0.02321109;WT-like;WT-like;subs
1613;P74G;-0.111786233;0.031863029;-0.085159697;0.02150021;WT-like;low;subs
1614;P74V;-0.092903347;0.02666991;-0.010764327;0.01985701;WT-like;WT-like;subs
1615;P74Y;-0.023262084;0.036009782;-0.030200794;0.022391132;WT-like;WT-like;subs
1616;P74S;-0.079989539;0.03361196;-0.03894384;0.021865591;WT-like;WT-like;subs
1617;P74W;-0.130635502;0.034011957;-0.087279213;0.022341694;WT-like;low;subs
1618;P74C;0.064183062;0.033658649;-0.023053231;0.020080528;high;WT-like;subs
1619;P74L;0.00504694;0.029887909;-0.032148091;0.019676367;WT-like;WT-like;subs
1620;P74F;-0.12766508;0.02854779;-0.082313001;0.022743007;WT-like;low;subs
1621;D76V;-0.020119299;0.033131148;0.004602574;0.019907558;WT-like;WT-like;Likely pathogenic
1622;G73V;-0.344922507;0.031378978;-0.224692163;0.0230409;low;low;subs
1623;G73Y;-0.261528376;0.030113629;-0.113091016;0.021111663;low;low;subs
1624;G73S;0.00253309;0.02946317;0.015296754;0.020303502;WT-like;WT-like;subs
1625;G73C;-0.089387704;0.031890754;-0.046727601;0.020119504;WT-like;WT-like;subs
1626;G73L;-0.187178205;0.030731816;-0.147211571;0.02136011;WT-like;low;subs
1627;G73F;-0.200137872;0.029831061;-0.155445983;0.020368716;low;low;subs
1628;G72V;-0.359648264;0.034718786;-0.234273463;0.027845092;low;low;subs
1629;G72Y;-0.408189936;0.030511406;-0.252494845;0.02614561;low;low;subs
1630;G72S;-0.128802488;0.031945366;-0.076260821;0.020680204;WT-like;low;Likely pathogenic
1631;G72W;-0.334673239;0.038798785;-0.302130411;0.024620637;low;low;subs
1632;G72L;-0.303508752;0.033867073;-0.183692215;0.023795969;low;low;subs
1633;G72F;-0.417611506;0.042914215;-0.212374909;0.025345683;low;low;subs
1634;H71P;-0.368617391;0.032518103;-0.198385067;0.024949892;low;low;subs
1635;H71E;-0.302784593;0.034593162;-0.235132714;0.027886958;low;low;subs
1636;H71D;-0.411571499;0.032422463;-0.172471363;0.024959483;low;low;subs
1637;H71A;-0.283617641;0.040264385;-0.239310309;0.024298152;low;low;subs
1638;H71G;-0.289392811;0.03797096;-0.245032338;0.024064977;low;low;subs
1639;H71V;-0.314754929;0.03682916;-0.279220862;0.026201619;low;low;subs
1640;H71Y;-0.369380015;0.034296054;-0.258279204;0.028633005;low;low;VOUS
1641;H71S;-0.240168756;0.036813364;-0.213393456;0.026052221;low;low;subs
1642;H71W;-0.321701522;0.037798867;-0.275934769;0.026658583;low;low;subs
1643;H71C;-0.37182135;0.036815556;-0.217077635;0.026109325;low;low;subs
1644;H71L;-0.361058898;0.038505163;-0.225594706;0.026583942;low;low;subs
1645;H71F;-0.477565578;0.038564117;-0.300550635;0.029721627;low;low;subs
1646;P74Q;0.041624189;0.038602354;0.008167134;0.020731267;WT-like;WT-like;subs
1647;V87M;-0.289930354;0.047387191;-0.159272207;0.028294298;low;low;VOUS
1648;D92H;0.00776811;0.037287519;0.007606182;0.025339534;WT-like;WT-like;Negative
1649;S98A;-0.007658581;0.041887183;-0.056843984;0.031541339;WT-like;low;subs
1650;D92Y;-0.004134453;0.049999379;-0.036795216;0.025829287;WT-like;WT-like;subs
1651;A89V;-0.040438623;0.04413333;-0.014798129;0.024606651;WT-like;WT-like;Likely pathogenic
1652;N86I;-0.369071587;0.048251804;-0.258142473;0.028917937;low;low;subs
1653;H80D;-0.271835809;0.04018791;-0.289164041;0.026436358;low;low;subs
1654;K75N;-0.054097321;0.03534584;-0.03484473;0.023422219;WT-like;WT-like;subs
1655;K70N;-0.014656346;0.0351051;0.004170018;0.021944011;WT-like;WT-like;subs
1656;K70T;-0.073343507;0.036088273;0.013088039;0.022294406;WT-like;WT-like;subs
1657;K70M;-0.033224783;0.035917221;-0.015175712;0.020271231;WT-like;WT-like;subs
1658;K70I;-0.012040849;0.031761986;-0.041219581;0.021619517;WT-like;WT-like;subs
1659;K70H;-0.097619708;0.033036068;0.034349568;0.021167352;WT-like;WT-like;subs
1660;K70P;-0.011281291;0.025717208;-0.005104923;0.020276518;WT-like;WT-like;subs
1661;K70E;0.039634064;0.037893705;-0.018834737;0.027731738;WT-like;WT-like;subs
1662;K70D;-0.018521344;0.031672601;-0.000413278;0.021597457;WT-like;WT-like;subs
1663;K70A;0.052342063;0.037094383;0.019619878;0.020726451;WT-like;WT-like;subs
1664;K70G;-0.049883827;0.032981583;0.01820563;0.022850181;WT-like;WT-like;subs
1665;K70V;0.009595462;0.037987099;-0.005341446;0.020436897;WT-like;WT-like;subs
1666;K70Y;-0.107199344;0.036519734;-0.012435987;0.022844093;WT-like;WT-like;subs
1667;K70S;-0.005443206;0.036607804;-0.008955623;0.022653878;WT-like;WT-like;subs
1668;K70W;-0.138787168;0.039313931;-0.066218843;0.021718454;WT-like;low;subs
1669;K70C;-0.086526525;0.03188766;-0.012595619;0.021199121;WT-like;WT-like;subs
1670;K70L;-0.000648737;0.038032404;-0.010099635;0.021860887;WT-like;WT-like;subs
1671;K70F;-0.03223064;0.027261872;-0.001933185;0.021379153;WT-like;WT-like;subs
1672;D90E;-0.445499089;0.051586503;-0.152353433;0.03398308;low;low;subs
1673;A89S;-0.29680541;0.04787263;-0.110168756;0.023872028;low;low;subs
1674;R69M;0.004796235;0.032471808;-0.026141135;0.022055408;WT-like;WT-like;subs
1675;R69I;-0.016637004;0.030921124;-0.01638952;0.020824716;WT-like;WT-like;subs
1676;R69Q;0.008563142;0.035832073;-0.007840435;0.021877043;WT-like;WT-like;subs
1677;R69H;0.094470443;0.032863544;0.011622208;0.021232207;high;WT-like;subs
1678;R69P;-0.312089879;0.037633845;-0.296771206;0.024638014;low;low;subs
1679;R69E;-0.016889879;0.040668662;-0.012169981;0.023128431;WT-like;WT-like;subs
1680;R69D;-0.045435018;0.03409448;-0.016398746;0.021189694;WT-like;WT-like;subs
1681;R69A;0.06439593;0.029276534;0.021947214;0.021207031;high;WT-like;subs
1682;R69G;0.009599985;0.033267545;-0.029448784;0.020549829;WT-like;WT-like;VOUS
1683;R69V;0.000110087;0.031949141;-0.006169432;0.020953542;WT-like;WT-like;subs
1684;R69Y;-0.045996692;0.034608152;0.008308895;0.021835388;WT-like;WT-like;subs
1685;R69S;-0.010960027;0.031680103;-0.008377243;0.02131246;WT-like;WT-like;subs
1686;R69W;-0.04998839;0.036497153;-0.024195715;0.020180421;WT-like;WT-like;subs
1687;R69C;-0.045258876;0.027868507;-0.013205009;0.021374522;WT-like;WT-like;subs
1688;R69L;-0.013804929;0.035968919;0.026988874;0.021020481;WT-like;WT-like;subs
1689;R69F;0.00207663;0.032648315;-0.010547314;0.023386175;WT-like;WT-like;subs
1690;S68W;-0.009352636;0.041483703;-0.022803792;0.021101075;WT-like;WT-like;subs
1691;S68C;-0.06441949;0.043805917;-0.014340473;0.021386128;WT-like;WT-like;subs
1692;S68L;-0.034704507;0.034518854;-0.01962921;0.021903814;WT-like;WT-like;subs
1693;S68F;-0.03961955;0.034047237;-0.01386614;0.021810813;WT-like;WT-like;Negative
1694;L67E;0.013857809;0.033963334;-0.015071062;0.022384423;WT-like;WT-like;subs
1695;L67D;0.01786196;0.030940218;-0.029591759;0.02167645;WT-like;WT-like;subs
1696;L67A;0.104751268;0.033654174;-0.023457729;0.021425095;high;WT-like;subs
1697;L67G;0.043953558;0.030440439;-0.006785435;0.020167698;WT-like;WT-like;subs
1698;L67V;-0.104252305;0.038950238;-0.024207941;0.022112135;WT-like;WT-like;Negative
1699;L67Y;0.055403978;0.028874929;0.013389532;0.021883908;high;WT-like;subs
1700;L67S;-0.038095138;0.039572541;0.001184751;0.023008284;WT-like;WT-like;subs
1701;L67W;-0.016567133;0.030687276;-0.026504927;0.021906262;WT-like;WT-like;subs
1702;L67C;-0.056843175;0.035741075;0.019802118;0.02144196;WT-like;WT-like;subs
1703;V94M;-0.112012747;0.038826026;-0.068357646;0.026095538;WT-like;low;subs
1704;D96V;-0.028005298;0.058819521;-0.043158626;0.027732488;WT-like;WT-like;VOUS
1705;L67F;-0.07381379;0.036667257;0.010903669;0.022386189;WT-like;WT-like;subs
1706;P66E;-0.28305651;0.049634232;-0.191422705;0.026099415;low;low;subs
1707;P66D;-0.344185953;0.03867739;-0.187806906;0.02696952;low;low;subs
1708;P66A;-0.130870718;0.034654473;-0.16559419;0.025781922;WT-like;low;subs
1709;P66G;-0.15772841;0.040587334;-0.071493214;0.021285816;WT-like;low;subs
1710;P66V;-0.051076754;0.03882381;-0.048307105;0.021232163;WT-like;WT-like;subs
1711;P66Y;-0.19132962;0.035902998;-0.056436333;0.024799485;low;low;subs
1712;P66W;-0.225465964;0.0399687;-0.161690186;0.024222124;low;low;subs
1713;P66C;-0.193896667;0.034423288;-0.13428369;0.023625357;low;low;subs
1714;P66L;-0.228896074;0.041304664;-0.111087689;0.024098768;low;low;subs
1715;P66F;-0.200020177;0.042515055;-0.096000087;0.023907066;low;low;subs
1716;N65R;-0.33659872;0.04517363;-0.235235697;0.026413064;low;low;subs
1717;N65M;-0.283124932;0.038879494;-0.154559772;0.024116438;low;low;subs
1718;N65I;-0.62839942;0.087418721;-0.389729066;0.038015192;low;low;subs
1719;N65Q;-0.208286402;0.038389937;-0.123114924;0.025419199;low;low;subs
1720;N65H;-0.398992184;0.04509191;-0.292779015;0.029929431;low;low;subs
1721;N65P;-0.50953949;0.034925836;-0.322829085;0.025101346;low;low;subs
1722;N65E;-0.155386441;0.034038598;-0.077444524;0.021939111;WT-like;low;subs
1723;N65D;-0.049298404;0.048616037;-0.062668789;0.030500832;WT-like;low;subs
1724;N65A;-0.121684795;0.032582634;-0.071400404;0.02056448;WT-like;low;subs
1725;N65G;-0.209639026;0.041773779;-0.103836323;0.024104732;low;low;subs
1726;N65V;-0.489500981;0.048494392;-0.297639039;0.027840056;low;low;subs
1727;N65Y;-0.380794625;0.055834639;-0.364816377;0.040387275;low;low;subs
1728;N65S;-0.040122367;0.029654054;-0.00852532;0.021554599;WT-like;WT-like;Likely pathogenic
1729;N65W;-0.418389678;0.037760894;-0.354415672;0.027059059;low;low;subs
1730;N65C;-0.16844253;0.040324406;-0.108774112;0.022413492;WT-like;low;subs
1731;N65L;-0.384510849;0.034718011;-0.307385093;0.027661033;low;low;subs
1732;N65F;-0.450879024;0.046652301;-0.240328401;0.027872833;low;low;subs
1733;H63P;-0.337983703;0.033085043;-0.111977663;0.022929016;low;low;subs
1734;H63E;-0.283515269;0.036995951;-0.163486205;0.024970819;low;low;subs
1735;H63D;-0.207656399;0.037468481;-0.088483707;0.024195226;low;low;subs
1736;H63A;-0.200943883;0.043140772;-0.155542342;0.025059908;low;low;subs
1737;H63G;-0.308950249;0.037666152;-0.267106398;0.026654856;low;low;subs
1738;H63V;0.108056596;0.02944721;0.02922568;0.021860201;high;WT-like;subs
1739;H63Y;-0.27465504;0.030261248;-0.075656948;0.025059461;low;low;subs
1740;H63S;-0.367382466;0.039027332;-0.208674459;0.024029148;low;low;subs
1741;H63W;-0.251570046;0.038577958;-0.179875572;0.0283315;low;low;subs
1742;H63C;0.017966745;0.041520019;0.031328846;0.022971545;WT-like;WT-like;subs
1743;H63L;0.029464166;0.032674322;0.031722984;0.021387996;WT-like;WT-like;subs
1744;H63F;-0.220162424;0.040030107;-0.118047551;0.026666585;low;low;subs
1745;P62E;-0.033528774;0.034401136;-0.017610107;0.020626547;WT-like;WT-like;subs
1746;P62D;0.098166316;0.035215363;-0.028444679;0.02517001;high;WT-like;subs
1747;P62G;0.046489415;0.034829169;-0.022769979;0.021856215;WT-like;WT-like;subs
1748;P62V;-0.094198276;0.037612142;-0.051081185;0.021883042;WT-like;WT-like;subs
1749;P62Y;-0.11874865;0.039535668;-0.013553355;0.023776861;WT-like;WT-like;subs
1750;P62S;-0.052142643;0.038542434;-0.051893711;0.022295954;WT-like;WT-like;subs
1751;P62W;-0.057352917;0.038957267;-0.034859372;0.022628132;WT-like;WT-like;subs
1752;P62C;-0.111612502;0.038766603;-0.088833349;0.021367652;WT-like;low;subs
1753;P62L;0.051596753;0.036083623;-0.026222436;0.02161751;WT-like;WT-like;subs
1754;P62F;-0.012267777;0.034878298;-0.029734304;0.024424184;WT-like;WT-like;subs
1755;G61Y;-0.149210891;0.038764594;-0.166267053;0.023801886;WT-like;low;subs
1756;G61S;-0.11673051;0.033664976;-0.131613444;0.022727505;WT-like;low;subs
1757;G61W;-0.113153575;0.039896226;-0.157048753;0.022167634;WT-like;low;subs
1758;G61C;-0.258617772;0.054306729;-0.219978043;0.030491155;low;low;subs
1759;G61L;-0.13974712;0.035361594;-0.18786957;0.022828753;WT-like;low;subs
1760;G61F;-0.224549738;0.035244798;-0.130099762;0.024433524;low;low;subs
1761;T88N;0.014834243;0.047787851;0.052184571;0.02370031;WT-like;high;subs
1762;D92E;-0.011739237;0.043298821;-0.013327028;0.024743369;WT-like;WT-like;subs
1763;G93D;-0.949193692;0.064081167;-0.693001742;0.091324111;Stop-like;low;Likely pathogenic
1764;S98F;0.057881042;0.040653534;0.009254756;0.03589475;WT-like;WT-like;subs
1765;N86H;-0.152513452;0.044842751;-0.143895937;0.02717923;WT-like;low;subs
1766;A60G;-0.031747099;0.028387239;-0.043149619;0.020798351;WT-like;WT-like;subs
1767;A60V;-0.053600974;0.029104516;0.025710812;0.022485593;WT-like;WT-like;Negative
1768;A60Y;0.035593667;0.03462287;-0.026333428;0.022362996;WT-like;WT-like;subs
1769;A60S;0.031572883;0.032882684;-0.019777174;0.022481373;WT-like;WT-like;subs
1770;A60W;-0.053000517;0.034496624;-0.068261902;0.023183502;WT-like;low;subs
1771;A60C;-0.056016271;0.035080735;-0.098141049;0.022070523;WT-like;low;subs
1772;A60L;-0.021474041;0.041009654;-0.004967179;0.022529096;WT-like;WT-like;subs
1773;A60F;-0.099891815;0.033234004;-0.00254283;0.021437924;WT-like;WT-like;subs
1774;S59M;-0.310449983;0.034195042;-0.109360116;0.021836352;low;low;subs
1775;S59I;-0.274340322;0.054707066;-0.171435336;0.038662297;low;low;Likely pathogenic
1776;S59Q;-0.213144281;0.043855972;-0.099376189;0.023058727;low;low;subs
1777;S59H;-0.195573709;0.03916225;-0.04547992;0.022218462;low;WT-like;subs
1778;S59P;-0.114790911;0.028039329;-0.114164812;0.021776114;WT-like;low;subs
1779;S59E;-0.095943735;0.0320992;-0.070451253;0.023607935;WT-like;low;subs
1780;S59D;-0.214821883;0.040899381;-0.091218597;0.022992166;low;low;subs
1781;S59A;-0.044220432;0.034926827;-0.068489726;0.023493727;WT-like;low;subs
1782;S59G;-0.115270638;0.037657504;-0.013532174;0.023028082;WT-like;WT-like;subs
1783;S59V;-0.148135453;0.03028683;-0.149627244;0.021894818;WT-like;low;subs
1784;S59Y;-0.319736225;0.03831194;-0.122415691;0.025947584;low;low;subs
1785;S59W;-0.172171953;0.038530106;-0.157096952;0.024566132;WT-like;low;subs
1786;S59C;-0.102262564;0.058487614;-0.162694984;0.03006047;WT-like;low;subs
1787;S59L;-0.133858332;0.030736561;-0.067936791;0.021330793;WT-like;low;subs
1788;S59F;-0.182557924;0.035582929;-0.111184917;0.022586776;WT-like;low;subs
1789;A60P;-0.217482145;0.037422728;-0.090618309;0.023528202;low;low;subs
1790;F64C;-0.268872844;0.035912858;-0.191927783;0.025582924;low;low;subs
1791;D92A;-0.019422976;0.033243253;-0.003095103;0.031354448;WT-like;WT-like;subs
1792;T88I;0.025088437;0.03965033;-0.004512717;0.026499006;WT-like;WT-like;Negative
1793;N86Y;-0.224314816;0.036151406;-0.178925386;0.028683171;low;low;subs
1794;K75M;-0.005270871;0.037488264;-0.011147783;0.022316485;WT-like;WT-like;subs
1795;P66S;-0.091124976;0.041833762;-0.110339164;0.024376532;WT-like;low;subs
1796;N65T;-0.356349703;0.03796086;-0.223648261;0.027248988;low;low;subs
1797;T58R;-0.083702473;0.030166927;-0.009296152;0.024883994;WT-like;WT-like;subs
1798;T58M;-0.114974559;0.034692225;-0.018388727;0.023765519;WT-like;WT-like;subs
1799;T58I;-0.134125321;0.039297673;-0.013316742;0.02790619;WT-like;WT-like;subs
1800;T58Q;0.059095274;0.032118186;0.046386236;0.023508145;high;high;subs
1801;T58H;-0.066907079;0.033810486;0.012910231;0.021641274;WT-like;WT-like;subs
1802;T58P;-0.08801838;0.031439153;-0.024920805;0.023335058;WT-like;WT-like;subs
1803;T58E;-0.003192781;0.032071428;0.036102108;0.026506626;WT-like;WT-like;subs
1804;T58D;0.070516543;0.032798285;0.029855679;0.023281464;high;WT-like;subs
1805;T58A;0.028445492;0.033715982;0.01389975;0.022201547;WT-like;WT-like;subs
1806;T58G;-0.007451631;0.030280977;0.017653589;0.021428274;WT-like;WT-like;subs
1807;T58V;-0.111550024;0.037505884;-0.02775561;0.022387769;WT-like;WT-like;subs
1808;T58Y;-0.080891835;0.043409152;-0.01272229;0.028824606;WT-like;WT-like;subs
1809;T58S;0.023760059;0.030753568;0.000555396;0.023623919;WT-like;WT-like;subs
1810;T58W;-0.132653837;0.033396572;-0.113160031;0.02168594;WT-like;low;subs
1811;T58C;0.059313628;0.035983432;0.017237407;0.022403466;WT-like;WT-like;subs
1812;T58L;-0.019444272;0.03310922;0.035777838;0.021584881;WT-like;WT-like;subs
1813;T58F;-0.041135422;0.033549736;0.022842571;0.023480908;WT-like;WT-like;subs
1814;C57L;0.038894482;0.034208904;0.036687844;0.021423618;WT-like;WT-like;subs
1815;C57F;-0.054234875;0.033833668;-0.026484838;0.022988847;WT-like;WT-like;subs
1816;P62H;0.033549224;0.034496096;0.020444825;0.021865508;WT-like;WT-like;subs
1817;H63Q;-0.165043915;0.03780841;-0.115989818;0.024793623;WT-like;low;subs
1818;P66T;-0.061775826;0.042771941;-0.017239603;0.026564766;WT-like;WT-like;subs
1819;A89T;-0.432452112;0.054442912;-0.199070738;0.030735019;low;low;VOUS
1820;I99M;0.202286371;0.093677075;0.002932322;0.030954856;high;WT-like;subs
1821;D96Y;0.041473487;0.054398583;0.028341936;0.028452469;WT-like;WT-like;subs
1822;K91E;0.007458543;0.04121114;0.029208685;0.025448906;WT-like;WT-like;Negative
1823;K70R;-0.022390142;0.044360394;0.040253687;0.022489124;WT-like;high;subs
1824;G56V;-0.115226531;0.03225086;-0.118377188;0.022764031;WT-like;low;subs
1825;G56Y;-0.11159031;0.04009675;-0.069859926;0.022875439;WT-like;low;subs
1826;G56S;-0.041431004;0.035620111;-0.064145964;0.024038869;WT-like;low;subs
1827;G56W;-0.154813399;0.035089101;-0.100228696;0.022735407;WT-like;low;subs
1828;G56C;-0.015842564;0.034292692;-0.053690773;0.025205776;WT-like;WT-like;subs
1829;G56L;-0.139887102;0.03144111;-0.036126933;0.02262852;WT-like;WT-like;subs
1830;G56F;-0.159488721;0.033275603;-0.06973943;0.022567028;WT-like;low;subs
1831;A55G;0.021930841;0.035793686;0.023057111;0.021565589;WT-like;WT-like;subs
1832;A55V;0.025616447;0.035180544;-0.004712871;0.022612643;WT-like;WT-like;Negative
1833;A55Y;-0.009971563;0.037967325;-0.01805043;0.02281608;WT-like;WT-like;subs
1834;A55S;0.076110686;0.031777352;0.042295545;0.021807517;high;high;subs
1835;A55W;-0.135502786;0.034243822;0.01057869;0.023415375;WT-like;WT-like;subs
1836;A55C;-0.021917366;0.034308637;0.033475969;0.022410193;WT-like;WT-like;subs
1837;A55L;-0.003022046;0.041197776;-0.011113849;0.022770542;WT-like;WT-like;subs
1838;A55F;-0.023089624;0.036978261;0.030440285;0.024940186;WT-like;WT-like;subs
1839;V87L;0.086646041;0.047013541;-0.001746689;0.027912818;high;WT-like;Negative
1840;L84F;-0.05672391;0.060414079;-0.079341244;0.031788124;WT-like;low;Likely pathogenic
1841;V81F;-0.118684103;0.036532312;-0.09042792;0.029725859;WT-like;low;subs
1842;H80Y;-0.238554267;0.064144021;-0.205094737;0.031951327;low;low;Likely pathogenic
1843;R79W;-0.28304572;0.050273716;-0.289090505;0.029107126;low;low;subs
1844;G72C;-0.156810081;0.037612225;-0.195445064;0.025199098;WT-like;low;subs
1845;K70Q;0.038326022;0.037744173;0.018093418;0.021875582;WT-like;WT-like;subs
1846;T54R;-0.089298146;0.055458012;0.018957844;0.033491293;WT-like;WT-like;subs
1847;T54M;0.08367122;0.049294183;-0.075011118;0.029603567;WT-like;low;subs
1848;T54I;-0.031474372;0.035436741;-0.071219718;0.028037402;WT-like;low;subs
1849;T54Q;-0.016276936;0.034404351;-0.04092561;0.026073772;WT-like;WT-like;subs
1850;T54H;-0.002756787;0.033937437;-0.062968384;0.021963839;WT-like;low;subs
1851;T54P;-0.057417787;0.037617513;-0.088996789;0.027784654;WT-like;low;subs
1852;T54E;0.02497589;0.037091028;-0.090811443;0.022789179;WT-like;low;subs
1853;T54D;-0.017603247;0.037498016;-0.075733128;0.023841445;WT-like;low;subs
1854;T54A;-0.046196797;0.027848099;-0.091214718;0.022480352;WT-like;low;subs
1855;T54G;-0.014807079;0.029697821;-0.047064221;0.022966771;WT-like;WT-like;subs
1856;T54V;-0.085607311;0.034344803;-0.046754011;0.02253393;WT-like;WT-like;subs
1857;T54Y;-0.00357872;0.038286319;-0.109932488;0.028083817;WT-like;low;subs
1858;T54S;0.034837627;0.027178917;0.029778899;0.022852625;WT-like;WT-like;subs
1859;T54W;-0.142504548;0.027531179;-0.086922488;0.024798486;WT-like;low;subs
1860;T54C;-0.055050327;0.038945298;-0.070788659;0.024544485;WT-like;low;subs
1861;T54L;-0.080206919;0.03639741;-0.079829941;0.024120748;WT-like;low;subs
1862;T54F;-0.054098005;0.032958544;-0.063373517;0.025615025;WT-like;low;subs
1863;V81G;-0.229486328;0.060111406;-0.063222671;0.02877845;low;low;subs
1864;E100Q;0.094948963;0.05990251;0.009931415;0.032711619;WT-like;WT-like;subs
1865;G73W;-0.242809139;0.044649844;-0.139212917;0.028089809;low;low;subs
1866;D90D;-0.076337609;0.055214447;-0.019354598;0.03197924;WT-like;WT-like;Synonymous
1867;G73G;0.02112589;0.040375076;0.004648194;0.021265005;WT-like;WT-like;Synonymous
1868;F64F;-0.036759771;0.053359919;-0.004748234;0.029293491;WT-like;WT-like;Synonymous
1869;V94V;0.00961089;0.037737261;-0.07289802;0.027494818;WT-like;low;Synonymous
1870;V81V;0.023373011;0.034682853;-0.033597321;0.024663744;WT-like;WT-like;Synonymous
1871;K91K;0.001971479;0.036275487;0.011794949;0.022425058;WT-like;WT-like;Synonymous
1872;E77E;0.017658972;0.033387644;-0.006540506;0.02235912;WT-like;WT-like;Synonymous
1873;R79R;0.009113764;0.035013453;0.006176138;0.021079521;WT-like;WT-like;Synonymous
1874;H71H;0.019271479;0.030289824;0.02234915;0.022204392;WT-like;WT-like;Synonymous
1875;N86N;0.018641501;0.054747318;-0.04215711;0.0245765;WT-like;WT-like;Synonymous
1876;T88T;0.019139175;0.037518971;-0.015508129;0.023988161;WT-like;WT-like;Synonymous
1877;L67L;-0.058808224;0.024224347;-0.01196185;0.018313985;WT-like;WT-like;Synonymous
1878;I99I;-0.107815547;0.066809716;-0.013119369;0.028756325;WT-like;WT-like;Synonymous
1879;G93G;-0.140716183;0.060761362;-0.036294393;0.028933478;WT-like;WT-like;Synonymous
1880;K70K;-0.046507106;0.038679076;0.008711019;0.024009889;WT-like;WT-like;Synonymous
1881;R69R;0.104526858;0.039467395;-0.001692486;0.025563771;high;WT-like;Synonymous
1882;D92D;0.036987508;0.04414647;0.057272865;0.029715327;WT-like;high;Synonymous
1883;G56G;0.023462076;0.036096597;0.066259567;0.025027729;WT-like;high;Synonymous
1884;A55A;-0.153291431;0.04187596;-0.046438702;0.02510691;WT-like;WT-like;Synonymous
1885;E78E;0.00501698;0.034942958;0.000293875;0.025497812;WT-like;WT-like;Synonymous
1886;L84L;0.101112406;0.061787554;0.035106548;0.028798618;WT-like;WT-like;Synonymous
1887;T54T;0.073225092;0.032467644;0.007465418;0.022197358;high;WT-like;Synonymous
1888;P62P;-0.129070099;0.045751265;-0.023654437;0.026818072;WT-like;WT-like;Synonymous
1889;N65N;0.005557718;0.046484016;0.011973447;0.024705347;WT-like;WT-like;Synonymous
1890;G85G;-0.12507272;0.056860111;0.020239842;0.028024262;WT-like;WT-like;Synonymous
1891;S68S;-0.038586415;0.037832227;0.026834426;0.025100697;WT-like;WT-like;Synonymous
1892;I113M;-0.322728065;0.030817037;-0.096262077;0.019058221;low;low;VOUS
1893;H110Y;-0.109632003;0.028636674;-0.053596897;0.018479835;WT-like;WT-like;VOUS
1894;I104K;-0.986731548;0.042800608;-0.713249293;0.048355908;Stop-like;low;subs
1895;I104N;-0.919017839;0.039485509;-0.564663796;0.030995335;Stop-like;low;subs
1896;I104T;-0.795891846;0.03579281;-0.33781761;0.024261245;low;low;Negative
1897;I104R;-1.087749895;0.040158611;-0.720264538;0.044940856;Stop-like;low;subs
1898;S105K;-0.257067081;0.027161762;-0.086563469;0.022124254;low;low;subs
1899;S105N;-0.275934767;0.024914189;-0.062193131;0.018623071;low;low;subs
1900;S105T;-0.15961385;0.025538279;-0.070126123;0.018374189;WT-like;low;subs
1901;S105R;-0.341013122;0.027309056;-0.113508224;0.018920685;low;low;subs
1902;S105M;-0.735839136;0.036745995;-0.272742973;0.020228721;low;low;subs
1903;S105I;-0.939976757;0.04147622;-0.888300759;0.047706799;Stop-like;Stop-like;subs
1904;S105Q;-0.13539719;0.028046861;-0.079793708;0.022408394;WT-like;low;subs
1905;S105H;-0.831599628;0.03998031;-0.272525422;0.020907458;low;low;subs
1906;S105P;-1.020571011;0.068904522;-0.518957819;0.044659953;Stop-like;low;subs
1907;S105E;-0.453488896;0.030923925;-0.167632387;0.02003855;low;low;subs
1908;S105D;-0.457709267;0.028833087;-0.11302429;0.019281405;low;low;subs
1909;S105A;-0.274890907;0.025481345;-0.096420795;0.020005652;low;low;subs
1910;S105G;-0.295119067;0.032629691;-0.068857318;0.020902826;low;low;subs
1911;S105V;-0.997784251;0.042480938;-0.658410413;0.035082239;Stop-like;low;subs
1912;S105Y;-1.058843675;0.042194241;-0.813430975;0.045810322;Stop-like;low;subs
1913;L106K;-1.059940807;0.048741853;-0.747797757;0.054904756;Stop-like;low;subs
1914;L106N;-0.947236771;0.045316042;-0.707674958;0.042904468;Stop-like;low;subs
1915;L106T;-0.929338927;0.040648212;-0.578367137;0.032598984;Stop-like;low;subs
1916;L106R;-1.017204598;0.04506133;-0.715397861;0.040031415;Stop-like;low;subs
1917;L106M;-0.371890253;0.029448575;-0.172059186;0.01952692;low;low;subs
1918;L106I;-0.729581801;0.036735209;-0.256455402;0.025592651;low;low;subs
1919;L106Q;-1.067669524;0.047850794;-0.757951983;0.040912354;Stop-like;low;subs
1920;L106H;-1.102539462;0.046085164;-0.719589479;0.036923124;Stop-like;low;subs
1921;L106P;-1.001930157;0.050775635;-0.736436426;0.041646215;Stop-like;low;subs
1922;S107K;-0.155234103;0.026935818;-0.061908873;0.021085348;WT-like;low;subs
1923;S107N;-0.023642705;0.025324865;-0.02375481;0.017584608;WT-like;WT-like;subs
1924;S107T;-0.090767886;0.026789022;-0.013765747;0.016349178;WT-like;WT-like;subs
1925;S107R;-0.160749848;0.033918691;-0.054601594;0.019811124;WT-like;WT-like;subs
1926;S107M;-0.106872372;0.028296635;-0.048808362;0.018245755;WT-like;WT-like;subs
1927;S107I;-0.142759049;0.027102529;-0.045643182;0.018516509;WT-like;WT-like;subs
1928;S107Q;-0.025250903;0.028364796;-0.06323652;0.020329877;WT-like;low;subs
1929;S107H;-0.095318987;0.027004832;-0.020495359;0.019448432;WT-like;WT-like;subs
1930;S107P;-0.930888837;0.08223159;-0.700015018;0.062257543;Stop-like;low;subs
1931;S107E;-0.126701875;0.02552579;-0.060085429;0.018535503;WT-like;low;subs
1932;S107D;-0.165404649;0.023176763;-0.055056969;0.017288855;WT-like;WT-like;subs
1933;S107A;-0.127074843;0.027687212;-0.027038663;0.021107117;WT-like;WT-like;subs
1934;S107G;-0.180823678;0.026212819;-0.031167352;0.018145506;WT-like;WT-like;subs
1935;S107V;-0.09961381;0.028322123;-0.032314938;0.02064779;WT-like;WT-like;subs
1936;S107Y;-0.058466243;0.027638628;-0.046113742;0.017974495;WT-like;WT-like;subs
1937;G108K;-0.849782328;0.03914452;-0.370495938;0.055661316;low;low;subs
1938;G108N;-0.620100669;0.031810884;-0.222892475;0.053954653;low;low;subs
1939;G108T;-0.917995383;0.040469689;-0.415612434;0.038405223;Stop-like;low;subs
1940;G108R;-0.925089286;0.045464165;-0.383691553;0.027262497;Stop-like;low;VOUS
1941;G108M;-0.858836523;0.046903157;-0.363264433;0.033003188;low;low;subs
1942;G108I;-0.983267232;0.045618243;-0.789769243;0.050371381;Stop-like;low;subs
1943;G108Q;-0.805374507;0.038897904;-0.315592854;0.024113692;low;low;subs
1944;G108H;-0.735161799;0.031979248;-0.264629898;0.029864863;low;low;subs
1945;G108P;-1.015104613;0.047996628;-0.713263884;0.03621646;Stop-like;low;subs
1946;G108E;-0.81082812;0.091592694;-0.2821742;0.053062687;low;low;Negative
1947;G108D;-0.535540076;0.034214752;-0.172435303;0.045409053;low;low;subs
1948;G108A;-0.649983599;0.031998845;-0.267483121;0.028174356;low;low;subs
1949;D109K;-0.101129862;0.028957706;-0.014642923;0.054368514;WT-like;WT-like;subs
1950;D109N;-0.044509337;0.03078667;-0.036938984;0.031071971;WT-like;WT-like;subs
1951;D109T;-0.115635301;0.030924763;-0.043295788;0.026636364;WT-like;WT-like;subs
1952;D109R;-0.069506911;0.025271931;-0.021861746;0.022498735;WT-like;WT-like;subs
1953;D109I;-0.100147415;0.026735139;-0.072057087;0.034305873;WT-like;low;subs
1954;D109Q;-0.050221587;0.024735662;-0.023723506;0.035728649;WT-like;WT-like;subs
1955;D109H;-0.087211251;0.025828965;-0.102912473;0.025396983;WT-like;low;subs
1956;D109P;-0.028409186;0.027948921;-0.01531307;0.018468296;WT-like;WT-like;subs
1957;D109E;0.039352803;0.029155914;0.001380681;0.019136561;WT-like;WT-like;Negative
1958;H110K;0.000956978;0.030879746;-0.032001848;0.019567481;WT-like;WT-like;subs
1959;H110N;-0.003752249;0.047367292;0.020990783;0.03741821;WT-like;WT-like;subs
1960;H110T;-0.067241663;0.028244931;-0.040297738;0.019932077;WT-like;WT-like;subs
1961;H110R;-0.044889768;0.025978656;-0.03077395;0.019136768;WT-like;WT-like;subs
1962;H110M;-0.20693159;0.028405211;-0.04726384;0.01924245;low;WT-like;subs
1963;H110I;-0.707118158;0.034880673;-0.224499015;0.023259883;low;low;subs
1964;C111K;-0.413526779;0.031755883;-0.100045665;0.026584312;low;low;subs
1965;C111N;0.057448964;0.030134763;-0.005148323;0.029217925;high;WT-like;subs
1966;C111T;-0.062280957;0.027367521;-0.002968851;0.022886511;WT-like;WT-like;subs
1967;C111R;-0.235552178;0.034650872;-0.10939134;0.038256645;low;low;subs
1968;C111M;-0.42999033;0.033223465;-0.107736472;0.023975659;low;low;subs
1969;C111I;-0.877124497;0.041118065;-0.345570078;0.04265381;low;low;subs
1970;C111Q;-0.153989651;0.028907959;-0.099701049;0.024872186;WT-like;low;subs
1971;C111H;-0.375721835;0.0273643;-0.11924751;0.026756284;low;low;subs
1972;C111P;-0.445613025;0.031833629;-0.150993094;0.020180454;low;low;subs
1973;C111E;-0.377900614;0.033260731;-0.201216443;0.027938977;low;low;subs
1974;C111D;-0.072381197;0.028594194;-0.035864897;0.048759282;WT-like;WT-like;subs
1975;C111A;-0.079367261;0.029353283;0.002774268;0.021615314;WT-like;WT-like;subs
1976;C111V;-0.923037829;0.044160684;-0.340953919;0.033953592;Stop-like;low;subs
1977;C111Y;-1.008922032;0.049052922;-0.481721237;0.077768739;Stop-like;low;Likely pathogenic
1978;C111S;0.032388736;0.027365511;0.016842972;0.021134432;WT-like;WT-like;Negative
1979;I112K;-0.913646534;0.044710737;-0.630359502;0.056121846;Stop-like;low;subs
1980;I112N;-0.986778678;0.051886867;-0.624215753;0.072772192;Stop-like;low;subs
1981;I112T;-1.027433314;0.04702258;-0.596114993;0.033068367;Stop-like;low;VOUS
1982;I112R;-1.023784179;0.045577464;-0.577806887;0.042754679;Stop-like;low;subs
1983;I113K;-0.988781953;0.047310319;-0.555828043;0.036082187;Stop-like;low;subs
1984;I113R;-0.937993284;0.041098096;-0.522376635;0.031179866;Stop-like;low;subs
1985;G114K;-0.940755037;0.043100373;-0.818904578;0.04662627;Stop-like;low;subs
1986;G114N;-0.71213633;0.03108932;-0.390192279;0.027711636;low;low;subs
1987;G114T;-0.99365602;0.042748464;-0.789316198;0.043453434;Stop-like;low;subs
1988;G114R;-0.951694288;0.040437384;-0.720283102;0.040492084;Stop-like;low;subs
1989;G114M;-0.977048902;0.041712489;-0.886026563;0.059768746;Stop-like;Stop-like;subs
1990;G114I;-1.032020134;0.042808984;-0.858655131;0.054400265;Stop-like;low;subs
1991;G114Q;-0.976883736;0.046360583;-0.752995125;0.043575672;Stop-like;low;subs
1992;G114H;-0.918928631;0.040782324;-0.583105964;0.031105575;Stop-like;low;subs
1993;G114P;-1.027502169;0.042779523;-0.722651624;0.033702235;Stop-like;low;subs
1994;G114E;-1.013311713;0.048632658;-0.611829511;0.032789368;Stop-like;low;subs
1995;G114D;-0.678418342;0.036479768;-0.404963122;0.025451511;low;low;Negative
1996;G114A;-0.957237137;0.040349048;-0.509153696;0.033167595;Stop-like;low;VOUS
1997;R115K;-0.256407777;0.029625653;-0.194455518;0.024163596;low;low;subs
1998;R115N;-0.526634192;0.033545832;-0.302717581;0.023184198;low;low;subs
1999;R115T;-0.70670109;0.031154648;-0.372294631;0.02456986;low;low;subs
2000;T116K;-0.277624752;0.025285919;-0.116465254;0.019023206;low;low;subs
2001;L117M;-0.367054735;0.026898229;-0.105494488;0.01902169;low;low;subs
2002;R143H;-0.096347747;0.055664021;0.002792031;0.029858268;WT-like;WT-like;Negative
2003;D124A;-0.327800374;0.031172716;-0.228193236;0.023327139;low;low;Likely pathogenic
2004;V118L;-0.341900381;0.026793365;-0.100990756;0.020540037;low;low;VOUS
2005;R115M;-0.336973273;0.025737552;-0.219819294;0.021840896;low;low;subs
2006;R115I;-0.954351531;0.04360726;-0.944111906;0.053527999;Stop-like;Stop-like;subs
2007;R115Q;-0.341950208;0.02968646;-0.24807622;0.024156172;low;low;subs
2008;R115H;-0.26979674;0.02915965;-0.185339587;0.026397559;low;low;VOUS
2009;R115P;-1.022749098;0.041951297;-0.776414261;0.046700232;Stop-like;low;subs
2010;T116N;-0.165357143;0.033278901;-0.104985585;0.02675563;WT-like;low;subs
2011;L117K;-1.04844006;0.044143592;-0.712498783;0.042270699;Stop-like;low;subs
2012;L117N;-1.038192949;0.044392201;-0.706633977;0.040230815;Stop-like;low;subs
2013;L117T;-0.989912924;0.038034698;-0.542411447;0.029112308;Stop-like;low;subs
2014;L117R;-1.046222392;0.051293792;-0.734576292;0.04383905;Stop-like;low;subs
2015;L117I;-0.448501044;0.032017827;-0.098001429;0.021536848;low;low;subs
2016;L117Q;-0.977334306;0.040567031;-0.701414426;0.035870168;Stop-like;low;subs
2017;L117H;-0.931122763;0.037753257;-0.724161024;0.042488618;Stop-like;low;subs
2018;L117P;-0.942081756;0.038189183;-0.661087753;0.034114786;Stop-like;low;subs
2019;V118K;-0.786317505;0.035941948;-0.383861114;0.022642768;low;low;subs
2020;V118N;-0.468082516;0.028897927;-0.251013292;0.01963226;low;low;subs
2021;V118T;-0.023215482;0.024892194;-0.027872388;0.017400786;WT-like;WT-like;subs
2022;V118R;-0.72527631;0.03973693;-0.386662476;0.026785506;low;low;subs
2023;V118I;-0.062716354;0.028920182;0.001345037;0.019284972;WT-like;WT-like;subs
2024;V118Q;-0.371509633;0.026181797;-0.112789095;0.019195641;low;low;subs
2025;V118H;-0.210832991;0.025953032;-0.15131536;0.018093199;low;low;subs
2026;V118P;-0.898893132;0.037912782;-0.682218769;0.033422882;Stop-like;low;subs
2027;V118E;-0.216047361;0.026668252;-0.08925502;0.01911282;low;low;subs
2028;V118D;-0.307343081;0.028746769;-0.133931667;0.020208327;low;low;subs
2029;V118A;-0.102519143;0.031184324;-0.036378262;0.021542405;WT-like;WT-like;subs
2030;V118G;-0.254640689;0.02796203;-0.104816236;0.019688989;low;low;subs
2031;V119K;-0.97206214;0.046786606;-0.648233608;0.038419082;Stop-like;low;subs
2032;V119N;-1.026777736;0.046656593;-0.712363117;0.041050931;Stop-like;low;subs
2033;V119T;-0.8221288;0.040221623;-0.491609683;0.028794522;low;low;subs
2034;V119R;-1.025093051;0.050272199;-0.827240525;0.044612359;Stop-like;low;subs
2035;V119M;-0.595550976;0.035409308;-0.198339722;0.024834196;low;low;subs
2036;V119I;-0.048190227;0.027598961;-0.064691659;0.021777988;WT-like;low;subs
2037;V119Q;-1.069130212;0.04498335;-0.707704517;0.040687284;Stop-like;low;subs
2038;V119H;-0.988724551;0.041955138;-0.738201312;0.043130656;Stop-like;low;subs
2039;V119P;-1.00649605;0.041769346;-0.735113611;0.034072347;Stop-like;low;subs
2040;V119E;-0.96836459;0.044378951;-0.731707445;0.041065782;Stop-like;low;subs
2041;V119D;-1.021623284;0.05026608;-0.674864109;0.039646659;Stop-like;low;subs
2042;V119A;-0.832624053;0.037891429;-0.359700648;0.026402028;low;low;subs
2043;V119G;-1.017721546;0.045578941;-0.732810981;0.0370688;Stop-like;low;subs
2044;H120K;-0.051165345;0.030804167;-0.051450145;0.025066876;WT-like;WT-like;subs
2045;H120N;0.053776956;0.031283831;-0.025027923;0.019930229;WT-like;WT-like;subs
2046;H120T;0.070627651;0.027511207;0.019777334;0.019025059;high;WT-like;subs
2047;H120R;0.028488387;0.031434607;-0.024115014;0.019308587;WT-like;WT-like;subs
2048;H120M;0.0598934;0.029232378;-0.033582688;0.022735951;high;WT-like;subs
2049;H120I;-0.42126568;0.032230208;-0.185000526;0.025130428;low;low;subs
2050;H120Q;0.087026221;0.03227384;-0.007247745;0.020110553;high;WT-like;subs
2051;E121K;0.030886974;0.042729296;0.031361799;0.030016137;WT-like;WT-like;subs
2052;E121N;-0.068634187;0.03226793;-0.006245439;0.022789193;WT-like;WT-like;subs
2053;E121T;0.008521792;0.026506295;-0.021886301;0.019579491;WT-like;WT-like;subs
2054;E121R;0.004232945;0.028246185;0.017030867;0.019006094;WT-like;WT-like;subs
2055;E121M;-0.13441;0.026900926;-0.044727276;0.018931858;WT-like;WT-like;subs
2056;E121I;-0.285449197;0.026148518;-0.069839338;0.020839374;low;low;subs
2057;E121H;0.018465672;0.027296009;-0.010117211;0.0183553;WT-like;WT-like;subs
2058;E121P;-0.316009168;0.029278568;-0.163820001;0.021168492;low;low;subs
2059;A123K;-0.038518286;0.025658041;-0.000878728;0.02130922;WT-like;WT-like;subs
2060;A123N;-0.060318281;0.028839444;-0.001164131;0.019488352;WT-like;WT-like;subs
2061;A123T;0.002437426;0.02655906;0.031304325;0.019600927;WT-like;WT-like;subs
2062;A123R;-0.059025972;0.029510842;-0.011166465;0.020119481;WT-like;WT-like;subs
2063;A123M;-0.02933303;0.028072013;0.004980948;0.019662748;WT-like;WT-like;subs
2064;A123I;-0.024764285;0.030683811;-0.0075444;0.02143253;WT-like;WT-like;subs
2065;A123Q;-0.031935504;0.033682113;-0.011600925;0.020088772;WT-like;WT-like;subs
2066;A123H;-0.088980724;0.029214008;-0.013141051;0.021067291;WT-like;WT-like;subs
2067;A123E;-0.006008518;0.035502316;-0.001284611;0.025028249;WT-like;WT-like;subs
2068;A123D;-0.031685659;0.02960675;-0.020762778;0.018881498;WT-like;WT-like;subs
2069;D124K;-0.435046397;0.031640886;-0.228087066;0.024684496;low;low;subs
2070;D124N;-0.292723698;0.052300712;-0.108168343;0.040130519;low;low;subs
2071;D124T;-0.359257966;0.030663936;-0.149258152;0.019679885;low;low;subs
2072;D124R;-0.333888348;0.029666762;-0.199773484;0.021837896;low;low;subs
2073;D124M;-0.341176199;0.030000927;-0.184811996;0.025631342;low;low;subs
2074;D124I;-0.348756125;0.027570262;-0.222478361;0.023366442;low;low;subs
2075;D124Q;-0.247615046;0.028651716;-0.185022946;0.020459832;low;low;subs
2076;D124P;-0.473028125;0.028006418;-0.21687646;0.020678126;low;low;subs
2077;D124E;-0.399079273;0.035066152;-0.20390089;0.02367461;low;low;Negative
2078;D125K;-0.207486434;0.028694439;-0.102176377;0.021050605;low;low;subs
2079;D125N;-0.135455416;0.03090965;-0.042081598;0.019639287;WT-like;WT-like;VOUS
2080;D125T;-0.127310984;0.025260385;-0.059509705;0.020507145;WT-like;low;subs
2081;D125R;-0.237072345;0.028050561;-0.119657957;0.021577705;low;low;subs
2082;D125M;-0.268432291;0.031256198;-0.083860287;0.020206342;low;low;subs
2083;D125I;-0.238910345;0.02724959;-0.143527223;0.020207755;low;low;subs
2084;D125Q;-0.237559041;0.028504839;-0.100317553;0.021635555;low;low;subs
2085;D125H;-0.275456233;0.026395198;-0.101212785;0.021374858;low;low;VOUS
2086;D125P;-0.272751645;0.025152031;-0.102440316;0.020280892;low;low;subs
2087;D125E;-0.133277758;0.030317167;-0.083115871;0.022278027;WT-like;low;subs
2088;L126K;0.046206644;0.026782522;-0.034959051;0.018656136;WT-like;WT-like;subs
2089;L126N;-0.037140352;0.030553332;-0.050414465;0.020458684;WT-like;WT-like;subs
2090;L126T;-0.02260079;0.02700341;-0.039284374;0.018254274;WT-like;WT-like;subs
2091;L126R;-0.057110916;0.026776396;-0.04787151;0.01823551;WT-like;WT-like;subs
2092;L126M;-0.003243587;0.036206985;0.006262637;0.021639773;WT-like;WT-like;subs
2093;L126I;-0.055804403;0.029275605;-0.042072012;0.017840699;WT-like;WT-like;subs
2094;L126Q;-0.055752204;0.027993804;0.001895254;0.019302713;WT-like;WT-like;subs
2095;L126H;-0.015630952;0.024734286;-0.027183274;0.016726188;WT-like;WT-like;subs
2096;L126P;-0.325903018;0.029509388;-0.135218706;0.020690247;low;low;subs
2097;L126E;-0.008984498;0.026411892;-0.009960984;0.019977094;WT-like;WT-like;subs
2098;L126D;-0.11324764;0.028884706;-0.056112422;0.018747971;WT-like;low;subs
2099;L126A;-0.059915613;0.027093486;-0.016755503;0.017899622;WT-like;WT-like;subs
2100;L126G;0.004655353;0.027301269;0.001671796;0.017558597;WT-like;WT-like;subs
2101;L126V;-0.068040876;0.02812275;-0.01722461;0.018543949;WT-like;WT-like;subs
2102;L126Y;0.028671612;0.025220552;-0.003753575;0.019284311;WT-like;WT-like;subs
2103;L126S;0.032771631;0.026491656;-0.036124574;0.019264269;WT-like;WT-like;Pathogenic
2104;L126C;-0.051736544;0.026966315;0.017791524;0.018371116;WT-like;WT-like;subs
2105;G127K;-0.277386677;0.029264679;-0.140470743;0.018585019;low;low;subs
2106;G127N;-0.06760375;0.024708011;-0.070375048;0.020140166;WT-like;low;subs
2107;G127T;-0.318936188;0.028624278;-0.118200839;0.019912648;low;low;subs
2108;G127R;-0.260690053;0.029272522;-0.105153646;0.021702113;low;low;subs
2109;G127M;-0.358234375;0.027002218;-0.141700842;0.018907828;low;low;subs
2110;G127I;-0.452221294;0.031266847;-0.154835733;0.020985983;low;low;subs
2111;G127Q;-0.27337056;0.027339917;-0.145839234;0.02005533;low;low;subs
2112;G127H;-0.295814721;0.031536148;-0.160076134;0.021163231;low;low;subs
2113;G127P;-0.450349871;0.028894583;-0.230315866;0.021690313;low;low;subs
2114;G127E;-0.323644986;0.029620506;-0.126326833;0.021081598;low;low;subs
2115;G127D;-0.353442736;0.037226612;-0.144454226;0.024339232;low;low;subs
2116;G127A;-0.010190106;0.029082097;-0.028190164;0.017749358;WT-like;WT-like;subs
2117;G129K;-0.030473496;0.027123682;-0.002297262;0.018081483;WT-like;WT-like;subs
2118;G129N;-0.02339195;0.024995312;-0.030600057;0.019970794;WT-like;WT-like;subs
2119;G129T;-0.018506476;0.024138155;-0.010106825;0.018574837;WT-like;WT-like;subs
2120;G129R;-0.018892433;0.030981577;-0.033037677;0.023118026;WT-like;WT-like;VOUS
2121;G129M;-0.013077663;0.027860519;-0.012155901;0.020335845;WT-like;WT-like;subs
2122;G129I;-0.138728543;0.031828052;-0.044511193;0.023266918;WT-like;WT-like;subs
2123;G129Q;-0.055055566;0.024194461;-0.024147379;0.017748768;WT-like;WT-like;subs
2124;G129H;-0.126256513;0.03001901;-0.015773166;0.018742284;WT-like;WT-like;subs
2125;G129P;-0.082465807;0.023904519;-0.045761914;0.017332989;WT-like;WT-like;subs
2126;G129E;-0.065959905;0.028406438;-0.000749152;0.019838534;WT-like;WT-like;subs
2127;G129D;-0.025766963;0.053126332;0.00196672;0.027788724;WT-like;WT-like;subs
2128;G129A;-0.120365723;0.030964036;-0.029210814;0.020858473;WT-like;WT-like;subs
2129;G130K;0.016493896;0.030510874;0.005397963;0.021166019;WT-like;WT-like;subs
2130;G130N;0.065897063;0.026868096;0.015149679;0.021543019;high;WT-like;subs
2131;G130T;-0.014711491;0.023768274;-0.000928899;0.017632576;WT-like;WT-like;subs
2132;G130R;0.039606118;0.052792609;0.03222895;0.035674715;WT-like;WT-like;Negative
2133;G130M;-0.068917493;0.024818013;-0.014695501;0.018577126;WT-like;WT-like;subs
2134;G130I;0.008568393;0.029025716;0.012183998;0.019779544;WT-like;WT-like;subs
2135;G130Q;0.021465871;0.028606473;-0.005574674;0.022439122;WT-like;WT-like;subs
2136;G130H;-0.051321945;0.02593663;-0.025065862;0.021237046;WT-like;WT-like;subs
2137;G130P;-0.021543016;0.023613705;-0.007259898;0.017435005;WT-like;WT-like;subs
2138;G130D;-0.015502949;0.026745232;-0.018090057;0.019246605;WT-like;WT-like;subs
2139;G130A;0.055571103;0.025738306;-0.009114466;0.017944199;high;WT-like;subs
2140;N131K;0.009169091;0.044785683;0.002723671;0.029012708;WT-like;WT-like;VOUS
2141;A145G;-0.282441033;0.048265042;-0.137981045;0.031682596;low;low;subs
2142;T135R;-0.099098958;0.031130767;-0.005301244;0.023582543;WT-like;WT-like;subs
2143;E132K;-0.06711698;0.053396118;-0.004479794;0.033511607;WT-like;WT-like;subs
2144;E132N;-0.024520465;0.028335116;-0.005574516;0.019566078;WT-like;WT-like;subs
2145;E132T;-0.068148743;0.024291196;-0.008970567;0.017239704;WT-like;WT-like;subs
2146;E132R;0.015658616;0.031645845;0.017119092;0.020543437;WT-like;WT-like;subs
2147;E132M;-0.069334384;0.031723501;-0.009810053;0.022901444;WT-like;WT-like;subs
2148;E132I;-0.05966552;0.028053608;-0.022531958;0.019637406;WT-like;WT-like;subs
2149;E132H;-0.083798821;0.026658383;-0.01545676;0.019148118;WT-like;WT-like;subs
2150;E132P;-0.020330972;0.028391732;-0.047721333;0.019037607;WT-like;WT-like;subs
2151;E133N;-0.00808001;0.030708981;-0.013735807;0.022263371;WT-like;WT-like;subs
2152;E133T;-0.062050916;0.025769994;-0.012507472;0.018762321;WT-like;WT-like;subs
2153;E133R;-0.110420005;0.029005726;-0.00882031;0.021509891;WT-like;WT-like;subs
2154;E133M;-0.020997872;0.0249194;-0.024694;0.01895319;WT-like;WT-like;subs
2155;E133I;-0.057961525;0.026608356;-0.024927473;0.019898585;WT-like;WT-like;subs
2156;E133Q;0.010776698;0.04437309;-0.007617799;0.031345686;WT-like;WT-like;subs
2157;E133H;-0.028171247;0.02824628;-0.005239326;0.019114218;WT-like;WT-like;subs
2158;E133P;-0.058830399;0.024987108;-0.011711371;0.017414507;WT-like;WT-like;subs
2159;S134K;-0.164111978;0.030197996;-0.027566877;0.021313226;WT-like;WT-like;subs
2160;S134N;-0.1849979;0.043290633;-0.035518598;0.032437555;WT-like;WT-like;Likely pathogenic
2161;T135N;-0.043170901;0.028072349;-0.034049058;0.021510482;WT-like;WT-like;subs
2162;T137N;-0.030102637;0.028464088;-0.011300183;0.020902929;WT-like;WT-like;subs
2163;G138K;-0.287810387;0.033705109;-0.08417359;0.024058386;low;low;subs
2164;G138N;-0.298294312;0.029797402;-0.089772716;0.024935528;low;low;subs
2165;G138T;-0.262696475;0.029219682;-0.074822593;0.019854438;low;low;subs
2166;G138M;-0.370097557;0.033543621;-0.093970695;0.023203106;low;low;subs
2167;G138I;-0.33404511;0.035613463;-0.113656631;0.025485976;low;low;subs
2168;G138Q;-0.22951706;0.026525043;-0.063581847;0.024843403;low;low;subs
2169;G138H;-0.219675883;0.027466522;-0.085407325;0.01878342;low;low;subs
2170;G138P;-0.257292904;0.02586387;-0.076575993;0.018816994;low;low;subs
2171;G138E;-0.478421488;0.048572695;-0.083184938;0.027951325;low;low;VOUS
2172;G138D;-0.16252188;0.033238627;-0.034898167;0.02223964;WT-like;WT-like;subs
2173;G138A;-0.229671647;0.027265669;-0.082021971;0.019164655;low;low;subs
2174;A140K;-0.185449105;0.029387934;-0.052355198;0.025473646;WT-like;WT-like;subs
2175;A140N;-0.111711127;0.037709175;-0.055604041;0.027758342;WT-like;WT-like;subs
2176;A140R;-0.279511042;0.035127342;-0.088088548;0.025371869;low;low;subs
2177;A140M;-0.068112811;0.031258208;-0.046687621;0.025585421;WT-like;WT-like;subs
2178;A140I;-0.116199197;0.032764535;-0.047904722;0.028100933;WT-like;WT-like;subs
2179;A140Q;-0.055107766;0.028789372;-0.028603693;0.022748106;WT-like;WT-like;subs
2180;A140H;-0.245960363;0.032039171;-0.029585143;0.024644813;low;WT-like;subs
2181;A140P;-0.086816427;0.034797965;-0.005674023;0.024131839;WT-like;WT-like;subs
2182;A140E;-0.087649339;0.028145905;0.004351827;0.021252627;WT-like;WT-like;subs
2183;A140D;-0.102781297;0.044812371;-0.054053804;0.026236079;WT-like;WT-like;subs
2184;R143G;-0.020247735;0.034061685;0.020908795;0.022247686;WT-like;WT-like;Negative
2185;G141K;-0.140335681;0.033515654;-0.030148565;0.023865478;WT-like;WT-like;subs
2186;G141N;-0.076749311;0.031017523;-0.014264803;0.023898369;WT-like;WT-like;subs
2187;G141T;-0.145750547;0.030553458;-0.085228957;0.020746315;WT-like;low;subs
2188;G141R;-0.09759129;0.048553895;-0.043051242;0.030129613;WT-like;WT-like;subs
2189;G141M;-0.187834538;0.032364285;-0.052812466;0.024624627;WT-like;WT-like;subs
2190;G141I;-0.485868536;0.035518478;-0.184873656;0.032172427;low;low;subs
2191;G141Q;-0.092069129;0.029346217;-0.075384053;0.019509328;WT-like;low;subs
2192;G141H;-0.097298513;0.026913172;-0.090778917;0.022542873;WT-like;low;subs
2193;G141P;-0.432910736;0.032971069;-0.125078131;0.021934843;low;low;subs
2194;G141E;-0.077571753;0.031836391;0.02301878;0.025775324;WT-like;WT-like;subs
2195;G141D;-0.070153491;0.03283466;-0.021798239;0.023527645;WT-like;WT-like;subs
2196;G141A;-0.066967069;0.034824503;-0.041008139;0.024213931;WT-like;WT-like;Likely pathogenic
2197;S142K;-0.044842734;0.038810413;0.040359206;0.026863065;WT-like;WT-like;subs
2198;S142T;0.031217348;0.039448149;-0.004313367;0.027610398;WT-like;WT-like;subs
2199;R143K;-0.066237912;0.038176965;-0.006379376;0.027880261;WT-like;WT-like;subs
2200;R143N;-0.162323989;0.038796085;-0.001039362;0.029522255;WT-like;WT-like;subs
2201;R143T;-0.104504152;0.034502573;-0.0019892;0.02177347;WT-like;WT-like;subs
2202;V148E;-0.540249444;0.050349457;-0.25653855;0.029881106;low;low;subs
2203;R143M;-0.050643749;0.035560536;0.011938859;0.02330417;WT-like;WT-like;subs
2204;R143I;-0.016266059;0.033965776;-0.036860586;0.025633316;WT-like;WT-like;subs
2205;R143Q;-0.025130578;0.037488317;0.03666866;0.027327914;WT-like;WT-like;subs
2206;R143P;-0.166649672;0.033466466;0.005371585;0.023824967;WT-like;WT-like;subs
2207;L144N;-0.146784072;0.029125762;-0.027015071;0.021764119;WT-like;WT-like;subs
2208;L144T;-0.075614239;0.028803542;0.009802581;0.019600446;WT-like;WT-like;subs
2209;L144R;-0.127633936;0.027226863;-0.032661102;0.020245362;WT-like;WT-like;subs
2210;L144I;-0.038059484;0.030588512;0.025196746;0.020790062;WT-like;WT-like;subs
2211;L144H;-0.205651239;0.032624972;-0.032157275;0.020996478;low;WT-like;subs
2212;L144P;-0.318499944;0.040008627;-0.093892161;0.026493741;low;low;subs
2213;L144D;-0.232722034;0.03131177;-0.047572555;0.02005118;low;WT-like;subs
2214;L144A;-0.029634378;0.029194019;-0.035779994;0.02214461;WT-like;WT-like;subs
2215;L144G;-0.204838803;0.029649441;0.002954983;0.02040169;low;WT-like;subs
2216;L144V;-0.041640318;0.029794548;0.008860966;0.023275111;WT-like;WT-like;subs
2217;L144Y;-0.195492176;0.035756525;-0.024866389;0.023281733;low;WT-like;subs
2218;L144S;-0.152094793;0.028248503;-0.031582509;0.020467517;WT-like;WT-like;Pathogenic
2219;L144C;-0.090537837;0.029295567;-0.03517745;0.020872192;WT-like;WT-like;subs
2220;A145K;-0.963571462;0.074068125;-0.482044663;0.061402169;Stop-like;low;subs
2221;A145N;-0.787913489;0.059738448;-0.341791613;0.052981261;low;low;subs
2222;A145R;-1.035676329;0.089570653;-0.641316096;0.10208754;Stop-like;low;subs
2223;A145M;-0.495833542;0.034850555;-0.109119218;0.025632956;low;low;subs
2224;A145Q;-0.918119183;0.053512724;-0.361935739;0.061237675;Stop-like;low;subs
2225;A145H;-0.71115481;0.050104989;-0.281535941;0.045955812;low;low;subs
2226;A145P;-0.918875219;0.044379436;-0.464626543;0.039861826;Stop-like;low;subs
2227;A145E;-1.04998398;0.065851498;-0.633751388;0.046863123;Stop-like;low;subs
2228;Q153H;-0.076753464;0.040098197;-0.01205005;0.026521303;WT-like;WT-like;subs
2229;C146K;-0.274461972;0.038233453;-0.0936119;0.03368186;low;low;subs
2230;C146N;-0.350830295;0.041342214;-0.08220325;0.037042187;low;low;subs
2231;C146T;-0.154304093;0.03287314;-0.041038352;0.027895795;WT-like;WT-like;subs
2232;C146R;-0.194541711;0.038958796;-0.070957569;0.047734383;low;WT-like;Likely pathogenic
2233;C146M;-0.197563679;0.035399843;-0.03620734;0.030004411;low;WT-like;subs
2234;C146I;-0.274102207;0.035695838;-0.025493733;0.035961167;low;WT-like;subs
2235;C146Q;-0.187319062;0.034395147;-0.078845657;0.025624363;WT-like;low;subs
2236;C146H;-0.1063907;0.03565094;-0.023741168;0.022719993;WT-like;WT-like;subs
2237;C146P;-1.030743533;0.04580759;-0.605523329;0.041852228;Stop-like;low;subs
2238;C146E;-0.190395299;0.034855601;-0.087238713;0.027492854;low;low;subs
2239;C146D;-0.254307553;0.035119447;-0.093380051;0.022476559;low;low;subs
2240;C146A;-0.032914487;0.033512946;-0.032296747;0.021925591;WT-like;WT-like;subs
2241;C146V;-0.222067975;0.036109731;-0.067855277;0.036225639;low;low;subs
2242;Q153P;-0.08399268;0.028516199;0.017476689;0.022412887;WT-like;WT-like;subs
2243;G147K;-1.03068416;0.053101977;-0.762382822;0.060016434;Stop-like;low;subs
2244;G147N;-0.99509676;0.055599994;-0.740919172;0.056999409;Stop-like;low;subs
2245;G147T;-1.080989567;0.057270938;-0.993043368;0.08786238;Stop-like;Stop-like;subs
2246;G147R;-0.960344081;0.05128099;-0.860099937;0.0666217;Stop-like;low;subs
2247;G147M;-0.993503661;0.047863396;-0.946088716;0.067671017;Stop-like;Stop-like;subs
2248;G147I;-0.963111949;0.04610489;-0.847203661;0.054857114;Stop-like;low;subs
2249;G147Q;-0.975239316;0.043558046;-0.862755921;0.051615192;Stop-like;low;subs
2250;G147H;-0.973726922;0.053301957;-0.772857881;0.048717404;Stop-like;low;subs
2251;G147P;-1.008773229;0.052252535;-0.780935088;0.051883406;Stop-like;low;subs
2252;G147E;-0.971723801;0.050423759;-0.876489815;0.074864015;Stop-like;Stop-like;subs
2253;V148K;-0.388997269;0.042488882;-0.281252546;0.031024796;low;low;subs
2254;V148N;-0.419407778;0.041425295;-0.18843282;0.028084746;low;low;subs
2255;V148T;-0.17055065;0.028067873;-0.099782406;0.021804305;WT-like;low;subs
2256;V148R;-0.411921057;0.038299023;-0.280401316;0.029839056;low;low;subs
2257;V148M;-0.578193279;0.040755645;-0.232920376;0.028872237;low;low;subs
2258;V148I;-0.183257476;0.036869419;-0.003969348;0.027847681;WT-like;WT-like;VOUS
2259;V148Q;-0.465115228;0.040327745;-0.169315168;0.026638844;low;low;subs
2260;V148H;-0.635517239;0.037072292;-0.247914545;0.028740745;low;low;subs
2261;V148P;-0.379020089;0.03257887;-0.161744395;0.023441488;low;low;subs
2262;V148D;-0.765953045;0.039466241;-0.406426189;0.034795322;low;low;subs
2263;V148A;-0.281561656;0.032777655;-0.213359182;0.026175195;low;low;subs
2264;V148G;-0.800062802;0.040975869;-0.364841763;0.029531759;low;low;Pathogenic
2265;I149K;-0.974987265;0.059215827;-0.770714748;0.0547987;Stop-like;low;subs
2266;I149R;-1.04421652;0.054233535;-0.658228899;0.042076863;Stop-like;low;subs
2267;G150K;-0.185137554;0.037691727;-0.224880959;0.027362602;WT-like;low;subs
2268;G150N;-0.347146079;0.035329705;-0.233825708;0.045141985;low;low;subs
2269;G150T;-0.176920863;0.038959407;-0.306219377;0.051163048;WT-like;low;subs
2270;G150R;-0.285178272;0.033330312;-0.233600732;0.033521022;low;low;subs
2271;G150M;-0.406139559;0.034469725;-0.31332901;0.03779325;low;low;subs
2272;G150I;-0.503586417;0.040482945;-0.383628043;0.050226596;low;low;subs
2273;G150Q;-0.304946189;0.033672001;-0.2377436;0.029418159;low;low;subs
2274;G150H;-0.213369771;0.032164867;-0.280222281;0.029020155;low;low;subs
2275;G150P;-0.896033271;0.05216774;-0.642219421;0.044431533;Stop-like;low;subs
2276;G150E;-0.170641318;0.032281467;-0.209608261;0.025365678;WT-like;low;subs
2277;G150D;-0.316884526;0.031969771;-0.27585167;0.031647889;low;low;subs
2278;G150A;-0.330168775;0.035366878;-0.145093529;0.028610743;low;low;subs
2279;I151K;-0.240022082;0.054623116;-0.120525992;0.045513501;low;low;subs
2280;I151N;-0.395180505;0.039418706;-0.077541569;0.024058539;low;low;subs
2281;I151T;-0.217065158;0.027851511;-0.039941488;0.020413576;low;WT-like;Likely pathogenic
2282;I151R;-0.106424734;0.04553659;-0.007867765;0.034406963;WT-like;WT-like;subs
2283;A152T;-0.085270482;0.042732344;-0.050894094;0.032447815;WT-like;WT-like;VOUS
2284;A152R;-0.356495772;0.042618287;-0.02329108;0.028077886;low;WT-like;subs
2285;A152M;-0.274125795;0.037068141;-0.144633265;0.031188404;low;low;subs
2286;A152I;-0.429678646;0.051589934;-0.056411476;0.030730806;low;low;subs
2287;A152Q;-0.117722889;0.045772261;0.005255762;0.036761765;WT-like;WT-like;subs
2288;A152H;-0.379472984;0.04780212;-0.078119466;0.037953672;low;low;subs
2289;A152P;-0.308129519;0.034196191;-0.175216656;0.030444038;low;low;subs
2290;A152E;-0.257161292;0.050835614;-0.071501765;0.035109126;low;low;subs
2291;A152D;-0.329883112;0.03708788;-0.06578068;0.028226398;low;low;subs
2292;Q153N;-0.095172999;0.035621835;0.00833507;0.024579713;WT-like;WT-like;subs
2293;Q153T;-0.103679873;0.028351339;-0.018261912;0.020035339;WT-like;WT-like;subs
2294;Q153R;-0.142878049;0.026413821;-0.002595845;0.021387218;WT-like;WT-like;Negative
2295;Q153M;-0.192481733;0.028627419;-0.039253834;0.021216697;low;WT-like;subs
2296;Q153I;-0.49885976;0.032189316;-0.158886031;0.022712725;low;low;subs
2297;Q153D;0.021114667;0.029925366;0.009358443;0.021748606;WT-like;WT-like;subs
2298;Q153A;-0.062439824;0.021031928;-0.010849851;0.020417759;WT-like;WT-like;subs
2299;Q153G;-0.04587955;0.025970326;0.009377713;0.020094838;WT-like;WT-like;subs
2300;Q153V;-0.444597811;0.033406773;-0.089054235;0.022426349;low;low;subs
2301;Q153Y;-0.309501268;0.036563611;-0.048467761;0.024768452;low;WT-like;subs
2302;Q153S;-0.029324311;0.034854932;0.000851238;0.019317804;WT-like;WT-like;subs
2303;Q153W;-0.333060572;0.033349054;-0.07860439;0.026349734;low;low;subs
2304;Q153C;-0.210035373;0.027934719;-0.044665479;0.019560672;low;WT-like;subs
2305;Q153L;-0.280344755;0.029436821;-0.087562675;0.023285361;low;low;subs
2306;Q153F;-0.416283645;0.039489685;-0.072468679;0.02745356;low;low;subs
2307;A152G;-0.126577177;0.039780158;-0.040012665;0.025408449;WT-like;WT-like;subs
2308;A152V;-0.355018969;0.046669726;0.037458114;0.032670755;low;WT-like;Negative
2309;A152Y;-0.493457832;0.044771857;-0.090862174;0.040938883;low;low;subs
2310;A152S;-0.166654522;0.033356874;-0.071259044;0.035162085;WT-like;low;subs
2311;A152W;-0.670504586;0.036979573;-0.137307245;0.025613036;low;low;subs
2312;A152C;-0.121098308;0.033907903;-0.065874546;0.025125668;WT-like;low;subs
2313;A152L;-0.462351951;0.037900285;-0.067333302;0.030854517;low;low;subs
2314;A152F;-0.734149696;0.055471591;-0.113984126;0.038633673;low;low;subs
2315;I151Q;-0.278241598;0.047390768;-0.03310578;0.035485015;low;WT-like;subs
2316;I151H;-0.034495957;0.032455155;-0.010906407;0.025452134;WT-like;WT-like;subs
2317;I151P;-0.266941112;0.032510026;-0.203071551;0.024708027;low;low;subs
2318;I151E;-0.188791971;0.050513694;-0.178761821;0.038403459;WT-like;low;subs
2319;I151D;-0.47812311;0.039747036;-0.227826124;0.031774166;low;low;subs
2320;I151A;-0.288788791;0.031133979;-0.099153483;0.022022038;low;low;subs
2321;I151G;-0.395303469;0.039625545;-0.180464571;0.025451617;low;low;subs
2322;I151V;-0.158694171;0.039816903;-0.044790489;0.023620321;WT-like;WT-like;subs
2323;I151Y;-0.058391966;0.032086955;-0.020847254;0.024601014;WT-like;WT-like;subs
2324;I151S;-0.337039387;0.030011335;-0.073816884;0.019984191;low;low;Likely pathogenic
2325;I151W;-0.075420655;0.03156319;0.012968873;0.022930634;WT-like;WT-like;subs
2326;I151C;-0.296433812;0.033726092;-0.059096719;0.022346564;low;low;subs
2327;I151L;-0.158969759;0.038039801;0.025750761;0.024444442;WT-like;WT-like;subs
2328;I151F;-0.11197662;0.032296692;-0.02815142;0.035280448;WT-like;WT-like;subs
2329;G150V;-0.3378666;0.036976317;-0.271530302;0.035119117;low;low;subs
2330;G150Y;-0.518606535;0.065563783;-0.397169449;0.088767421;low;low;subs
2331;G150S;-0.23619656;0.032602486;-0.148038777;0.069789074;low;low;subs
2332;G150C;-0.443605637;0.043155765;-0.208201018;0.045390434;low;low;subs
2333;G150L;-0.473143935;0.037691527;-0.2497819;0.031221437;low;low;subs
2334;G150F;-0.582853171;0.043948017;-0.300551881;0.043477953;low;low;subs
2335;I149Q;-0.912017466;0.043048152;-0.635490722;0.039431918;Stop-like;low;subs
2336;I149H;-1.020011431;0.043947416;-0.675478785;0.040395228;Stop-like;low;subs
2337;I149P;-0.972254469;0.044881625;-0.601857055;0.035276105;Stop-like;low;subs
2338;I149E;-0.899081455;0.045811244;-0.67642796;0.045489671;Stop-like;low;subs
2339;I149D;-1.006661597;0.046646413;-0.504642567;0.037134846;Stop-like;low;subs
2340;I149A;-0.977510995;0.044843271;-0.628940688;0.035067895;Stop-like;low;subs
2341;I149G;-1.005077339;0.05714543;-0.6161544;0.034852977;Stop-like;low;subs
2342;I149V;-0.152608303;0.032560782;-0.023807079;0.025396426;WT-like;WT-like;VOUS
2343;I149Y;-0.899629691;0.043002878;-0.740501253;0.063771299;Stop-like;low;subs
2344;I149S;-0.962052721;0.043893813;-0.767642473;0.057043121;Stop-like;low;subs
2345;I149W;-0.999797104;0.049632223;-0.725691481;0.044414531;Stop-like;low;subs
2346;I149C;-0.938642559;0.047521395;-0.563907651;0.034242448;Stop-like;low;subs
2347;I149L;-0.893794009;0.040043778;-0.532910438;0.03720077;Stop-like;low;subs
2348;V148Y;-0.488694186;0.035026758;-0.211357331;0.026123025;low;low;subs
2349;V148S;-0.502365607;0.033381749;-0.181358862;0.026160591;low;low;subs
2350;V148W;-1.024487962;0.049282188;-0.508145366;0.03099047;Stop-like;low;subs
2351;V148C;-0.525395791;0.037830279;-0.195942379;0.028392051;low;low;subs
2352;V148L;-0.39475792;0.032975615;-0.048429577;0.024254808;low;WT-like;subs
2353;V148F;-0.586187775;0.032113383;-0.25175485;0.02742582;low;low;subs
2354;G147Y;-0.974759553;0.050141522;-0.87520752;0.069860208;Stop-like;Stop-like;subs
2355;G147S;-0.949558495;0.046916731;-0.672853374;0.049010198;Stop-like;low;subs
2356;G147W;-0.990096859;0.059100151;-0.867481069;0.076459531;Stop-like;Stop-like;subs
2357;G147L;-1.05335673;0.056795996;-0.918395316;0.107251273;Stop-like;Stop-like;subs
2358;G147F;-0.961419974;0.045998432;-0.96629393;0.128876538;Stop-like;Stop-like;subs
2359;C146L;-0.246201561;0.033035015;-0.054164483;0.027809477;low;WT-like;subs
2360;A145Y;-0.373815336;0.038242004;-0.114677537;0.036631121;low;low;subs
2361;A145W;-0.947992511;0.051489967;-0.272710529;0.046815936;Stop-like;low;subs
2362;A145C;-0.201458325;0.036330389;-0.036290634;0.034413947;low;WT-like;subs
2363;A145L;-0.215352859;0.028302488;-0.060423776;0.032979837;low;low;subs
2364;A145F;-0.563509755;0.036767771;-0.152971119;0.084699185;low;low;subs
2365;L144F;-0.125669437;0.044630101;-0.044896795;0.027969155;WT-like;WT-like;Likely pathogenic
2366;R143E;-0.138059361;0.036428037;0.004929976;0.022473708;WT-like;WT-like;subs
2367;R143D;-0.214682075;0.039716549;-0.026414493;0.024259945;low;WT-like;subs
2368;R143A;-0.065442998;0.032477832;0.012711482;0.02245262;WT-like;WT-like;subs
2369;R143V;0.067968209;0.034956894;-0.026296913;0.024607311;high;WT-like;subs
2370;R143Y;-0.049427454;0.034847408;0.006252957;0.023263879;WT-like;WT-like;subs
2371;R143S;0.034932993;0.028711628;0.005749229;0.023882781;WT-like;WT-like;Negative
2372;R143W;-0.09178772;0.040283717;-0.025371594;0.028201559;WT-like;WT-like;subs
2373;R143L;-0.310862342;0.039779936;-0.027728777;0.024226751;low;WT-like;subs
2374;R143F;-0.377934485;0.035414462;-0.103827318;0.02090437;low;low;subs
2375;S142M;-0.066869778;0.031813715;0.002858191;0.02217635;WT-like;WT-like;subs
2376;S142Q;-0.050652134;0.031798694;0.005825737;0.024928001;WT-like;WT-like;subs
2377;S142H;-0.100200554;0.029529729;0.01177988;0.019421146;WT-like;WT-like;subs
2378;S142P;-0.047332515;0.031711465;-0.017863881;0.021977008;WT-like;WT-like;subs
2379;S142E;-0.055932414;0.031344725;0.034440634;0.020649894;WT-like;WT-like;subs
2380;S142D;-0.088600687;0.033272733;-0.007144919;0.023855242;WT-like;WT-like;subs
2381;S142A;-0.107843491;0.032515117;0.005570308;0.021373145;WT-like;WT-like;subs
2382;S142V;-0.059648384;0.039433244;-0.008980927;0.026948944;WT-like;WT-like;subs
2383;S142Y;-0.234304429;0.03821958;-0.046087803;0.02307274;low;WT-like;subs
2384;A145D;-0.910503791;0.060429739;-0.594482164;0.089978938;Stop-like;low;VOUS
2385;S142W;-0.256506582;0.032120694;-0.05825187;0.019488954;low;low;subs
2386;S142L;-0.066774555;0.033295193;0.005163002;0.019600702;WT-like;WT-like;subs
2387;S142F;-0.128304895;0.031316348;-0.029486372;0.01940673;WT-like;WT-like;subs
2388;C146Y;-0.088032756;0.035250597;0.029388624;0.02381147;WT-like;WT-like;subs
2389;I149M;-1.009491588;0.068124773;-0.652495843;0.052362566;Stop-like;low;VOUS
2390;S142I;-0.22465341;0.03590997;-0.00141653;0.023674687;low;WT-like;subs
2391;G141V;-0.373934906;0.034093911;-0.135432976;0.028262646;low;low;Likely pathogenic
2392;G141Y;-0.321599732;0.031370639;-0.128599281;0.02437051;low;low;subs
2393;G141S;-0.184458662;0.026711907;0.001443055;0.024581755;WT-like;WT-like;subs
2394;G141W;-0.442780149;0.036295903;-0.164274915;0.025906742;low;low;subs
2395;G141C;-0.025294107;0.027979067;-0.055743297;0.023347586;WT-like;low;subs
2396;G141L;-0.232755221;0.027689465;-0.060332934;0.02421675;low;low;subs
2397;G141F;-0.25046399;0.025904178;-0.12219664;0.021888959;low;low;subs
2398;A140G;0.016481206;0.03800062;0.006811488;0.024979404;WT-like;WT-like;Likely pathogenic
2399;A140Y;-0.01332537;0.03227231;-0.033763728;0.026799245;WT-like;WT-like;subs
2400;A140S;-0.025196566;0.031477291;-0.025730979;0.033358786;WT-like;WT-like;subs
2401;A140W;-0.365981865;0.03369896;-0.124849869;0.025354422;low;low;subs
2402;A140C;-0.080727675;0.0343963;-0.041254663;0.023841868;WT-like;WT-like;subs
2403;A140L;-0.114097956;0.033305929;-0.049912185;0.025120584;WT-like;WT-like;subs
2404;A140F;-0.401273555;0.022418929;-0.060955212;0.026542126;low;low;subs
2405;S142N;-0.039758988;0.036382157;-0.005297251;0.028385065;WT-like;WT-like;Negative
2406;G147D;-1.026794561;0.05727166;-0.662917932;0.05769105;Stop-like;low;Likely pathogenic
2407;G150W;-0.807444908;0.072751835;-0.353065518;0.047090204;low;low;subs
2408;A145S;-0.422923366;0.037458292;-0.09114122;0.032058525;low;low;subs
2409;R143C;-0.014428345;0.040194845;-0.001331862;0.022956727;WT-like;WT-like;Negative_filt
2410;N139T;-0.046449538;0.031055062;0.015210873;0.022647097;WT-like;WT-like;subs
2411;N139R;-0.104363528;0.029618754;-0.025346563;0.025667292;WT-like;WT-like;subs
2412;N139M;-0.022836482;0.02654987;-0.027365575;0.019906799;WT-like;WT-like;subs
2413;N139I;-0.198935501;0.029384699;-0.053295198;0.021112722;low;WT-like;subs
2414;N139Q;-0.058144507;0.02908625;-0.027351444;0.020893415;WT-like;WT-like;subs
2415;N139H;-0.113840639;0.02931862;0.007342888;0.020157151;WT-like;WT-like;subs
2416;N139P;-0.322868038;0.03387517;-0.096672499;0.021308656;low;low;subs
2417;N139E;-0.074073571;0.027539072;-0.014731954;0.022182171;WT-like;WT-like;subs
2418;N139D;-0.102134707;0.029668054;0.01335412;0.019603364;WT-like;WT-like;Negative
2419;N139A;-0.085488502;0.031746347;-0.02779318;0.021332484;WT-like;WT-like;subs
2420;N139G;0.00421052;0.030432557;-0.010847987;0.022167962;WT-like;WT-like;subs
2421;N139V;-0.123005839;0.032955934;-0.069857283;0.021852916;WT-like;low;subs
2422;N139Y;-0.179611886;0.027461849;-0.024538137;0.020132749;WT-like;WT-like;subs
2423;N139S;-0.056993656;0.030561225;0.033960735;0.022858338;WT-like;WT-like;subs
2424;N139W;-0.270821091;0.035187299;-0.071372982;0.024950678;low;low;subs
2425;N139C;-0.070333065;0.029720211;-0.068940941;0.02046822;WT-like;low;subs
2426;N139L;-0.053907357;0.030770481;-0.033693739;0.022096103;WT-like;WT-like;subs
2427;N139F;-0.17536797;0.028385747;-0.050936883;0.018779189;WT-like;WT-like;subs
2428;G138V;-0.357698628;0.027836833;-0.075379598;0.019501147;low;low;VOUS
2429;G138Y;-0.32235128;0.034738529;-0.096223574;0.021639585;low;low;subs
2430;G138S;-0.226121404;0.028077699;-0.082821737;0.017573099;low;low;subs
2431;G138W;-0.425437084;0.032680914;-0.142851008;0.024118057;low;low;subs
2432;G138C;-0.324923034;0.029488946;-0.188257549;0.022716566;low;low;subs
2433;G138L;-0.33730001;0.033318851;-0.119479337;0.019233851;low;low;subs
2434;G138F;-0.336682939;0.027669233;-0.101061447;0.020136802;low;low;subs
2435;S142R;-0.097684716;0.034484021;-0.00802412;0.021106781;WT-like;WT-like;subs
2436;L144W;-0.061381169;0.04112415;-0.039202313;0.02650874;WT-like;WT-like;subs
2437;C146F;-0.046078364;0.03670703;-0.008686832;0.034062058;WT-like;WT-like;subs
2438;T137R;-0.178265944;0.037916662;0.011902308;0.039510416;WT-like;WT-like;subs
2439;T137M;-0.109237827;0.028600822;-0.042934636;0.021114188;WT-like;WT-like;subs
2440;T137I;-0.174903511;0.032317225;-0.061629177;0.026456635;WT-like;low;Likely pathogenic
2441;T137Q;-0.136825604;0.028487212;0.018930571;0.017993548;WT-like;WT-like;subs
2442;T137H;-0.053881482;0.028649827;-0.010711336;0.021075326;WT-like;WT-like;subs
2443;T137P;-0.684058311;0.03995694;-0.214308626;0.02393905;low;low;subs
2444;T137E;-0.079268589;0.03053776;-0.001943339;0.022075409;WT-like;WT-like;subs
2445;T137D;-0.035007646;0.025058428;-0.01787013;0.020415838;WT-like;WT-like;subs
2446;T137A;-0.056977919;0.026205695;-0.02912897;0.019618119;WT-like;WT-like;Likely pathogenic
2447;T137G;-0.039855614;0.028608421;-0.014178482;0.020501962;WT-like;WT-like;subs
2448;T137V;-0.066931784;0.026751402;-0.005901853;0.020993253;WT-like;WT-like;subs
2449;T137Y;-0.055246461;0.027459954;-0.037953156;0.020261806;WT-like;WT-like;subs
2450;T137S;-0.050440924;0.027407369;0.006690586;0.018224874;WT-like;WT-like;Negative
2451;T137W;-0.117101315;0.030828984;-0.034125907;0.023650424;WT-like;WT-like;subs
2452;T137C;-0.030649674;0.027113425;-0.058515222;0.018294155;WT-like;low;subs
2453;T137L;-0.049395436;0.027084539;-0.021901987;0.020517684;WT-like;WT-like;subs
2454;T137F;-0.107341428;0.026251276;-0.011084778;0.017755916;WT-like;WT-like;subs
2455;K136N;-0.003076383;0.032076383;0.023222972;0.022271527;WT-like;WT-like;subs
2456;K136T;-0.035433077;0.024912576;-0.021756583;0.019863275;WT-like;WT-like;subs
2457;K136R;-0.004683362;0.02984159;0.028123417;0.020255323;WT-like;WT-like;subs
2458;K136M;-0.073616347;0.03693661;-0.000801723;0.028861404;WT-like;WT-like;subs
2459;K136I;-0.139031739;0.029665692;-7.19E-05;0.019714884;WT-like;WT-like;subs
2460;K136Q;0.026972072;0.025304759;0.013987316;0.021341271;WT-like;WT-like;Negative
2461;K136H;-0.00438523;0.023849226;-0.003092373;0.01810859;WT-like;WT-like;subs
2462;K136P;-0.152190817;0.028405;-0.036657784;0.0188888;WT-like;WT-like;subs
2463;K136E;-0.071374503;0.030355623;-0.01067014;0.020330242;WT-like;WT-like;subs
2464;K136D;0.031844405;0.029702867;0.02529653;0.022500671;WT-like;WT-like;subs
2465;K136A;-0.047511457;0.024503626;-0.011084261;0.019708266;WT-like;WT-like;subs
2466;K136G;-0.069096854;0.028115173;0.005682195;0.018459027;WT-like;WT-like;subs
2467;K136V;-0.058827639;0.028488471;-0.032448855;0.021108793;WT-like;WT-like;subs
2468;K136Y;-0.028236609;0.026022057;-0.0069496;0.01859099;WT-like;WT-like;subs
2469;K136S;-0.05105225;0.024231044;0.010828721;0.017788527;WT-like;WT-like;subs
2470;K136W;-0.021630812;0.027920759;0.003510601;0.019843833;WT-like;WT-like;subs
2471;K136C;-0.153018869;0.025892154;0.013536602;0.024875807;WT-like;WT-like;subs
2472;K136L;-0.135666696;0.029999378;-0.018681809;0.018376197;WT-like;WT-like;subs
2473;K136F;-0.144734435;0.024410594;-0.024561211;0.017307205;WT-like;WT-like;subs
2474;T135M;-0.080246271;0.027224847;0.013153234;0.021550575;WT-like;WT-like;subs
2475;T135I;-0.030346628;0.030171956;-8.40E-05;0.023310612;WT-like;WT-like;subs
2476;T135Q;0.005382684;0.029215954;0.006928672;0.020392632;WT-like;WT-like;subs
2477;T135H;-0.081453409;0.029330382;0.028784573;0.021316587;WT-like;WT-like;subs
2478;T135E;-0.016054288;0.030473419;0.013410612;0.017961959;WT-like;WT-like;subs
2479;T135D;0.023239522;0.026219327;0.000771054;0.018626838;WT-like;WT-like;subs
2480;T135A;-0.020213797;0.026189202;-0.023550487;0.018186815;WT-like;WT-like;subs
2481;T135G;0.022657059;0.027580132;-0.022405382;0.019866966;WT-like;WT-like;subs
2482;T135V;-0.080909844;0.026489971;-0.03158523;0.019629983;WT-like;WT-like;subs
2483;T135Y;-0.020399808;0.026686935;-0.019997704;0.021340654;WT-like;WT-like;subs
2484;T135S;-0.040779253;0.029975512;0.015643384;0.020544117;WT-like;WT-like;subs
2485;T135W;-0.157588831;0.033242479;-0.020611379;0.022616983;WT-like;WT-like;subs
2486;T135C;-0.054997391;0.026471863;-0.041589414;0.019584655;WT-like;WT-like;subs
2487;T135L;-0.010075691;0.027847939;-0.010298222;0.020890203;WT-like;WT-like;subs
2488;T135F;-0.008124324;0.0259778;0.004387369;0.020594121;WT-like;WT-like;subs
2489;S134M;-0.252048786;0.030944036;-0.043593928;0.02123173;low;WT-like;subs
2490;S134I;-0.077860377;0.033390071;-0.029691205;0.025292184;WT-like;WT-like;subs
2491;S134Q;-0.096114061;0.030296197;-0.03916852;0.018554485;WT-like;WT-like;subs
2492;S134H;-0.195798497;0.03150318;-0.050506233;0.02213371;low;WT-like;subs
2493;S134P;-0.181501622;0.025892272;-0.034649221;0.019106072;WT-like;WT-like;subs
2494;S134E;-0.163413092;0.029547803;-0.012859336;0.02077063;WT-like;WT-like;subs
2495;S134D;-0.121167709;0.026383885;-0.034717578;0.019881688;WT-like;WT-like;subs
2496;S134A;-0.071669775;0.02844418;-0.016133644;0.019095223;WT-like;WT-like;subs
2497;S134V;-0.106322066;0.026236551;-0.032002468;0.020168473;WT-like;WT-like;subs
2498;S134Y;-0.141728851;0.029345117;-0.039274178;0.023518364;WT-like;WT-like;subs
2499;S134W;-0.21917763;0.030023232;-0.068755427;0.022456996;low;low;subs
2500;S134L;-0.165471527;0.025301378;-0.063830786;0.019647433;WT-like;low;subs
2501;S134F;-0.155956477;0.025620898;-0.042798549;0.019566155;WT-like;WT-like;subs
2502;E133A;0.028788524;0.027165338;0.012907117;0.019221146;WT-like;WT-like;Likely pathogenic
2503;E133G;-0.023289554;0.026035033;0.028024064;0.019586997;WT-like;WT-like;VOUS
2504;E133V;0.015285684;0.024459774;-0.012506804;0.017917231;WT-like;WT-like;Likely pathogenic
2505;E133Y;-0.116455977;0.027893279;-0.040160608;0.02193492;WT-like;WT-like;subs
2506;E133S;-0.019971502;0.024709944;0.00061477;0.0167008;WT-like;WT-like;subs
2507;E133W;-0.136347108;0.031630142;0.00361526;0.019963795;WT-like;WT-like;subs
2508;E133C;-0.020638605;0.027317771;-0.029425166;0.022307834;WT-like;WT-like;subs
2509;E133L;-0.033674486;0.026252569;-0.016872384;0.01857803;WT-like;WT-like;subs
2510;E133F;-0.090685131;0.026170273;-0.017084933;0.017678614;WT-like;WT-like;subs
2511;E132D;-0.074684672;0.034683431;0.011275381;0.023672471;WT-like;WT-like;subs
2512;E132A;-0.057742093;0.028101839;0.008225448;0.017710274;WT-like;WT-like;subs
2513;E132G;-0.081781816;0.024645444;-0.019503938;0.017914678;WT-like;WT-like;subs
2514;E132V;-0.083231354;0.024696057;-0.027542594;0.018063846;WT-like;WT-like;subs
2515;E132Y;-0.012902558;0.033259906;-0.033078413;0.024754546;WT-like;WT-like;subs
2516;E132S;-0.027103588;0.023545791;-0.025619944;0.017081352;WT-like;WT-like;subs
2517;E132W;-0.117371175;0.029363299;-0.011191891;0.020294148;WT-like;WT-like;subs
2518;E132C;-0.109343319;0.02527885;-0.02687569;0.019426008;WT-like;WT-like;subs
2519;E132L;-0.06154235;0.02326993;-0.012058816;0.017831049;WT-like;WT-like;subs
2520;E132F;-0.053097786;0.025835286;-0.001284775;0.018062383;WT-like;WT-like;subs
2521;N131T;-0.051089351;0.027013806;-0.018503981;0.017486568;WT-like;WT-like;subs
2522;N131R;-0.043043935;0.027458999;-0.032327508;0.020164495;WT-like;WT-like;subs
2523;N131M;-0.019035426;0.030635632;0.011792373;0.023000759;WT-like;WT-like;subs
2524;N131Q;0.082368101;0.026374867;0.014607777;0.017343672;high;WT-like;subs
2525;N131P;-0.060001289;0.024861589;-0.0426112;0.016936837;WT-like;WT-like;subs
2526;N131E;0.023471646;0.027452139;-0.039660003;0.019218781;WT-like;WT-like;subs
2527;N131A;-0.058409705;0.025800361;-0.039637797;0.017692587;WT-like;WT-like;subs
2528;N131G;-0.023104844;0.029688689;-0.028336159;0.019074855;WT-like;WT-like;subs
2529;N131V;-0.017954089;0.025433723;-0.01657322;0.016492969;WT-like;WT-like;subs
2530;N131Y;-0.1142317;0.051412373;-0.021566406;0.028086811;WT-like;WT-like;subs
2531;N131S;-0.068243595;0.024985721;-0.007056719;0.01683218;WT-like;WT-like;Negative_filt
2532;N131W;-0.119299634;0.028425628;-0.016252055;0.021096133;WT-like;WT-like;subs
2533;N131C;-0.061189334;0.026465935;-0.036050388;0.019065846;WT-like;WT-like;subs
2534;N131L;-0.045012743;0.028506395;0.006869831;0.021930703;WT-like;WT-like;subs
2535;N131F;-0.041836594;0.024009993;-0.033628899;0.017671987;WT-like;WT-like;subs
2536;N131I;-0.034028781;0.02960692;0.032324904;0.019801375;WT-like;WT-like;subs
2537;G130V;0.002102594;0.024570605;-0.030171454;0.019304676;WT-like;WT-like;subs
2538;G130Y;-0.026105545;0.028813238;0.010550929;0.019557336;WT-like;WT-like;subs
2539;G130S;-0.012062184;0.02525448;-0.032476845;0.019085347;WT-like;WT-like;subs
2540;G130W;-0.114696149;0.029884454;-0.03333019;0.018764673;WT-like;WT-like;subs
2541;G130C;-0.024052126;0.026151435;0.025940116;0.021321704;WT-like;WT-like;subs
2542;G130L;-0.019502254;0.023841986;-0.001844222;0.017692524;WT-like;WT-like;subs
2543;G130F;-0.078427741;0.025833979;-0.028341396;0.017603588;WT-like;WT-like;subs
2544;G129Y;-0.058775138;0.026624071;-0.006699162;0.018151596;WT-like;WT-like;subs
2545;G129S;-0.007013409;0.025932354;0.006714588;0.017456735;WT-like;WT-like;subs
2546;G129W;-0.16021247;0.029305052;-0.008750316;0.019478081;WT-like;WT-like;subs
2547;G129L;-0.008373389;0.025637772;-0.002590358;0.01925913;WT-like;WT-like;subs
2548;G129F;-0.085854541;0.029426394;-0.006451014;0.023564933;WT-like;WT-like;subs
2549;G129V;0.001984838;0.027024055;0.007670757;0.018661979;WT-like;WT-like;subs
2550;K128T;-0.016955271;0.023478263;-0.001525409;0.017273922;WT-like;WT-like;subs
2551;K128R;-0.10847024;0.053871813;-0.080137106;0.034598484;WT-like;low;subs
2552;K128M;-0.004683234;0.029731739;0.009466985;0.01962753;WT-like;WT-like;subs
2553;K128I;-0.039972192;0.025996511;-0.009454307;0.016709934;WT-like;WT-like;subs
2554;K128Q;0.061564811;0.027162604;-0.020765784;0.017454888;high;WT-like;subs
2555;K128H;-0.028875142;0.027948481;0.031742259;0.020642627;WT-like;WT-like;subs
2556;K128P;-0.33025524;0.027234481;-0.021620028;0.035025132;low;WT-like;subs
2557;K128E;-0.082901131;0.050195316;0.007314993;0.025543464;WT-like;WT-like;Negative
2558;K128D;-0.083790705;0.024701356;-0.021396894;0.016961032;WT-like;WT-like;subs
2559;K128A;-0.04714734;0.028079354;-0.004383703;0.019189671;WT-like;WT-like;subs
2560;K128G;-0.104977353;0.027168098;-0.027124863;0.016941812;WT-like;WT-like;subs
2561;K128V;-0.052455088;0.02575956;-0.032599299;0.017338842;WT-like;WT-like;subs
2562;K128Y;-0.123823995;0.024278328;-0.026118341;0.017737712;WT-like;WT-like;subs
2563;K128S;-0.024988512;0.023206203;-0.033825436;0.016175962;WT-like;WT-like;subs
2564;K128W;-0.127294552;0.027617433;-0.051964242;0.019398032;WT-like;WT-like;subs
2565;K128C;-1.98E-05;0.027854911;-0.021208725;0.017537894;WT-like;WT-like;subs
2566;K128L;-0.034501039;0.027395491;0.004647763;0.019097379;WT-like;WT-like;subs
2567;K128F;-0.103398874;0.024141945;0.002391362;0.016432765;WT-like;WT-like;subs
2568;Q153K;-0.138197312;0.061411813;0.000859352;0.034224045;WT-like;WT-like;subs
2569;I149F;-1.118029225;0.079838735;-0.819159749;0.076667397;Stop-like;low;subs
2570;G147C;-0.821538332;0.056306152;-0.881668278;0.085101245;low;Stop-like;Likely pathogenic
2571;G127V;-0.35726771;0.027360466;-0.165016814;0.020352934;low;low;subs
2572;G127Y;-0.31138146;0.030950576;-0.18948521;0.022569285;low;low;subs
2573;G127S;-0.121531614;0.024092083;-0.061438461;0.018714755;WT-like;low;subs
2574;G127W;-0.479012527;0.029759461;-0.211621388;0.021364671;low;low;subs
2575;G127C;-0.163738832;0.030813669;-0.052906706;0.017886059;WT-like;WT-like;subs
2576;G127L;-0.385963645;0.026849154;-0.178060338;0.018615045;low;low;subs
2577;G127F;-0.320009307;0.028369294;-0.148725388;0.020825359;low;low;subs
2578;E132Q;0.042760869;0.033082405;0.031398681;0.02624909;WT-like;WT-like;subs
2579;G147V;-1.020834241;0.066780601;-1.011832151;0.102408566;Stop-like;Stop-like;subs
2580;S134C;-0.179852412;0.030896272;-0.138585944;0.022394657;WT-like;low;subs
2581;N131H;-0.072078816;0.026301929;1.35E-06;0.020291036;WT-like;WT-like;subs
2582;D125A;-0.248294402;0.025559876;-0.117904786;0.020232899;low;low;VOUS
2583;D125G;-0.335529705;0.026623164;-0.14802718;0.023974273;low;low;subs
2584;D125V;-0.233815565;0.02814674;-0.154170684;0.02054951;low;low;subs
2585;D125Y;-0.36148982;0.030322022;-0.154387791;0.023077711;low;low;VOUS
2586;D125S;-0.256682021;0.026424754;-0.096944194;0.018966152;low;low;subs
2587;D125W;-0.367151259;0.029391712;-0.168709613;0.023334708;low;low;subs
2588;D125C;-0.09370723;0.026531691;-0.069388307;0.02140328;WT-like;low;subs
2589;D125L;-0.114796725;0.027708848;-0.071049505;0.021606776;WT-like;low;subs
2590;D125F;-0.31670196;0.029584942;-0.127843185;0.020760851;low;low;subs
2591;D124G;-0.317410945;0.033583588;-0.176930919;0.028979655;low;low;Likely pathogenic
2592;D124V;-0.35676947;0.0437458;-0.226326883;0.030532766;low;low;Likely pathogenic
2593;D124Y;-0.505711023;0.034900487;-0.174385078;0.0238182;low;low;subs
2594;D124S;-0.256670623;0.026738448;-0.169722407;0.019857957;low;low;subs
2595;D124W;-0.352195689;0.029612959;-0.189801598;0.01984639;low;low;subs
2596;D124C;-0.066776542;0.024388604;-0.064735726;0.020328412;WT-like;low;subs
2597;D124L;-0.352407989;0.029107362;-0.209004165;0.021298438;low;low;subs
2598;D124F;-0.514690309;0.032312591;-0.215081469;0.021580307;low;low;subs
2599;A123G;-0.094356238;0.02739953;-0.030302874;0.017852996;WT-like;WT-like;subs
2600;A123V;-0.000462994;0.029560095;-0.007093218;0.019329383;WT-like;WT-like;subs
2601;A123Y;-0.053884838;0.028657795;-0.044011214;0.018150123;WT-like;WT-like;subs
2602;A123S;-0.038340498;0.026297896;-0.000397101;0.019992292;WT-like;WT-like;subs
2603;A123W;-0.125989114;0.027636001;-0.04119263;0.019023614;WT-like;WT-like;subs
2604;A123C;-0.005394228;0.028452306;-0.018269192;0.020357856;WT-like;WT-like;subs
2605;A123L;0.008151999;0.027158694;0.005542753;0.021061017;WT-like;WT-like;subs
2606;A123F;-0.071784741;0.025519772;-0.040046611;0.019208746;WT-like;WT-like;subs
2607;K122N;0.071320995;0.052750792;-0.013760827;0.041373225;WT-like;WT-like;subs
2608;K122T;0.016483587;0.023792471;-0.01212681;0.016097588;WT-like;WT-like;subs
2609;K122M;0.043375289;0.026545945;-0.015027981;0.019923738;WT-like;WT-like;subs
2610;K122I;0.031464073;0.026994341;0.001189993;0.018647202;WT-like;WT-like;subs
2611;K122Q;-0.047086086;0.038391153;-0.037527466;0.020977824;WT-like;WT-like;subs
2612;K122H;-0.001403876;0.027846697;-0.042487853;0.019944632;WT-like;WT-like;subs
2613;K122P;-0.545533625;0.030556156;-0.211047173;0.02054386;low;low;subs
2614;K122D;0.021656206;0.023396519;-0.021140765;0.018149012;WT-like;WT-like;subs
2615;K122A;-0.027490466;0.025462272;0.010985933;0.016635052;WT-like;WT-like;subs
2616;K122G;-0.069972392;0.024646034;0.003775009;0.017209179;WT-like;WT-like;subs
2617;K122V;0.033424103;0.027556438;-0.02927214;0.019879791;WT-like;WT-like;subs
2618;K122Y;0.010067811;0.025392824;-0.019482916;0.018234014;WT-like;WT-like;subs
2619;K122S;-0.062859038;0.023201369;-0.023326969;0.019174789;WT-like;WT-like;subs
2620;K122W;-0.031236609;0.024570911;0.008227682;0.019249641;WT-like;WT-like;subs
2621;K122C;-0.0517707;0.028622668;0.007945533;0.018430624;WT-like;WT-like;subs
2622;K122L;0.009958047;0.02327167;-0.03015542;0.018299099;WT-like;WT-like;subs
2623;K122F;-0.039593684;0.029300916;-0.030760554;0.020613905;WT-like;WT-like;subs
2624;A145T;-0.256481788;0.046257375;-0.164631778;0.033604466;low;low;Likely pathogenic
2625;C146S;-0.061628263;0.047677976;-0.022205833;0.032303523;WT-like;WT-like;subs
2626;E121A;0.035234607;0.028735999;-0.00156757;0.016891997;WT-like;WT-like;subs
2627;E121G;-0.003333771;0.028300551;0.002350623;0.019429223;WT-like;WT-like;VOUS
2628;E121V;-0.167511342;0.029054225;-0.053000741;0.022022927;WT-like;WT-like;subs
2629;E121Y;-0.072520149;0.027982546;-0.020246959;0.022125299;WT-like;WT-like;subs
2630;E121S;0.032233404;0.027340135;-0.013946956;0.018874458;WT-like;WT-like;subs
2631;E121W;-0.137531427;0.030795765;-0.043919665;0.024212681;WT-like;WT-like;subs
2632;E121C;0.04939419;0.026076877;-0.018810716;0.019448996;high;WT-like;subs
2633;E121L;-0.099728219;0.027203693;-0.034459405;0.022315618;WT-like;WT-like;subs
2634;E121F;-0.042007832;0.02612041;-0.029442148;0.020836232;WT-like;WT-like;subs
2635;H120P;-0.925855052;0.04205991;-0.432672791;0.029525185;Stop-like;low;subs
2636;H120E;-0.07102977;0.031213755;0.010611827;0.021626086;WT-like;WT-like;subs
2637;H120D;-0.053098851;0.034941064;-0.023900232;0.020953778;WT-like;WT-like;subs
2638;H120A;0.016881065;0.033987625;-0.0072214;0.020482998;WT-like;WT-like;subs
2639;H120G;0.038823253;0.029006765;0.012083716;0.019395369;WT-like;WT-like;subs
2640;H120V;-0.089188527;0.029091968;-0.059022687;0.017827638;WT-like;low;subs
2641;H120S;0.079830551;0.027115468;-0.008021956;0.018066734;high;WT-like;subs
2642;H120W;-0.304128262;0.0277088;-0.056015496;0.029524967;low;low;subs
2643;H120C;0.04576862;0.024795377;-0.004585487;0.019199992;high;WT-like;subs
2644;H120L;-0.118191439;0.029744524;-0.026903518;0.030347849;WT-like;WT-like;VOUS
2645;H120F;-0.10258182;0.028784607;-0.067331881;0.029372537;WT-like;low;subs
2646;V119Y;-0.907206835;0.067509334;-0.77848489;0.074725248;Stop-like;low;subs
2647;V119S;-0.983941324;0.042313031;-0.724389625;0.039887833;Stop-like;low;subs
2648;V119W;-1.004784728;0.042604186;-0.764109289;0.043600354;Stop-like;low;subs
2649;V119C;-0.281009432;0.029723592;-0.095720836;0.019673078;low;low;subs
2650;V119L;-0.046298634;0.029920662;-0.036180831;0.020752865;WT-like;WT-like;Likely pathogenic
2651;V119F;-0.79982929;0.038592071;-0.400012007;0.03880483;low;low;subs
2652;V118Y;-0.271488196;0.024547717;-0.186013887;0.020638609;low;low;subs
2653;V118S;0.07813878;0.025851392;-0.013756139;0.016451154;high;WT-like;subs
2654;V118W;-0.38582091;0.02489966;-0.2247778;0.022558162;low;low;subs
2655;V118C;0.01843971;0.02734032;0.022835049;0.018865859;WT-like;WT-like;subs
2656;V118F;-0.245493053;0.025211222;-0.147456992;0.020743991;low;low;subs
2657;L117E;-1.015660069;0.041711269;-0.734565283;0.043919804;Stop-like;low;subs
2658;L117D;-0.967557357;0.041785717;-0.660234627;0.033496469;Stop-like;low;subs
2659;L117A;-0.570769076;0.032732516;-0.182981019;0.02034117;low;low;subs
2660;L117G;-0.969123187;0.042775932;-0.60150796;0.034210018;Stop-like;low;subs
2661;L117V;-0.311859944;0.025306573;-0.083596598;0.020632213;low;low;Likely pathogenic
2662;L117Y;-1.030017494;0.044268943;-0.815951028;0.049288095;Stop-like;low;subs
2663;L117S;-0.885568065;0.041205669;-0.648290603;0.036759479;Stop-like;low;subs
2664;L117W;-1.102054375;0.048610518;-0.832249276;0.052077381;Stop-like;low;subs
2665;L117C;-0.383515491;0.028591669;-0.111360438;0.020491232;low;low;subs
2666;L126W;-0.135100975;0.03208491;-0.017427903;0.020276941;WT-like;WT-like;subs
2667;S134G;-0.091392823;0.034766024;-0.010391389;0.021189427;WT-like;WT-like;subs
2668;K122E;-0.095563666;0.027606796;-0.025286312;0.0201493;WT-like;WT-like;subs
2669;L117F;-0.78035815;0.036850817;-0.408208429;0.027491574;low;low;subs
2670;T116R;-0.402044809;0.047663377;-0.189069636;0.032958897;low;low;subs
2671;T116M;0.011587529;0.028056635;-0.052137101;0.019765291;WT-like;WT-like;subs
2672;T116I;-0.304170621;0.025477655;-0.085860652;0.020787402;low;low;subs
2673;T116Q;-0.098490274;0.026731838;-0.099145271;0.020647606;WT-like;low;subs
2674;T116H;-0.153575882;0.027839708;-0.105161294;0.020449231;WT-like;low;subs
2675;T116P;-0.605019281;0.040930117;-0.279871831;0.029083528;low;low;subs
2676;T116E;-0.299039732;0.026828486;-0.152935845;0.019971807;low;low;subs
2677;T116D;-0.549283957;0.032321382;-0.224720144;0.02226851;low;low;subs
2678;T116A;-0.091675326;0.025636381;-0.038007487;0.021405913;WT-like;WT-like;subs
2679;T116G;-0.354144037;0.032479623;-0.093903758;0.052614872;low;WT-like;subs
2680;T116V;-0.419120366;0.031108805;-0.137385497;0.01977832;low;low;subs
2681;T116Y;-0.221423529;0.025461013;-0.132573093;0.019182151;low;low;subs
2682;T116S;0.022278054;0.02706123;-0.038326507;0.019487556;WT-like;WT-like;subs
2683;T116W;-0.266697804;0.025834013;-0.12762141;0.023376984;low;low;subs
2684;T116C;-0.078786335;0.023892869;-0.031473361;0.017688383;WT-like;WT-like;subs
2685;T116L;-0.12705788;0.02832042;-0.025244163;0.018523227;WT-like;WT-like;subs
2686;T116F;-0.393430238;0.028900542;-0.158440828;0.020660017;low;low;subs
2687;R115E;-0.696657618;0.033806473;-0.461989611;0.030049991;low;low;subs
2688;R115D;-0.888672206;0.039297265;-0.507369485;0.030842429;Stop-like;low;subs
2689;R115A;-0.526911132;0.031239301;-0.26933836;0.022585891;low;low;subs
2690;R115G;-0.647160424;0.033108036;-0.372280939;0.023190043;low;low;Likely pathogenic
2691;R115V;-0.984501604;0.040621024;-0.883668106;0.046367373;Stop-like;Stop-like;subs
2692;R115Y;-0.574956192;0.033772339;-0.212141885;0.021420942;low;low;subs
2693;R115S;-0.469502764;0.032088604;-0.275939283;0.025329915;low;low;subs
2694;R115W;-0.578134223;0.027721469;-0.307152441;0.023217091;low;low;subs
2695;R115C;-0.365528197;0.030645595;-0.220081152;0.024279958;low;low;VOUS
2696;R115L;-0.454546213;0.02807204;-0.264086733;0.019908509;low;low;subs
2697;R115F;-0.914497374;0.046353865;-0.40790098;0.026718744;Stop-like;low;subs
2698;G114V;-1.038882057;0.046969953;-0.890107662;0.049575637;Stop-like;Stop-like;subs
2699;G114Y;-0.9763483;0.040316896;-0.80391158;0.044841243;Stop-like;low;subs
2700;G114S;-0.958039069;0.042309796;-0.560630441;0.032503158;Stop-like;low;VOUS
2701;G114W;-0.918241483;0.043475377;-0.844404215;0.056427489;Stop-like;low;subs
2702;G114C;-0.983542278;0.045642741;-0.765484263;0.042727363;Stop-like;low;subs
2703;G114L;-1.019361999;0.046107215;-0.884871929;0.070716752;Stop-like;Stop-like;subs
2704;G114F;-0.938539533;0.040968386;-0.853693364;0.044135634;Stop-like;low;subs
2705;I113Q;-0.915814514;0.039153142;-0.432748724;0.027783378;Stop-like;low;subs
2706;I113H;-0.980165183;0.042702981;-0.536556887;0.027563167;Stop-like;low;subs
2707;I113P;-1.067412766;0.054530983;-0.695350925;0.042830822;Stop-like;low;subs
2708;I113E;-0.961361088;0.046437151;-0.574399443;0.032480593;Stop-like;low;subs
2709;I113D;-0.997405099;0.041457335;-0.573025608;0.032594862;Stop-like;low;subs
2710;I113A;-0.774009297;0.039807631;-0.312740115;0.024865989;low;low;subs
2711;I113G;-0.929219344;0.046277871;-0.533979427;0.033090367;Stop-like;low;subs
2712;I113V;-0.097594037;0.050860299;-0.058989194;0.030788644;WT-like;low;subs
2713;I113Y;-0.843420904;0.03508135;-0.350694219;0.025165603;low;low;subs
2714;I113S;-0.900043872;0.044703385;-0.385651877;0.027613256;Stop-like;low;subs
2715;I113W;-0.962348894;0.042895052;-0.607094549;0.03289709;Stop-like;low;subs
2716;I113C;-0.713148797;0.034803914;-0.279053216;0.023859771;low;low;subs
2717;I113L;-0.121081758;0.029387532;-0.023147191;0.018472066;WT-like;WT-like;subs
2718;I113F;-0.609697072;0.039261988;-0.237939296;0.021782145;low;low;subs
2719;I112Q;-0.941782619;0.043639295;-0.719739079;0.042575227;Stop-like;low;subs
2720;I112H;-1.060954585;0.044798655;-0.7002977;0.036193618;Stop-like;low;subs
2721;I112P;-0.859234007;0.043057143;-0.576396225;0.033260706;low;low;subs
2722;I112E;-0.981586306;0.04688692;-0.637447925;0.040933148;Stop-like;low;subs
2723;I112D;-0.982738737;0.044300017;-0.612224138;0.032663146;Stop-like;low;subs
2724;I112A;-0.759016755;0.035682962;-0.351909086;0.032488178;low;low;subs
2725;I112G;-0.969771022;0.040785522;-0.706143404;0.039054282;Stop-like;low;subs
2726;I112V;-0.088682263;0.028201815;-0.030510808;0.019307111;WT-like;WT-like;subs
2727;I112Y;-0.989132278;0.04231454;-0.700476368;0.049352953;Stop-like;low;subs
2728;I112S;-1.076450705;0.048695567;-0.581313855;0.041299186;Stop-like;low;subs
2729;I112W;-1.076124729;0.045670863;-0.760943165;0.039627717;Stop-like;low;subs
2730;I112C;-0.443160826;0.034033058;-0.149463811;0.023473362;low;low;subs
2731;I112L;-0.344120587;0.029807686;-0.10422046;0.023885049;low;low;subs
2732;I112F;-0.963540203;0.047515457;-0.747933821;0.043101533;Stop-like;low;subs
2733;C111W;-1.009718165;0.05663035;-0.552680407;0.032629504;Stop-like;low;subs
2734;I113N;-0.928632789;0.040673287;-0.493857862;0.031647563;Stop-like;low;subs
2735;S134R;-0.107047131;0.042390538;-0.02748972;0.030574139;WT-like;WT-like;Negative
2736;T135K;-0.116954615;0.049111393;-0.050980266;0.031974489;WT-like;WT-like;subs
2737;E133D;-0.053148878;0.035338992;-0.032860122;0.024426281;WT-like;WT-like;Negative
2738;G129C;-0.081943109;0.034872128;-0.039001925;0.025044076;WT-like;WT-like;subs
2739;K128N;0.034633673;0.038273816;-0.024323421;0.02343937;WT-like;WT-like;subs
2740;L126F;-0.046067914;0.033327629;-0.001544157;0.021653158;WT-like;WT-like;subs
2741;K122R;0.002744223;0.036480874;-0.031938692;0.022601464;WT-like;WT-like;subs
2742;E121D;0.010154896;0.034783055;-0.035024945;0.021818012;WT-like;WT-like;subs
2743;C111L;-0.905751781;0.04812383;-0.455129897;0.034421993;Stop-like;low;subs
2744;C111F;-0.9466412;0.041207068;-0.535295831;0.032455621;Stop-like;low;subs
2745;H110P;-0.342813865;0.028840274;-0.098958367;0.019283917;low;low;subs
2746;H110E;-0.187535302;0.026550509;-0.049070583;0.019958846;WT-like;WT-like;subs
2747;H110D;0.038598834;0.030435304;-0.032871905;0.023263503;WT-like;WT-like;Negative
2748;H110A;-0.033023459;0.028679548;-0.016769475;0.020978307;WT-like;WT-like;subs
2749;H110G;-0.251449371;0.026882025;-0.058411565;0.019926837;low;low;subs
2750;H110V;-0.540495382;0.029728476;-0.175524023;0.021549882;low;low;subs
2751;H110S;-0.071418449;0.026772599;-0.045943193;0.018652291;WT-like;WT-like;subs
2752;H110W;-0.419039925;0.028857823;-0.13741012;0.019360671;low;low;subs
2753;H110C;-0.112596974;0.027458809;-0.047943321;0.019995308;WT-like;WT-like;subs
2754;H110L;-0.207277338;0.026482979;-0.080521737;0.019223239;low;low;subs
2755;H110F;-0.180690305;0.027441193;-0.057792228;0.018969714;WT-like;low;subs
2756;D109A;-0.067665532;0.029049561;-0.073035365;0.021535522;WT-like;low;subs
2757;D109G;-0.164983792;0.028792262;-0.042077563;0.020964087;WT-like;WT-like;subs
2758;D109V;-0.051066651;0.027583983;-0.005483257;0.018978928;WT-like;WT-like;subs
2759;D109Y;-0.229268851;0.025245436;-0.054787362;0.055933857;low;WT-like;VOUS
2760;D109S;-0.072843923;0.023923152;-0.079404732;0.054245797;WT-like;WT-like;subs
2761;D109W;-0.416412085;0.031402815;-0.046349027;0.046254314;low;WT-like;subs
2762;D109C;-0.159162661;0.024459752;-0.068818333;0.023548095;WT-like;low;subs
2763;D109L;-0.087174742;0.026826355;-0.037935362;0.042546706;WT-like;WT-like;subs
2764;D109F;-0.250102219;0.025439967;-0.07262797;0.038635788;low;low;subs
2765;G108V;-1.03286674;0.04698804;-0.645818131;0.049296082;Stop-like;low;subs
2766;G108Y;-1.024005032;0.047890414;-0.519462884;0.045281299;Stop-like;low;subs
2767;G108S;-0.643237753;0.031167794;-0.228162154;0.019554941;low;low;subs
2768;G108W;-0.895347027;0.041853274;-0.56978006;0.034616961;Stop-like;low;subs
2769;G108C;-1.009511669;0.047255978;-0.461866628;0.028207854;Stop-like;low;subs
2770;G108L;-0.87247182;0.044504571;-0.471969222;0.031354158;low;low;subs
2771;G108F;-0.857596527;0.040937644;-0.520537508;0.025166703;low;low;subs
2772;H110Q;-0.122219783;0.029147897;-0.073877177;0.019376223;WT-like;low;subs
2773;I113T;-0.621850969;0.040883422;-0.220896829;0.025883026;low;low;Pathogenic
2774;I149T;-1.017651727;0.090670244;-0.520102021;0.06260324;Stop-like;low;Pathogenic
2775;S142C;-0.160369539;0.061250762;-0.006464359;0.033017759;WT-like;WT-like;subs
2776;H120Y;0.029681556;0.03481037;-0.06386553;0.023521139;WT-like;low;subs
2777;S107W;-0.213526173;0.029493431;-0.04479365;0.018865192;low;WT-like;subs
2778;S107C;-0.122430657;0.026231442;-0.037859085;0.018654803;WT-like;WT-like;subs
2779;S107L;-0.263898775;0.028309956;-0.094802318;0.020872743;low;low;subs
2780;S107F;-0.201079899;0.029776596;-0.033432062;0.020401552;low;WT-like;subs
2781;L106E;-1.094351225;0.045083677;-0.834292592;0.078314825;Stop-like;low;subs
2782;L106D;-1.005830811;0.043708947;-0.722730962;0.039201882;Stop-like;low;subs
2783;L106A;-0.984304676;0.044689666;-0.746338473;0.041958239;Stop-like;low;subs
2784;L106G;-0.970724417;0.046395101;-0.654286388;0.037742386;Stop-like;low;subs
2785;L106V;-0.917745658;0.047397255;-0.458098432;0.026985013;Stop-like;low;Pathogenic
2786;L106Y;-1.034328263;0.05741348;-0.853802938;0.05530043;Stop-like;low;subs
2787;L106S;-1.008759537;0.046556328;-0.819763879;0.043227446;Stop-like;low;subs
2788;L106W;-1.072023173;0.05386768;-0.791094697;0.043950368;Stop-like;low;subs
2789;L106C;-0.89791711;0.040337394;-0.484562468;0.029988963;Stop-like;low;subs
2790;L106F;-0.655403615;0.037036053;-0.226064502;0.021751478;low;low;Likely pathogenic
2791;V118M;-0.157649082;0.035586998;-0.07240072;0.023914785;WT-like;low;subs
2792;S105W;-1.031547345;0.047381547;-0.863067875;0.064836911;Stop-like;low;subs
2793;S105C;-0.693753104;0.040738337;-0.172197502;0.023956839;low;low;subs
2794;S105L;-0.991836901;0.044472776;-0.770116053;0.04042271;Stop-like;low;VOUS
2795;S105F;-0.964762419;0.043681181;-0.775843731;0.041538413;Stop-like;low;subs
2796;I104M;-0.348302545;0.04010671;-0.146036419;0.02517781;low;low;subs
2797;A140T;0.047895479;0.053122549;-0.027634655;0.025786343;WT-like;WT-like;Negative
2798;T135P;-0.083604168;0.041750157;0.006252227;0.026185807;WT-like;WT-like;subs
2799;I104Q;-1.046061713;0.03626643;-0.646709537;0.031841958;Stop-like;low;subs
2800;I104H;-0.869600062;0.035349808;-0.404683045;0.024265074;low;low;subs
2801;I104P;-0.954000229;0.043380381;-0.580662662;0.035601282;Stop-like;low;subs
2802;I104E;-1.017196258;0.039927461;-0.646293957;0.036940406;Stop-like;low;subs
2803;I104D;-1.018689269;0.041223503;-0.682605822;0.035269577;Stop-like;low;subs
2804;I104A;-0.637179183;0.027920248;-0.22705735;0.021975943;low;low;subs
2805;I104G;-1.05026921;0.04453308;-0.587012878;0.031921213;Stop-like;low;subs
2806;I104V;-0.219336321;0.028525788;-0.052313036;0.021313223;low;WT-like;Negative
2807;I104Y;-0.8331104;0.039607234;-0.502465999;0.033140716;low;low;subs
2808;I104S;-0.909282927;0.037814965;-0.425094297;0.030302425;Stop-like;low;subs
2809;I104W;-0.733621315;0.03113555;-0.460317739;0.029492889;low;low;subs
2810;I104C;-0.421280519;0.031795686;-0.131690308;0.023397394;low;low;subs
2811;I104L;-0.177676173;0.027558031;-0.066799844;0.017246194;WT-like;low;subs
2812;I104F;-0.70090917;0.036890415;-0.311754433;0.024222611;low;low;VOUS
2813;A123P;-0.022980297;0.031200764;-0.016468191;0.022614025;WT-like;WT-like;subs
2814;D124H;-0.44934406;0.035253355;-0.183094093;0.023257039;low;low;subs
2815;G130E;0.01963788;0.042230623;0.008957465;0.026801537;WT-like;WT-like;Negative_filt
2816;E133K;-0.092707702;0.050280833;-0.007984924;0.032647586;WT-like;WT-like;VOUS
2817;S134T;0.044786664;0.044102881;0.007109191;0.04086373;WT-like;WT-like;Likely pathogenic
2818;T137K;-0.205334419;0.050853587;0.002210707;0.034694614;low;WT-like;subs
2819;G138R;-0.276937036;0.050473787;-0.078970368;0.032677549;low;low;subs
2820;N139K;-0.034727942;0.053248271;-0.062691949;0.035671271;WT-like;WT-like;Likely pathogenic
2821;L144M;-0.063133267;0.0631997;-0.05226694;0.044839539;WT-like;WT-like;subs
2822;N131D;-0.040191461;0.044899634;-0.013853239;0.024084488;WT-like;WT-like;subs
2823;I112M;-0.743656519;0.042982845;-0.362698877;0.027053818;low;low;subs
2824;I112I;-0.005028631;0.031248981;0.012242152;0.020218685;WT-like;WT-like;Synonymous
2825;I113I;0.010639243;0.030247922;0.013789812;0.020284191;WT-like;WT-like;Synonymous
2826;C146C;-0.01338082;0.0488057;-0.050960675;0.035229199;WT-like;WT-like;Synonymous
2827;R115R;0.010124714;0.017931881;-0.004714831;0.013204502;WT-like;WT-like;Synonymous
2828;V119V;-0.054944427;0.028398075;-0.029092854;0.020203829;WT-like;WT-like;Synonymous
2829;D124D;-0.081108338;0.032367809;-0.010942298;0.022879606;WT-like;WT-like;Synonymous
2830;Q153Q;-0.197608973;0.063481365;-0.090586937;0.041256829;low;low;Synonymous
2831;K136K;-0.049942518;0.028830824;0.00274425;0.021891663;WT-like;WT-like;Synonymous
2832;N131N;-0.094869944;0.036408967;0.004939749;0.03280682;WT-like;WT-like;Synonymous
2833;E133E;-0.045285326;0.025832727;-0.033825931;0.019204322;WT-like;WT-like;Synonymous
2834;A140A;-0.054926163;0.04789313;-0.021149821;0.028245634;WT-like;WT-like;Synonymous
2835;G150G;-0.051984631;0.033430555;-0.022320435;0.027273566;WT-like;WT-like;Synonymous
2836;V148V;-0.124076807;0.02812712;0.032496958;0.026809918;WT-like;WT-like;Synonymous
2837;I151I;-0.101827312;0.039174695;-0.021316714;0.03689549;WT-like;WT-like;Synonymous
2838;L144L;-0.067066543;0.0367267;-0.013389949;0.025494021;WT-like;WT-like;Synonymous
2839;G147G;-0.089562032;0.034611733;-0.03207532;0.023455085;WT-like;WT-like;Synonymous
2840;G141G;-0.079017239;0.042182938;-0.026909895;0.027017627;WT-like;WT-like;Synonymous
2841;T137T;-0.192226506;0.036293171;-0.046634077;0.030624063;low;WT-like;Synonymous
2842;N139N;0.056513938;0.042395096;0.002495622;0.026240487;WT-like;WT-like;Synonymous
2843;D125D;-0.042940277;0.033220615;0.00402676;0.021118091;WT-like;WT-like;Synonymous
2844;T135T;-0.017993569;0.03132274;0.037778376;0.026156111;WT-like;WT-like;Synonymous
2845;V118V;-0.249067177;0.059956973;-0.001195657;0.028042371;low;WT-like;Synonymous
2846;E121E;-0.043761036;0.027351582;-0.015064166;0.017270644;WT-like;WT-like;Synonymous
2847;T116T;-0.0622496;0.03761717;0.001211103;0.023245946;WT-like;WT-like;Synonymous
2848;G129G;-0.082447342;0.042705363;-0.006464407;0.025199948;WT-like;WT-like;Synonymous
2849;C111C;-0.017755228;0.049358403;-0.000306755;0.027989458;WT-like;WT-like;Synonymous
2850;G127G;-0.125909017;0.040495742;-0.055763894;0.023027336;WT-like;low;Synonymous
2851;D101D;-0.052070898;0.049404167;-0.011174771;0.023342242;WT-like;WT-like;Synonymous
2852;D52D;-0.000863032;0.046162071;0.02930228;0.015032767;WT-like;high;Synonymous
2853;D101C;-0.092628067;0.04481317;-0.077224022;0.024460577;WT-like;low;subs
2854;D101E;-0.406269093;0.054249684;-0.120945377;0.032640879;low;low;subs
2855;D101F;-0.784651523;0.046772496;-0.438143994;0.029859194;low;low;subs
2856;D101G;-0.690130783;0.079769755;-0.303777264;0.03515552;low;low;subs
2857;D101H;-0.317364672;0.047548812;-0.217022255;0.031280581;low;low;Likely pathogenic
2858;D101I;-0.389126202;0.043964706;-0.212846287;0.026356562;low;low;subs
2859;D101K;-0.620164098;0.048976961;-0.313623365;0.035390087;low;low;subs
2860;D101L;-0.157721905;0.033010101;-0.183074236;0.02572945;WT-like;low;subs
2861;D101M;-0.381405922;0.04077345;-0.23661727;0.028484236;low;low;subs
2862;D101N;0.055047902;0.066996679;-0.02459941;0.033545015;WT-like;WT-like;Likely pathogenic
2863;D101P;-0.815968472;0.048645305;-0.615202598;0.037641344;low;low;subs
2864;D101Q;-0.471846268;0.038174099;-0.186357932;0.025338297;low;low;subs
2865;D101R;-0.596968697;0.057840212;-0.339878054;0.03243213;low;low;subs
2866;D101S;-0.056728597;0.03522007;-0.114960446;0.024139458;WT-like;low;subs
2867;D101T;-0.124592231;0.03815758;-0.189667442;0.024641634;WT-like;low;subs
2868;D101V;-0.226710297;0.059509394;-0.107142042;0.030110284;low;low;subs
2869;D101W;-0.9808936;0.075415692;-0.788542961;0.05543379;Stop-like;low;subs
2870;D101Y;-0.769682337;0.066800556;-0.41668963;0.037012708;low;low;subs
2871;D52A;-0.122251576;0.02455114;-0.117785192;0.016696981;WT-like;low;subs
2872;D52C;-0.095117986;0.023572064;-0.076213699;0.018287096;WT-like;low;subs
2873;D52D;0.101610993;0.02418586;0.02930228;0.015032767;high;high;Synonymous
2874;D52E;-0.005988428;0.023902464;-0.110521861;0.016431137;WT-like;low;subs
2875;D52F;-0.056905143;0.025196291;-0.217443894;0.024466676;WT-like;low;subs
2876;D52G;-0.052106413;0.021306797;-0.087697916;0.015229683;WT-like;low;subs
2877;D52H;-0.026998078;0.02652827;-0.077678803;0.018828472;WT-like;low;subs
2878;D52I;-0.037515909;0.030345227;-0.064653569;0.035164939;WT-like;low;subs
2879;D52K;-0.138828935;0.036081983;-0.122861877;0.025431812;WT-like;low;subs
2880;D52L;-0.060409076;0.024478909;-0.113611525;0.019807367;WT-like;low;subs
2881;D52M;-0.034164935;0.023843105;-0.09401648;0.019235679;WT-like;low;subs
2882;D52N;0.234937831;0.042425411;0.080370379;0.028951038;high;high;subs
2883;D52P;-0.108588532;0.025213388;-0.105639306;0.018776404;WT-like;low;subs
2884;D52Q;-0.031126336;0.024999158;-0.130350897;0.019202978;WT-like;low;subs
2885;D52R;-0.12782731;0.033009669;-0.13232141;0.025621577;WT-like;low;subs
2886;D52S;-0.050370947;0.022084348;-0.117923144;0.019690813;WT-like;low;subs
2887;D52T;-0.045853098;0.024459262;-0.091424987;0.017157383;WT-like;low;subs
2888;D52V;0.004076206;0.026567308;-0.027258711;0.02870339;WT-like;WT-like;subs
2889;D52W;-0.022968229;0.021776999;-0.129663928;0.021923391;WT-like;low;subs
2890;D52Y;-0.035344943;0.035979988;-0.061867785;0.038755399;WT-like;WT-like;subs
2891;G51G;0.062778412;0.043071943;-0.022000586;0.024688443;WT-like;WT-like;Synonymous
2892;G51A;0.105973415;0.018893338;-0.004838028;0.018874388;high;WT-like;subs
2893;G51C;0.038306073;0.025596758;-0.055673974;0.01999905;WT-like;low;subs
2894;G51D;-0.060689071;0.023253693;-0.152530766;0.019301284;WT-like;low;subs
2895;G51E;-0.024439378;0.039328214;-0.099359951;0.045975991;WT-like;low;subs
2896;G51F;0.080206364;0.027486464;-0.013831149;0.020357023;high;WT-like;subs
2897;G51G;0.045287245;0.026271652;-0.022000586;0.024688443;WT-like;WT-like;Synonymous
2898;G51H;0.068212697;0.023381679;-0.052212912;0.016252198;high;WT-like;subs
2899;G51I;-0.023237274;0.030339992;-0.042278704;0.02997082;WT-like;WT-like;subs
2900;G51K;-0.154475294;0.047525976;-0.116653116;0.039153963;WT-like;low;subs
2901;G51L;-0.007046481;0.022557429;-0.026824232;0.017143773;WT-like;WT-like;subs
2902;G51M;0.051897062;0.021112108;-0.038118609;0.022092151;high;WT-like;subs
2903;G51N;0.005504633;0.031146173;-0.057071087;0.023733783;WT-like;low;subs
2904;G51P;-0.135613262;0.026400485;-0.16143361;0.020350677;WT-like;low;subs
2905;G51Q;0.011471816;0.035046356;-0.076077706;0.022005817;WT-like;low;subs
2906;G51R;-0.161641398;0.029277214;-0.12806247;0.016126007;WT-like;low;subs
2907;G51S;0.040881779;0.023683338;-0.013515934;0.013957855;WT-like;WT-like;subs
2908;G51T;0.036342933;0.024939649;-0.073564819;0.024840392;WT-like;low;subs
2909;G51V;0.064838704;0.023111164;-0.040654351;0.045679384;high;WT-like;subs
2910;G51W;0.027176059;0.019724244;-0.073582108;0.01308645;WT-like;low;subs
2911;G51Y;0.009432326;0.042017184;-0.02207218;0.02382077;WT-like;WT-like;subs
2912;N53A;0.032784791;0.019800245;-0.041900087;0.014195006;WT-like;WT-like;subs
2913;N53C;-0.074847486;0.029236609;-0.064781181;0.019629356;WT-like;low;subs
2914;N53D;-0.052127136;0.02476593;-0.032620442;0.017481469;WT-like;WT-like;subs
2915;N53E;0.078062411;0.025597839;0.008264888;0.017002458;high;WT-like;subs
2916;N53F;-0.003487874;0.023452622;-0.021488735;0.019171128;WT-like;WT-like;subs
2917;N53G;-0.179860425;0.067258195;-0.059915775;0.031571287;WT-like;low;subs
2918;N53H;0.071160734;0.021660492;-0.001551793;0.020086485;high;WT-like;subs
2919;N53I;0.064553248;0.029442396;-0.04435245;0.019849952;high;WT-like;subs
2920;N53K;-0.069086241;0.032667548;-0.027017745;0.018479981;WT-like;WT-like;subs
2921;N53L;0.1267293;0.019474679;-0.035035746;0.016933072;high;WT-like;subs
2922;N53M;0.116078987;0.018846485;-0.036768705;0.016172637;high;WT-like;subs
2923;N53N;0.122889739;0.021372178;-0.002381516;0.015659343;high;WT-like;Synonymous
2924;N53P;0.067226978;0.019293353;-0.038283821;0.014788993;high;WT-like;subs
2925;N53Q;0.116446263;0.019379937;0.005167919;0.016395891;high;WT-like;subs
2926;N53R;0.06161107;0.021875593;-0.048338441;0.015199754;high;WT-like;subs
2927;N53S;0.041972727;0.019673365;-0.021192327;0.016442719;high;WT-like;subs
2928;N53T;0.024188989;0.021451079;-0.02980486;0.017777313;WT-like;WT-like;subs
2929;N53V;0.059119914;0.02277592;-0.0671987;0.020066969;high;low;subs
2930;N53W;0.010879168;0.020045361;-0.098423887;0.015748777;WT-like;low;subs
2931;N53Y;0.018142532;0.021394301;0.015588049;0.017443585;WT-like;WT-like;subs
2932;S102S;-0.152797211;0.058464379;0.004124324;0.033046535;WT-like;WT-like;Synonymous
2933;S102A;0.006990835;0.080936708;0.042307664;0.030039785;WT-like;WT-like;subs
2934;S102C;0.000141146;0.057980692;0.01930541;0.037964878;WT-like;WT-like;subs
2935;S102D;0.025542677;0.045749211;0.030230299;0.028583237;WT-like;WT-like;subs
2936;S102E;-0.01905063;0.05170382;-0.008296961;0.032195986;WT-like;WT-like;subs
2937;S102F;-0.127642726;0.05773998;-0.064611762;0.027332061;WT-like;low;Negative
2938;S102G;-0.015979764;0.050518313;-0.03992712;0.02247125;WT-like;WT-like;subs
2939;S102H;-0.117389104;0.037815227;-0.034411516;0.025578526;WT-like;WT-like;subs
2940;S102I;-0.374773587;0.041544212;-0.140242469;0.027249888;low;low;subs
2941;S102K;-0.002654813;0.05090834;-0.014359986;0.027893962;WT-like;WT-like;subs
2942;S102L;-0.294797897;0.045148134;-0.102151535;0.030276026;low;low;subs
2943;S102M;-0.148953332;0.046909849;-0.040130529;0.025497014;WT-like;WT-like;subs
2944;S102N;0.05807202;0.03892977;-0.001659647;0.026510705;WT-like;WT-like;subs
2945;S102P;-0.094356802;0.034921377;-0.035065891;0.025771572;WT-like;WT-like;subs
2946;S102Q;-0.038372578;0.05836315;-0.008169943;0.026263587;WT-like;WT-like;subs
2947;S102R;-0.092396334;0.047527031;-0.019173822;0.030646401;WT-like;WT-like;subs
2948;S102T;-0.025186336;0.069920479;0.014642656;0.036154662;WT-like;WT-like;subs
2949;S102V;-0.197934385;0.055626234;-0.089474786;0.024159918;low;low;subs
2950;S102W;-0.106347082;0.045501756;-0.029041339;0.026714436;WT-like;WT-like;subs
2951;S102Y;-0.139605936;0.047751472;-0.023018705;0.032099505;WT-like;WT-like;subs
2952;V103V;0.084347244;0.061261266;0.058641804;0.026051378;WT-like;high;Synonymous
2953;V103A;-0.007012923;0.038782712;-0.009240572;0.022050439;WT-like;WT-like;subs
2954;V103C;0.026029439;0.047689771;0.032574902;0.025049822;WT-like;WT-like;subs
2955;V103D;-0.113838581;0.054063822;-0.006479705;0.026141705;WT-like;WT-like;subs
2956;V103E;-0.04408201;0.034217602;0.028756684;0.025371974;WT-like;WT-like;subs
2957;V103F;-0.078382141;0.043109488;0.035384375;0.025701356;WT-like;WT-like;subs
2958;V103G;-0.000454813;0.066657817;0.048013285;0.026052707;WT-like;high;subs
2959;V103H;0.015902016;0.04212637;0.024587632;0.023719025;WT-like;WT-like;subs
2960;V103I;-0.089786975;0.043056199;-0.018398021;0.025681789;WT-like;WT-like;subs
2961;V103K;-0.09885019;0.053602727;0.007047629;0.03464274;WT-like;WT-like;subs
2962;V103L;-0.011761332;0.046054946;-0.062723222;0.02868973;WT-like;low;subs
2963;V103M;0.055638929;0.053155616;-0.039126927;0.036363686;WT-like;WT-like;subs
2964;V103N;-0.031654679;0.054620909;0.004589708;0.030472425;WT-like;WT-like;subs
2965;V103P;-0.291141509;0.04955744;-0.207129338;0.03185631;low;low;subs
2966;V103Q;0.176276335;0.063074344;0.005805722;0.02970733;high;WT-like;subs
2967;V103R;-0.057934729;0.049204614;0.039524513;0.028474863;WT-like;WT-like;subs
2968;V103S;0.050708759;0.040876096;-0.004032443;0.030369164;WT-like;WT-like;subs
2969;V103T;-0.057935805;0.04055828;-0.043561164;0.023751485;WT-like;WT-like;subs
2970;V103W;-0.013483457;0.035313863;0.011775628;0.026098131;WT-like;WT-like;subs
2971;V103Y;-0.019396173;0.057757734;-0.006893216;0.03011394;WT-like;WT-like;subs
